class,group_id,copy_id,semantic_name,group_size,source_rows,EN
HIGH_CONFIDENCE_MERGED,H0001,cp_01M3NX202AEQPSXFEP7G4JDTW7,mutualfund/buy/pagetitle/title,2,INVESTMENT:606;INVESTMENT:615,Buy {mutual_fund_name}
HIGH_CONFIDENCE_MERGED,H0002,cp_01M3NX202AFARBQZVSF9FD9BGF,mutualfund/sell/pagetitle/title,2,INVESTMENT:671;INVESTMENT:701,Sell {mutual_fund_name}
HIGH_CONFIDENCE_MERGED,H0003,cp_01M3NX202CFJ6BF7ENYRN9P30Z,tax-related-question/error-empty/main/text,6,INVESTMENT:931;INVESTMENT:935;INVESTMENT:939;INVESTMENT:946;INVESTMENT:949;INVESTMENT:957,This field cannot be empty
HIGH_CONFIDENCE_MERGED,H0004,cp_01M3NX202EEXW8WA3QBX5YSQCV,gold/onboarding/main/text-using-service-deemed,2,INVESTMENT:1164;INVESTMENT:1173,"By using this service, you are deemed to agree to the GoPay Terms & Conditions and Privacy Policy."
HIGH_CONFIDENCE_MERGED,H0005,cp_01M3NX202GEGBARJ5R94RN47SB,gold/spot/buypage-pagetitle/title,2,INVESTMENT:1351;INVESTMENT:1372,Buy digital gold
HIGH_CONFIDENCE_MERGED,H0006,cp_01M3NX202GFBTBGRXEPB16GE0Q,gold/spot/buypage/cta-primary,2,INVESTMENT:1366;INVESTMENT:1387,Confirm
HIGH_CONFIDENCE_MERGED,H0007,cp_01M3NX202GF0XVHK2DAJBD2Z1M,gold/spot/sellpage-pagetitle/title,2,INVESTMENT:1394;INVESTMENT:1415,Sell digital gold
HIGH_CONFIDENCE_MERGED,H0008,cp_01M3NX202HE3PRP8TK1XV280CN,gold/spot/sellpage/cta-primary,2,INVESTMENT:1412;INVESTMENT:1433,Confirm
HIGH_CONFIDENCE_MERGED,H0009,cp_01M3NX202KFR5BKF00R88T8GY4,gold-sip/shared/main/text-auto-invest-antam,2,INVESTMENT:1602;INVESTMENT:1654,Auto invest Antam Gold
HIGH_CONFIDENCE_MERGED,H0010,cp_01M3NX202KERX8QV5NHTJZW3YA,gold-sip/shared/main/text-auto-invest-treasury,2,INVESTMENT:1603;INVESTMENT:1655,Auto invest Treasury Gold
HIGH_CONFIDENCE_MERGED,H0011,cp_01M3NX202MFSATKHZ48E7NFXQZ,currency-numbers-and-date/shared/example/text,2,INVESTMENT:1710;INVESTMENT:3122,Rp500.000 / 500k / 20mio
HIGH_CONFIDENCE_MERGED,H0012,cp_01M3NX202MFQCREN6ERTZ42BVK,pdp/shared/main/text-multi-finance-anak,2,INVESTMENT:1723;INVESTMENT:3135,Multi Finance Anak Bangsa
HIGH_CONFIDENCE_MERGED,H0013,cp_01M3NX202MFAXBRCFA140YGDQ9,pdp/shared/consent-statement/text,2,INVESTMENT:1727;INVESTMENT:3137,"By continuing, you agree to provide the required information and accept the Terms & Conditions, Priv"
HIGH_CONFIDENCE_MERGED,H0014,cp_01M3NX202ME1VAT79RXQHBXP9D,pdp/shared/buttomsheet-to-activate-simpanan/text,2,INVESTMENT:1731;INVESTMENT:3141,Activate GoPay Simpanan to continue
HIGH_CONFIDENCE_MERGED,H0015,cp_01M3NX202MFFM9H837ZBDVYFJT,pdp/shared/main/text-gopay-simpanan,2,INVESTMENT:1732;INVESTMENT:3142,"Your GoPay Simpanan balance will be used to buy digital gold. If you sell it, the funds will go back"
HIGH_CONFIDENCE_MERGED,H0016,cp_01M3NX202MFTA8CPX9N82187BG,installment-simulation/shared/main/text-gold-product,2,INVESTMENT:1746;INVESTMENT:3168,Gold product investment
HIGH_CONFIDENCE_MERGED,H0017,cp_01M3NX202MFCETF39T8M2G5KT2,installment-simulation/shared/main/text-check-simulation,2,INVESTMENT:1751;INVESTMENT:3173,Check the simulation here
HIGH_CONFIDENCE_MERGED,H0018,cp_01M3NX202MEGC9NG75KDJR8Y24,installment-simulation/shared/main/text-buy-now-sell-anytime,2,INVESTMENT:1754;INVESTMENT:3176,"Buy now, sell it anytime"
HIGH_CONFIDENCE_MERGED,H0019,cp_01M3NX202NEZ0VDMXD6EZNMWJB,installment-simulation/shared/main/text-once-make-buy-sell,2,INVESTMENT:1758;INVESTMENT:3180,"Once you make a buy or sell transaction, your history will show up here."
HIGH_CONFIDENCE_MERGED,H0020,cp_01M3NX202NEKF9CER2YPZV652P,common/multifinance-anak-bangsa/main/text,2,INVESTMENT:1763;INVESTMENT:3185;INVESTMENT:1862;INVESTMENT:3293;INVESTMENT:1928;INVESTMENT:2025;INVESTMENT:3351;INVESTMENT:3462,Multifinance Anak Bangsa
HIGH_CONFIDENCE_MERGED,H0021,cp_01M3NX202NEBGSBRSJM8EXXYZ0,installment-simulation/shared/simulation/text,6,INVESTMENT:1766;INVESTMENT:1781;INVESTMENT:1802;INVESTMENT:3199;INVESTMENT:3214;INVESTMENT:3235,Installment simulation
HIGH_CONFIDENCE_MERGED,H0022,cp_01M3NX202NEP7B4GKX2H2PMCK1,installment-simulation/shared/main/text-price-simulation,4,INVESTMENT:1770;INVESTMENT:1806;INVESTMENT:3203;INVESTMENT:3239,The price is for simulation purposes. The actual price will be shown when you place your order.
HIGH_CONFIDENCE_MERGED,H0023,cp_01M3NX202NFVDR0G6EVM18XJ5N,installment-simulation/shared/note/helper,2,INVESTMENT:1785;INVESTMENT:3218,The price is for simulation purposes. The actual price will be shown when you place your order.
HIGH_CONFIDENCE_MERGED,H0024,cp_01M3NX202NF5JVMJYS7FFMRXWH,installment-simulation/shared/main/text-down-payment-1-gram,4,INVESTMENT:1787;INVESTMENT:1808;INVESTMENT:3220;INVESTMENT:3241,Down payment of <1> gram
HIGH_CONFIDENCE_MERGED,H0025,cp_01M3NX202NFXYRY5SY8SMPEHJC,installment-simulation/shared/outside-value/error,2,INVESTMENT:1794;INVESTMENT:3227,You can only enter values between 10%-50%
HIGH_CONFIDENCE_MERGED,H0026,cp_01M3NX202NFRQSS4XJEEWFCSE2,installment-simulation/shared/main/text-choose-downpayment,2,INVESTMENT:1797;INVESTMENT:3230,Choose downpayment amount first
HIGH_CONFIDENCE_MERGED,H0027,cp_01M3NX202NEMASBTKHW3QPA3WB,installment-simulation/shared/main/text-monthly-installment,2,INVESTMENT:1821;INVESTMENT:3254,Monthly installment: Rp<125.000>
HIGH_CONFIDENCE_MERGED,H0028,cp_01M3NX202PFK9BD7E2GWDX6ZEE,kyc-gopay-dab/shared/main/text,2,INVESTMENT:1835;INVESTMENT:3266,Your Simpanan saldo will be used for your gold transaction
HIGH_CONFIDENCE_MERGED,H0029,cp_01M3NX202PF6DRTKDCY9QQYHP6,kyc-gopay-dab/shared/main/text-transaction-data,2,INVESTMENT:1836;INVESTMENT:3267,Your transaction data will also be shared with Multifinance Anak Bangsa.
HIGH_CONFIDENCE_MERGED,H0030,cp_01M3NX202PEDEAF7BSAXJJAZ2S,kyc-gopay-dab/shared/main/text-mitra-anak-bangsa,2,INVESTMENT:1839;INVESTMENT:3270,Mitra Anak Bangsa is asking you to share these information
HIGH_CONFIDENCE_MERGED,H0031,cp_01M3NX202PEA2RJKB3FDJ7K9C2,kyc-gopay-dab/shared/main/text-using-service-deemed,2,INVESTMENT:1853;INVESTMENT:3284,"By using this service, you are deemed to agree to the GoPay Terms & Conditions and Privacy Policy."
HIGH_CONFIDENCE_MERGED,H0032,cp_01M3NX202PE0NRFTYNXXQPMM9K,kyc-gopay-dab/shared/redirected-state-after-tnc/text,2,INVESTMENT:1860;INVESTMENT:3291,Estimated time 00:03 seconds
HIGH_CONFIDENCE_MERGED,H0033,cp_01M3NX202PE9HV807YNFCKS2QF,kyc-gopay-dab/shared/main/text-waiting-status,2,INVESTMENT:1861;INVESTMENT:3292,Waiting status update from
HIGH_CONFIDENCE_MERGED,H0034,cp_01M3NX202PEZSSJ4C1K9CZACEW,kyc-gopay-dab/shared/main/text-multifinance-anak,2,INVESTMENT:1862;INVESTMENT:3293,Multifinance Anak Bangsa
HIGH_CONFIDENCE_MERGED,H0035,cp_01M3NX202PFY0SCWX0QSNY18TS,kyc-gopay-dab/shared/main/text-should-take-too-long,2,INVESTMENT:1863;INVESTMENT:3294,This should not take too long. Please wait for a few moments...
HIGH_CONFIDENCE_MERGED,H0036,cp_01M3NX202PFQS970GH7ZWWKHE2,gold/installment/creditapplication/title,2,INVESTMENT:1892;INVESTMENT:3315,It’s taking longer than usual
HIGH_CONFIDENCE_MERGED,H0037,cp_01M3NX202PFSKVA3YS5DFXD267,gold/installment/creditapplication/description,2,INVESTMENT:1893;INVESTMENT:3316,You can sit back and relax. We’ll notify you once it’s done.
HIGH_CONFIDENCE_MERGED,H0038,cp_01M3NX202PEZ98TPB6BENRK44E,credit-application-status/shared/credit-application-rejected/text,2,INVESTMENT:1900;INVESTMENT:3323,Installment account not approved
HIGH_CONFIDENCE_MERGED,H0039,cp_01M3NX202PEXCSEYZWWS0F2YWA,credit-application-status/shared/main/text-tap-here-more,2,INVESTMENT:1901;INVESTMENT:3324,Tap here for more details
HIGH_CONFIDENCE_MERGED,H0040,cp_01M3NX202QF4PA3J3X2HF32RGV,loan-application-purchase-flow/dialogue-card/main/title,2,INVESTMENT:1950;INVESTMENT:1997,Buy gold in installment
HIGH_CONFIDENCE_MERGED,H0041,cp_01M3NX202SEBF89276HN0TX32Q,loan-application-status/shared/loan-rejected-permanent/text,2,INVESTMENT:2127;INVESTMENT:3573,Gold installment not approved
HIGH_CONFIDENCE_MERGED,H0042,cp_01M3NX202SFXEAABXKS9WW4JRT,loan-application-status/shared/main/text,4,INVESTMENT:2128;INVESTMENT:2136;INVESTMENT:3574;INVESTMENT:3582,You haven't met the requirements to create a gold installment. Your down payment will be refunded to
HIGH_CONFIDENCE_MERGED,H0043,cp_01M3NX202SEW9ANCSDKB4GTP0H,loan-application-status/shared/loan-rejected-temporary/text,2,INVESTMENT:2135;INVESTMENT:3581,Gold installment not approved
HIGH_CONFIDENCE_MERGED,H0044,cp_01M3NX202SE16TPJH1EMN3M3TW,loan-application-status/shared/main/text-retry-after-25-jun,2,INVESTMENT:2138;INVESTMENT:3584,"Please retry after: 25 Jun 2026, 08:00"
HIGH_CONFIDENCE_MERGED,H0045,cp_01M3NX202SEFYBH9Y1X8BX6SF1,loan-application-status/shared/waiting-for-approval/text,2,INVESTMENT:2144;INVESTMENT:3590,Installment application in progress
HIGH_CONFIDENCE_MERGED,H0046,cp_01M3NX202SF9WBQ0K5J2MM72DY,loan-application-status/shared/main/text-ll-update-results,2,INVESTMENT:2145;INVESTMENT:3591,We'll update the results here.
HIGH_CONFIDENCE_MERGED,H0047,cp_01M3NX202SFNKTCV7QEQNCHQME,loan-application-status/shared/loan-rejected-homepage/text,2,INVESTMENT:2147;INVESTMENT:3593,Installment not approved
HIGH_CONFIDENCE_MERGED,H0048,cp_01M3NX202SF1E9NDWF2WAQ2779,loan-application-status/shared/main/text-tap-here-more,4,INVESTMENT:2148;INVESTMENT:2151;INVESTMENT:3594;INVESTMENT:3597,Tap here for more details
HIGH_CONFIDENCE_MERGED,H0049,cp_01M3NX202SEV3T85TR9NWR0JF3,loan-application-status/shared/loan-approved-sign-contract/text,2,INVESTMENT:2150;INVESTMENT:3596,Complete sign contract
HIGH_CONFIDENCE_MERGED,H0050,cp_01M3NX202SEERSW4BGERZB4RFF,loan-application-status/shared/on-homepage/toast,2,INVESTMENT:2153;INVESTMENT:3599,Yay! Installment successful
HIGH_CONFIDENCE_MERGED,H0051,cp_01M3NX202SF21R7JKG2KH13DJ5,canceled-order/shared/canceled-by-system-due-to-failed/text,2,INVESTMENT:2177;INVESTMENT:3603,Installment canceled due to failed down payment
HIGH_CONFIDENCE_MERGED,H0052,cp_01M3NX202SF6SVT72XY7HNTT3F,canceled-order/shared/main/text,2,INVESTMENT:2181;INVESTMENT:3607,Order canceled. Your installment couldn’t be processed due to failed DP payment.
HIGH_CONFIDENCE_MERGED,H0053,cp_01M3NX202SE44R4YYM8RWF13Q2,canceled-order/shared/canceled-by-partner-dp-refunded/text,2,INVESTMENT:2185;INVESTMENT:3611,Order canceled & down payment will be refunded
HIGH_CONFIDENCE_MERGED,H0054,cp_01M3NX202SFCNA2D0BT42BAEDR,canceled-order/shared/main/text-order-canceled,2,INVESTMENT:2189;INVESTMENT:3615,Order canceled. Provider rejected your installment. Your down payment will be refunded to your Simpa
HIGH_CONFIDENCE_MERGED,H0055,cp_01M3NX202TE7PV1B0F3HAMWH5Q,repayment/shared/main/text-current-installment,2,INVESTMENT:2254;INVESTMENT:2261,Current installment due
HIGH_CONFIDENCE_MERGED,H0056,cp_01M3NX202VF2ABR5DQ6FFWD0F9,repayment/shared/main/text-pay-future,2,INVESTMENT:2275;INVESTMENT:2282,Pay future installments early
HIGH_CONFIDENCE_MERGED,H0057,cp_01M3NX2031FD38DV4JW1JZ65MT,installment-contract/shared/main/text-pay-dp-rp3-600-000,2,INVESTMENT:2640;INVESTMENT:2651,Pay DP of Rp3.600.000
HIGH_CONFIDENCE_MERGED,H0058,cp_01M3NX2032E79AF03R6FB3CVES,gold-installment-repayment/shared/main/text-current-installment,2,INVESTMENT:2710;INVESTMENT:2717,Current installment due
HIGH_CONFIDENCE_MERGED,H0059,cp_01M3NX2032FN4S7C9RPKCGTCAZ,gold-installment-repayment/shared/main/text-pay-future,2,INVESTMENT:2731;INVESTMENT:2738,Pay future installments early
HIGH_CONFIDENCE_MERGED,H0060,cp_01M3NX2033EDCT9TPGFTQ69A5F,mab-cases/shared/main/text-missed-yesterday-s,2,INVESTMENT:2780;INVESTMENT:2891,"You missed yesterday’s due date. But no worries, let's complete your payment now to avoid further la"
HIGH_CONFIDENCE_MERGED,H0061,cp_01M3NX2034E259T7KQQEY3VE55,mab-cases/shared/gold-buyback/text,2,INVESTMENT:2797;INVESTMENT:2893,Your gold has been auto-sold
HIGH_CONFIDENCE_MERGED,H0062,cp_01M3NX2034FPZA04Q53N9GFBPX,mab-cases/shared/main/text-sell-price-higher,2,INVESTMENT:2798;INVESTMENT:2894,"If the sell price is higher than your buy price, we'll send the surplus to your Simpanan balance 🙏"
HIGH_CONFIDENCE_MERGED,H0063,cp_01M3NX2034FXEV0JZ435E1G1SQ,bfi-cases/shared/main/text-click-here-check,2,INVESTMENT:2836;INVESTMENT:2845,Click here to check the reason and when to reapply.
HIGH_CONFIDENCE_MERGED,H0064,cp_01M3NX2035EDG9SKMVXZD9JPPA,mab-cases/shared/main/text-click-here-check,2,INVESTMENT:2870;INVESTMENT:2879,Click here to check the reason and when to reapply.
HIGH_CONFIDENCE_MERGED,H0065,cp_01M3NX203DED9V7GDJF77FF5CS,loan-application-disbursement/shared/main/title,2,INVESTMENT:3353;INVESTMENT:3434,Buy gold in installment
HIGH_CONFIDENCE_MERGED,H0066,cp_01M3NX203GFHMAAA4JGYYPJKJ7,loan-application-drop-off/shared/main/text-pay-dp-rp3-600-000,2,INVESTMENT:3535;INVESTMENT:3550,Pay DP of <Rp3.600.000>
HIGH_CONFIDENCE_MERGED,H0067,cp_01M3NX203GFXRSS89S127P3HRX,loan-application-drop-off/shared/main/text-pay-dp-before-23-may,2,INVESTMENT:3537;INVESTMENT:3551,"Pay DP before <23 May 2026>, <08:34> WIB"
HIGH_CONFIDENCE_MERGED,H0068,cp_01M3NX203HFF185FGMGRAHH33G,loan-application-drop-off/shared/main/text-pay-installments-up,2,INVESTMENT:3554;INVESTMENT:3562,Pay in installments for up to 12 months
HIGH_CONFIDENCE_MERGED,H0069,cp_01M3NX203HFTGTTMRMMXRQE1ZE,push-notification/shared/main/text-click-here-check,2,INVESTMENT:3628;INVESTMENT:3637,Click here to check the reason and when to reapply.
HIGH_CONFIDENCE_MERGED,H0070,cp_01M3NX203MF9G8WXE2YCHMQQEG,simpanan-account-blocked/shared/main/text,2,INVESTMENT:3720;INVESTMENT:3729,Your balance is blocked
HIGH_CONFIDENCE_MERGED,H0071,cp_01M3NX203NFF2RJH0N4HH3FJR6,simpanan-bottom-sheet/shared/main/text,2,INVESTMENT:3749;INVESTMENT:3762,Can be used for investment transactions
HIGH_CONFIDENCE_MERGED,H0072,cp_01M3NX203NEQ49XXF7H1JPK1BC,simpanan-bottom-sheet/shared/main/text-use-simpanan-balance,2,INVESTMENT:3751;INVESTMENT:3764,You can use your Simpanan balance for investment transactions and enjoy up to 3.25% p.a. interest on
HIGH_CONFIDENCE_MERGED,H0073,cp_01M3NX203NEJNBZG4RDNS187C3,simpanan-bottom-sheet/shared/main/text-licensed-supervised,2,INVESTMENT:3756;INVESTMENT:3770,Licensed and supervised by the OJK & a member of LPS
HIGH_CONFIDENCE_MERGED,H0074,cp_01M3NX203NEGGTKGDHJ84VRXXJ,simpanan-entry-point/shared/main/text,2,INVESTMENT:3776;INVESTMENT:3781,For investment transaction
HIGH_CONFIDENCE_MERGED,H0075,cp_01M3NX203XEAZSF7T9S32JN4CZ,kredit-pintar/success/main/text,2,LENDING:77;LENDING:82,Pinjaman by Kredit Pintar
HIGH_CONFIDENCE_MERGED,H0076,cp_01M3NX203YF3BVMFGGXFTPSDAJ,kredit-pintar/post-routing/main/text-how-quickly-i,2,LENDING:93;LENDING:115,How quickly will I receive a loan offer?
HIGH_CONFIDENCE_MERGED,H0077,cp_01M3NX203YFXAAH26KRFPXARPR,kredit-pintar/same-with-pre-routing-faq/main/text,2,LENDING:94;LENDING:116,"You'll typically receive potential loan offers within minutes. However, some applications may requir"
HIGH_CONFIDENCE_MERGED,H0078,cp_01M3NX203ZFY4BNQB25BPEZNKM,kredit-pintar/processing/main/text-increase-chance-get,2,LENDING:159;LENDING:161,This will increase your chance to get an offer
HIGH_CONFIDENCE_MERGED,H0079,cp_01M3NX2040E45RVBNA44DMTEFQ,kredit-pintar/activated/main/text,10,LENDING:176;LENDING:194;LENDING:203;LENDING:210;LENDING:218;LENDING:226;LENDING:233;LENDING:241;LENDING:250;LENDING:260,Pinjaman by Kredit Pintar
HIGH_CONFIDENCE_MERGED,H0080,cp_01M3NX2040FR49WX3DQJGVK1M5,kredit-pintar/activated/main/text-available-limit-2,4,LENDING:178;LENDING:196;LENDING:205;LENDING:212,{available_limit_value}
HIGH_CONFIDENCE_MERGED,H0081,cp_01M3NX2040ERH9G6W4AJZP3YJY,kredit-pintar/activated/main/text-withdraw-maximize,4,LENDING:179;LENDING:197;LENDING:206;LENDING:213,Withdraw and maximize your available limit
HIGH_CONFIDENCE_MERGED,H0082,cp_01M3NX2041FRJBBQX6NYHGSX25,kredit-pintar/need-update/main/text-available-limit,2,LENDING:262;LENDING:269,{available_limit_value}
HIGH_CONFIDENCE_MERGED,H0083,cp_01M3NX2041FJSTGYMYB7YRRAMQ,kredit-pintar/need-update/main/text-withdraw-maximize,2,LENDING:263;LENDING:270,Withdraw and maximize your available limit
HIGH_CONFIDENCE_MERGED,H0084,cp_01M3NX2041FYN9H47KG4ME6XD9,kredit-pintar/need-update/main/text-pinjaman-kredit,7,LENDING:267;LENDING:274;LENDING:280;LENDING:303;LENDING:310;LENDING:317;LENDING:333,Pinjaman by Kredit Pintar
HIGH_CONFIDENCE_MERGED,H0085,cp_01M3NX2042EF89XTC0R76Y9158,kredit-pintar/need-update/main/text-repay-before-due,2,LENDING:304;LENDING:334,Repay before {due_date}
HIGH_CONFIDENCE_MERGED,H0086,cp_01M3NX2044E8EBKTVHGC0Q1SVT,registration-form/error-state/main/text,4,LENDING:421;LENDING:436;LENDING:445;LENDING:452,Please choose one first before continue
HIGH_CONFIDENCE_MERGED,H0087,cp_01M3NX2045FCYV71XMWZGJKR5F,registration-form/error-state/main/text-fill-field-first,14,LENDING:456;LENDING:460;LENDING:472;LENDING:484;LENDING:495;LENDING:515;LENDING:528;LENDING:537;LENDING:541;LENDING:550;LENDING:554;LENDING:590,Please fill in this field first before continue
HIGH_CONFIDENCE_MERGED,H0088,cp_01M3NX2046E5WA5YT8Z0B306B7,registration-form/field/main/text-business-phone,2,LENDING:492;LENDING:548,Business phone number
HIGH_CONFIDENCE_MERGED,H0089,cp_01M3NX2049ENDR1JCZSNQ83PEQ,registration-form/error-state/main/text-choose-date-before,2,LENDING:546;LENDING:559,Please choose a date before continue
HIGH_CONFIDENCE_MERGED,H0090,cp_01M3NX2049F0TVCC4JMKXPB55W,registration-form/error-state/main/text-enter-minimum-5,2,LENDING:570;LENDING:576,Please enter minimum 5 characters
HIGH_CONFIDENCE_MERGED,H0091,cp_01M3NX204HER9SDNG080KFAAFX,health-insurance-pre-ut/shared/main/text-select-protection,2,INSURANCE:38;INSURANCE:64,Select protection package
HIGH_CONFIDENCE_MERGED,H0092,cp_01M3NX204XEYT8T9JPB1ZWKG7A,health-insurance-pre-ut/ha-and-cancer/main/text-check-yearly-limit,3,INSURANCE:401;INSURANCE:404;INSURANCE:407,Check your yearly limit
HIGH_CONFIDENCE_MERGED,H0093,cp_01M3NX204XE99SMXR32JD19PEQ,common/things-that-are-not-covered/main/text,2,INSURANCE:410;INSURANCE:464;INSURANCE:2567;INSURANCE:2837;INSURANCE:3314;INSURANCE:3544;INSURANCE:4048,Things that are not covered
HIGH_CONFIDENCE_MERGED,H0094,cp_01M3NX204XEV9AY2SKEMTP54T8,health-insurance-pre-ut/ha-and-cancer/main/text-copayment-cashless,2,INSURANCE:416;INSURANCE:467,"Copayment, cashless & reimbursement"
HIGH_CONFIDENCE_MERGED,H0095,cp_01M3NX2053FM0BYYXAGTRBFR2N,health-insurance-pre-ut/ha-and-cancer/main/text-couldn-t-register,2,INSURANCE:611;INSURANCE:616,Couldn’t register to insurance
HIGH_CONFIDENCE_MERGED,H0096,cp_01M3NX2056FYHAZ4NM6ZMG4MNV,health-insurance-pre-ut/pn/main/text-settle-product-name,2,INSURANCE:706;INSURANCE:709,Please settle your {product_name} premium. So you won't have to pay any medical bills when you got s
HIGH_CONFIDENCE_MERGED,H0097,cp_01M3NX2057F03BC0D2G04G4TK7,health-insurance-pre-ut/edge-case/main/text-so-don-t-need-pay,2,INSURANCE:734;INSURANCE:738,So you don't need to pay again.
HIGH_CONFIDENCE_MERGED,H0098,cp_01M3NX2059EBBBMK460AE0Q3BN,health-insurance-m2/shared/main/title-2,2,INSURANCE:781;INSURANCE:812,Insurance cancellation
HIGH_CONFIDENCE_MERGED,H0099,cp_01M3NX205EEDEVNGQ31Y14FV8Q,health-insurance-m2/promo/main/text-no-need-worry-about,2,INSURANCE:916;INSURANCE:922,No need to worry about sudden illness anywhere.
HIGH_CONFIDENCE_MERGED,H0100,cp_01M3NX205PEX6AXT2XWYH6QBT3,homepage/shared/main/text-claim-anything,2,INSURANCE:1149;INSURANCE:1171,Claim anything cashless.
HIGH_CONFIDENCE_MERGED,H0101,cp_01M3NX205PEZQBM66S6AHYF6A0,homepage/shared/main/text-cash-benefit-up,2,INSURANCE:1154;INSURANCE:1161,Cash benefit up to 100mio.
HIGH_CONFIDENCE_MERGED,H0102,cp_01M3NX205QFJCAT73BAFR4JSQX,homepage/shared/main/text-protection-cancer-up,2,INSURANCE:1157;INSURANCE:1166,Protection from cancer up to 100mio.
HIGH_CONFIDENCE_MERGED,H0103,cp_01M3NX205QENNSZGH8PPKF6DC7,homepage/shared/main/text-yuk-bayar-asuransi,2,INSURANCE:1188;INSURANCE:1193,Yuk bayar asuransi kesehatanmu
HIGH_CONFIDENCE_MERGED,H0104,cp_01M3NX205VFE2TVS5KYDY4CM9W,homepage-for-cancer-heart-attack/shared/main/text-count-count-2-years,4,INSURANCE:1282;INSURANCE:1283;INSURANCE:1284;INSURANCE:1285,{count} - {count_2} years old
HIGH_CONFIDENCE_MERGED,H0105,cp_01M3NX2066FXWV8YP71Q4YZAFW,family-plan/shared/main/text-make-sure-insured,2,INSURANCE:1625;INSURANCE:1673,Please make sure the insured members are listed in the family certificate
HIGH_CONFIDENCE_MERGED,H0106,cp_01M3NX2066FDZ9Z3Y1RQAYSV8W,family-plan/shared/main/text-how-take-clear-photo,2,INSURANCE:1627;INSURANCE:1671,How to take a clear photo
HIGH_CONFIDENCE_MERGED,H0107,cp_01M3NX2066E2WA7SDXPG74GCTE,family-plan/shared/main/text-field-cannot-left,3,INSURANCE:1634;INSURANCE:1636;INSURANCE:1638,Field cannot be left empty
HIGH_CONFIDENCE_MERGED,H0108,cp_01M3NX206EFC3SNS3MP7ZC2V2S,personal-accident/shared/main/text-witness-statements,3,INSURANCE:1862;INSURANCE:1868;INSURANCE:1874,- Witness statements / Police Official Report (BAP) if related to traffic accident
HIGH_CONFIDENCE_MERGED,H0109,cp_01M3NX206FEQWTF8Q8W764Y19W,personal-accident/shared/main/text-other-relevant,2,INSURANCE:1864;INSURANCE:1870,"- Other relevant, reasonable, and appropriate documents requested"
HIGH_CONFIDENCE_MERGED,H0110,cp_01M3NX206RF6DB07F37Z330QDW,deactivation-pop-up/shared/main/text,2,INSURANCE:2118;INSURANCE:2123,Deactivate on-time guarantee?
HIGH_CONFIDENCE_MERGED,H0111,cp_01M3NX206VEK38DKJ8NGFTH16M,crack-insurance-non-contextual/how-this-product-works-section/main/text-claim-crack-screen,2,INSURANCE:2181;INSURANCE:2331,"To claim this crack screen protection, follow these steps using the reimbursement method:"
HIGH_CONFIDENCE_MERGED,H0112,cp_01M3NX206VEP78ATGZWFZ96CBH,crack-insurance-non-contextual/how-this-product-works-section/main/text-prepare-required,2,INSURANCE:2183;INSURANCE:2333,Prepare the required documents.
HIGH_CONFIDENCE_MERGED,H0113,cp_01M3NX206VEJV8EFW2WJVWSQPJ,crack-insurance-non-contextual/how-this-product-works-section/main/text-go-polis-prodiginow,2,INSURANCE:2184;INSURANCE:2334,"Go to polis.prodiginow.com, then register or log in using the phone number linked to your GoPay acco"
HIGH_CONFIDENCE_MERGED,H0114,cp_01M3NX206VF58RTYRA8WAM5FAR,crack-insurance-non-contextual/how-this-product-works-section/main/text-choose-policy-wish,2,INSURANCE:2185;INSURANCE:2335,"Choose the policy you wish to claim and click ""Claim""."
HIGH_CONFIDENCE_MERGED,H0115,cp_01M3NX206VFHZ9HFGVR9RB62HM,crack-insurance-non-contextual/how-this-product-works-section/main/text-select-benefits-want,2,INSURANCE:2186;INSURANCE:2336,"Select the benefits you want to claim, and you will be redirected to fill in a form."
HIGH_CONFIDENCE_MERGED,H0116,cp_01M3NX206VFM69R8BCMP21AK0M,crack-insurance-non-contextual/how-this-product-works-section/main/text-finish-process,2,INSURANCE:2188;INSURANCE:2338,Finish the process by submitting your claim. You will get reimbursement in accordance with applicabl
HIGH_CONFIDENCE_MERGED,H0117,cp_01M3NX2072FBFAR3FH5BXR0WK0,crack-insurance-contextual/has-history-of-purchase/main/text-protect-screen-rp500,2,INSURANCE:2428;INSURANCE:2448,Protect your screen . Rp500
HIGH_CONFIDENCE_MERGED,H0118,cp_01M3NX2074EFAVA64P712M8C7V,crack-insurance-contextual/landing-post-purchase/main/text-crack-screen,2,INSURANCE:2503;INSURANCE:2510,Crack screen protection
HIGH_CONFIDENCE_MERGED,H0119,cp_01M3NX207ZEEESYF9J3D84MS9G,how-long-is-the-coverage-period/shared/main/text-unresolved,4,INSURANCE:3167;INSURANCE:3168;INSURANCE:3169;INSURANCE:3170,{unresolved} - {unresolved}
HIGH_CONFIDENCE_MERGED,H0120,cp_01M3NX2080F8M8NARH12GCHCS6,how-long-is-the-coverage-period/shared/main/text-type-legal-name-here,2,INSURANCE:3196;INSURANCE:3235,Type your legal name here
HIGH_CONFIDENCE_MERGED,H0121,cp_01M3NX2080ESKRX7DMKSW90T2V,how-long-is-the-coverage-period/shared/main/text-must-contain-2-60,2,INSURANCE:3198;INSURANCE:3237,Must contain 2-60 characters
HIGH_CONFIDENCE_MERGED,H0122,cp_01M3NX2080FM5AW8N1WQMRARJZ,how-long-is-the-coverage-period/shared/main/text-full-name-required,2,INSURANCE:3199;INSURANCE:3238,Full name is required
HIGH_CONFIDENCE_MERGED,H0123,cp_01M3NX2098EGZSQS0ZYVMJ5ANH,billing-plus-e-money-insurance/e-money-payment-review/main/text-get-coverage,3,INSURANCE:3941;INSURANCE:3976;INSURANCE:3982,Get coverage from accident and death
HIGH_CONFIDENCE_MERGED,H0124,cp_01M3NX2099FXG8J5KPVT31SZ9Z,billing-plus-e-money-insurance/bill-payment-review/main/text-add-household,2,INSURANCE:3946;INSURANCE:3952,Add household protection . Rp500
HIGH_CONFIDENCE_MERGED,H0125,cp_01M3NX2099EC3AXZXXAAX4QJPD,billing-plus-e-money-insurance/has-history-of-purchase/main/text,2,INSURANCE:3947;INSURANCE:3953,"Mencakup kerugian akibat kebakaran, perampokan, & gangguan listrik"
HIGH_CONFIDENCE_MERGED,H0126,cp_01M3NX2099E13BG31NKDD50EKG,billing-plus-e-money-insurance/has-1-insurance-subscription/main/text,2,INSURANCE:3948;INSURANCE:3961,You will have 2 active policies if you purchase this one. All policies will be eligible for you to c
HIGH_CONFIDENCE_MERGED,H0127,cp_01M3NX2099FQASGMVFQ7QB0DKN,billing-plus-e-money-insurance/has-2-insurance-subscription/main/text,2,INSURANCE:3954;INSURANCE:3967,You already have 2 active policies and both are eligible for claim. Learn more
HIGH_CONFIDENCE_MERGED,H0128,cp_01M3NX2099FJQB7W0AMQG3T4PV,billing-plus-e-money-insurance/e-money-payment-review/main/text-add-accident,2,INSURANCE:3959;INSURANCE:3965,Add accident protection . Rp500
HIGH_CONFIDENCE_MERGED,H0129,cp_01M3NX2099F6HBF42ZKG00HVSQ,billing-plus-e-money-insurance/has-history-of-purchase/main/text-get-coverage,2,INSURANCE:3960;INSURANCE:3966,Get coverage from accident and death
HIGH_CONFIDENCE_MERGED,H0130,cp_01M3NX209CE9T8RHKC9YG74QHN,billing-plus-e-money-insurance/e-money/main/text-personal-accident,2,INSURANCE:4023;INSURANCE:4138,Personal accident & life insurance
HIGH_CONFIDENCE_MERGED,H0131,cp_01M3NX209HFNER8545FDAAP2JK,billing-plus-e-money-insurance/exceptions-e-money/main/text-accidents-caused,2,INSURANCE:4091;INSURANCE:4102,Accidents caused by or resulting from:
HIGH_CONFIDENCE_MERGED,H0132,cp_01M3NX209NF00SZRT90QBW5KA4,billing-plus-e-money-insurance/landing-post-purchase-insurance/main/text-auto-add-turned,2,INSURANCE:4171;INSURANCE:4174,Auto-add turned on . Rp500
HIGH_CONFIDENCE_MERGED,H0133,cp_01M3NX209NFV9REKGYCDP1DY40,billing-plus-e-money-insurance/deactivation-pop-up/main/text,2,INSURANCE:4178;INSURANCE:4183,"Hold on, you'll lose the protection!"
HIGH_CONFIDENCE_MERGED,H0134,cp_01M3NX209QESCSZVAEKZET9RVV,billing-plus-e-money-insurance/post-purchase/main/text-up-rp10-000-000,2,INSURANCE:4202;INSURANCE:4203,Up to Rp10.000.000/policy
HIGH_CONFIDENCE_MERGED,H0135,cp_01M3NX209VEHPT0QXJAQ6G0DH2,fire-and-flood-insurance/shared/main/text-up-rp150-000-000,2,INSURANCE:4264;INSURANCE:4265,Up to Rp150.000.000/year
HIGH_CONFIDENCE_MERGED,H0136,cp_01M3NX209VFC4ASEZKNABFXXHR,fire-and-flood-insurance/shared/empty/error,2,INSURANCE:4274;INSURANCE:4278,This field cannot be empty
HIGH_CONFIDENCE_MERGED,H0137,cp_01M3NX209WEP6VRP7JD77QT15Z,fireflood/registrationform/personaldetails-dropdown/description,3,INSURANCE:4281;INSURANCE:4285;INSURANCE:4289,Choose from the list
HIGH_CONFIDENCE_MERGED,H0138,cp_01M3NX209WEQERZ79968DY999G,fireflood/registrationform/personaldetails-error-empty/error,4,INSURANCE:4282;INSURANCE:4286;INSURANCE:4290;INSURANCE:4294,This field cannot be empty
HIGH_CONFIDENCE_MERGED,H0139,cp_01M3NX209YFBZASPJA9WZ9ZS5Z,fire-and-flood-insurance/gopay-insurance-fireflood/main/placeholder,3,INSURANCE:4309;INSURANCE:4317;INSURANCE:4320,Search from available list
HIGH_CONFIDENCE_MERGED,H0140,cp_01M3NX20AHEW0VPPAGRFDHRZRB,motorcycle/registrationform/vehicledetails-field-brand-error/text,5,INSURANCE:4648;INSURANCE:4666;INSURANCE:4669;INSURANCE:4673;INSURANCE:4676,Please fill out this field first
HIGH_CONFIDENCE_MERGED,H0141,cp_01M3NX20B4FGZ8PT25BXNF91CT,recurring-payment/shared/main/text-rp50-000-rp100-000,2,INSURANCE:4881;INSURANCE:4926,Rp50.000 of Rp100.000
HIGH_CONFIDENCE_MERGED,H0142,cp_01M3NX20B4FYQ9JDTAD1Z8JDXG,recurring-payment/shared/main/text-next-attempt-26-jul,2,INSURANCE:4883;INSURANCE:4928,"Next attempt: 26 Jul, 11:00"
HIGH_CONFIDENCE_MERGED,H0143,cp_01M3NX20B5EM2RMKZB3B1EAXFH,recurring-payment/shared/main/text-period-12-jul-12-aug,5,INSURANCE:4901;INSURANCE:4910;INSURANCE:4920;INSURANCE:4933;INSURANCE:4944,Period: 12 Jul - 12 Aug
HIGH_CONFIDENCE_MERGED,H0144,cp_01M3NX20B5FQT8A95RN5XH1MFT,recurring-payment/shared/main/text-amount-due-rp100-000,3,INSURANCE:4906;INSURANCE:4915;INSURANCE:4940,Amount due: Rp100.000
HIGH_CONFIDENCE_MERGED,H0145,cp_01M3NX20BBF1G9E3HC98RMJMKS,travel-insurance-experimentation/highlight-card/main/text-all-one-protection,2,INSURANCE:5020;INSURANCE:5023,All-in-one protection for your travel
HIGH_CONFIDENCE_MERGED,H0146,cp_01M3NX20BJFAPVCF9Y3XVYSQM0,user-profiling-quetions-and/entry-point-retake-test/main/text-choose-more-than-one,3,INSURANCE:5106;INSURANCE:5122;INSURANCE:5131,(You can choose more than one)
HIGH_CONFIDENCE_MERGED,H0147,cp_01M3NX20BPF51RD1RTYNBWYB3R,digital-fraud-contextual/shared/main/text-online-fraud,2,INSURANCE:5179;INSURANCE:5217,Online fraud protection . Rp200
HIGH_CONFIDENCE_MERGED,H0148,cp_01M3NX20BREHMTS4PTH29NJ4YH,digital-fraud-contextual/shared/main/text-5-days-coverage-up-1,2,INSURANCE:5218;INSURANCE:5221,"5 days coverage, up to 1 mio rupiah"
HIGH_CONFIDENCE_MERGED,H0149,cp_01M3NX20CBFYMB6K3AMM5T6H0Y,travel-insurance/provider-section/main/text-insurance-does-cover,5,INSURANCE:5444;INSURANCE:5450;INSURANCE:5467;INSURANCE:5473;INSURANCE:5487,This insurance does not cover:
HIGH_CONFIDENCE_MERGED,H0150,cp_01M3NX20CKEY7V96JRW5KDH4YY,travel-insurance/provider-section/main/text-report-local-police,2,INSURANCE:5513;INSURANCE:5528,"- Report from the local police, transportation manager, or hotel management within 24 hours after th"
HIGH_CONFIDENCE_MERGED,H0151,cp_01M3NX20CKEP3SW4NY9TCC5FQM,travel-insurance/provider-section/main/text-proof-death-serious,2,INSURANCE:5514;INSURANCE:5520,"- Proof of death, serious injury, serious illness, or mandatory quarantine of the insured or a famil"
HIGH_CONFIDENCE_MERGED,H0152,cp_01M3NX20CME2MBY8H5D67MJ4FN,travel-insurance/provider-section/main/text-property,2,INSURANCE:5527;INSURANCE:5542,- Property irregularity report (PIR)
HIGH_CONFIDENCE_MERGED,H0153,cp_01M3NX20CNF7ZA5T3EKXVAY3ZS,travel-insurance/provider-section/main/text-other-supporting,2,INSURANCE:5539;INSURANCE:5545,- Other supporting documents if required
HIGH_CONFIDENCE_MERGED,H0154,cp_01M3NX20DBF44TKQJJ267DR21Y,auto-pay-yearly/shared/main/text,2,INSURANCE:5835;INSURANCE:5838,"Deducted from your account, learn more"
HIGH_CONFIDENCE_MERGED,H0155,cp_01M3NX20DCEAYBKWHRK7K8P1EZ,auto-pay-yearly/shared/main/text-balance-deducted,2,INSURANCE:5858;INSURANCE:5870,Your balance will be deducted every 31 Mar
HIGH_CONFIDENCE_MERGED,H0156,cp_01M3NX20E8ESWT40YDHX7RMEND,homepage/promobanner/flashsale-timer-countdown/text,4,INSURANCE:6271;INSURANCE:6276;INSURANCE:6284;INSURANCE:6293,23:11:10
HIGH_CONFIDENCE_MERGED,H0157,cp_01M3NX20E9FKP8VXAKX7M2MDD2,flash-limited-months/shared/main/text-first-3-months,3,INSURANCE:6305;INSURANCE:6312;INSURANCE:6319,For first 3 months payments
HIGH_CONFIDENCE_MERGED,H0158,cp_01M3NX20EYER5TX74ZYR4MK3AY,education-insurance/highlight-card/main/text,2,INSURANCE:6622;INSURANCE:6628,Education savings insurance
HIGH_CONFIDENCE_MERGED,H0159,cp_01M3NX20EYE39AQQP4WAZ1R749,education-insurance/highlight-card/main/text-start-rp150-000,2,INSURANCE:6623;INSURANCE:6629,Start from: Rp150.000/month
HIGH_CONFIDENCE_MERGED,H0160,cp_01M3NX20EYETXTQFY5S21BHTD4,education-insurance/highlight-card/main/text-protect-family-s,2,INSURANCE:6630;INSURANCE:6633,Protect your family's education plans
HIGH_CONFIDENCE_MERGED,H0161,cp_01M3NX20F9FHXT1WX3VH8TCVEF,hospitallistpage/pagetitle/main/text,2,INSURANCE:6778;INSURANCE:6800,Find our hospital partners
HIGH_CONFIDENCE_MERGED,H0162,cp_01M3NX20F9E1F9WK9Z83K0T8K1,hospitallistpage/pagedesc/main/text,2,INSURANCE:6779;INSURANCE:6801,More than 212 hospital partners available across Indonesia
HIGH_CONFIDENCE_MERGED,H0163,cp_01M3NX20F9E138KVYTN5KMYMBJ,hospitallistpage/searchbox/cta-uselocation-offstate/text,2,INSURANCE:6783;INSURANCE:6825,Use your current location
HIGH_CONFIDENCE_MERGED,H0164,cp_01M3NX20G1EG8BTW3056PDPJBJ,codeexpires/shared/main/title,2,PAYMENT:232;USER-SPEND:1926,Code expires in
HIGH_CONFIDENCE_MERGED,H0165,cp_01M3NX20G2ESEV9VB77VS98183,renewcode/shared/main/cta,2,PAYMENT:233;USER-SPEND:1927,Renew
HIGH_CONFIDENCE_MERGED,H0166,cp_01M3NX20GVE7V9H2KSJWQ02JVB,merchant-account-integration/gopay-accountsafety-linkedapps/main/description-2,2,PAYMENT:483;PAYMENT:488,One app for all things payment
HIGH_CONFIDENCE_MERGED,H0167,cp_01M3NX20GVE6K9Z5BAED7SZF3J,merchant-account-integration/gopay-accountsafety-linkedapps/checkbox/option,2,PAYMENT:485;PAYMENT:491,Always use the app I choose
HIGH_CONFIDENCE_MERGED,H0168,cp_01M3NX20GWE6ARS9MTE6QR1D41,enter-phone-number/enter-phone-number/main/title-2,2,PAYMENT:499;PAYMENT:2860,Link GoPay to {merchant}
HIGH_CONFIDENCE_MERGED,H0169,cp_01M3NX20GXFCXACSVVH1VCM346,enter-phone-number/enter-phone-number/invalid-number/error,2,PAYMENT:504;PAYMENT:2865,Can't find that number. Try again?
HIGH_CONFIDENCE_MERGED,H0170,cp_01M3NX20H1EZ3RZMBT0FB9JYEM,consentscreen/shared/main/title,2,PAYMENT:552;PAYMENT:614,Link GoPay
HIGH_CONFIDENCE_MERGED,H0171,cp_01M3NX20H1EXVVMNTM9RYZW1SG,consentscreen/shared/main/title-2,2,PAYMENT:553;PAYMENT:618,Link GoPay to {merchant}
HIGH_CONFIDENCE_MERGED,H0172,cp_01M3NX20H2ED6VM6E092NX23K1,consentscreen/shared/main/description,2,PAYMENT:554;PAYMENT:619,"By linking, you’ll allow {merchant} to:"
HIGH_CONFIDENCE_MERGED,H0173,cp_01M3NX20H2FBGV8GF5WT5H3PGN,consentscreen/term1/main/text,2,PAYMENT:555;PAYMENT:620,Access your GoPay balance
HIGH_CONFIDENCE_MERGED,H0174,cp_01M3NX20H2FKKB2Z7QEE411VAY,consentscreen/term2/main/text,2,PAYMENT:556;PAYMENT:621,Auto-deduct your GoPay for subscriptions
HIGH_CONFIDENCE_MERGED,H0175,cp_01M3NX20H2EMVV2B0QHZHP6YJB,consentscreen/term3/main/text,2,PAYMENT:557;PAYMENT:622,Know your GoPay Plus status
HIGH_CONFIDENCE_MERGED,H0176,cp_01M3NX20H2EXS8WJNB6R1PW0WM,consentscreen/term4/main/text,2,PAYMENT:558;PAYMENT:623,Apply promos on your transaction
HIGH_CONFIDENCE_MERGED,H0177,cp_01M3NX20H2EYV87W9VD1AG3PRW,consentscreen/term5/main/text,2,PAYMENT:559;PAYMENT:624,"Access the payment methods linked in your GoPay, so you can have various choices to pay."
HIGH_CONFIDENCE_MERGED,H0178,cp_01M3NX20H2ERWAX3YNE1DVR7G6,consentscreen/linkedphonenumber/linked-phone-number/helper,2,PAYMENT:562;PAYMENT:615,We’ll use this phone number to link your GoPay:
HIGH_CONFIDENCE_MERGED,H0179,cp_01M3NX20HGFD59801S3ZJRFM8B,widget/promolisting/selectpromo/title,2,PAYMENT:726;USER-SPEND:801,Select promo
HIGH_CONFIDENCE_MERGED,H0180,cp_01M3NX20HGE8HRZ42E4NGB6M9Z,widget/promolisting/selectpromo/description,2,PAYMENT:727;USER-SPEND:802,Spend less with available promos below
HIGH_CONFIDENCE_MERGED,H0181,cp_01M3NX20HHFG18CVZGA6B0K3M5,widget/promolisting/actualsaving-gopay/value,2,PAYMENT:729;USER-SPEND:808,You'll get Rp{cashback_amount} cashback.
HIGH_CONFIDENCE_MERGED,H0182,cp_01M3NX20HHFAAAVG51JWYFGR16,promo/detail/expiry-date/text,2,PAYMENT:730;USER-SPEND:309,Valid until {expiry_date}
HIGH_CONFIDENCE_MERGED,H0183,cp_01M3NX20HWE7XR9AS71Q56BNZX,addcard/card-detail/add-card/title,3,PAYMENT:844;PAYMENT:852;PAYMENT:1239,Add card
HIGH_CONFIDENCE_MERGED,H0184,cp_01M3NX20HWE89BZAQPC9Z1QVD8,addcard/cardnumber/card-number/value,2,PAYMENT:845;PAYMENT:1240,Card number
HIGH_CONFIDENCE_MERGED,H0185,cp_01M3NX20HWFWKRPVVWFGQ4AD0G,addcard/validthru/expiry/text,2,PAYMENT:846;PAYMENT:1241,Valid thru
HIGH_CONFIDENCE_MERGED,H0186,cp_01M3NX20HWFR5RW8P31M9EG12N,addcard/cvv/cvv/text,2,PAYMENT:847;PAYMENT:1242,CVV
HIGH_CONFIDENCE_MERGED,H0187,cp_01M3NX20HWFQCSH8JTJYA7JHWJ,addcard/savecard/main/cta,2,PAYMENT:850;PAYMENT:1250,Add card
HIGH_CONFIDENCE_MERGED,H0188,cp_01M3NX20HYE1DTXW49HJKXDMJN,addcard/successtoast/main/toast,2,PAYMENT:862;PAYMENT:921,Account successfully added
HIGH_CONFIDENCE_MERGED,H0189,cp_01M3NX20J5FCKVF2E4W8HFPBJ3,bca-blu/linking-failed/main/title,2,PAYMENT:939;PAYMENT:944,Failed to add your account
HIGH_CONFIDENCE_MERGED,H0190,cp_01M3NX20J9FMA97F0RC1S8PNFC,error/noconnection/dialog/title,5,PAYMENT:981;PAYMENT:2155;USER-SPEND:276;USER-SPEND:1776;USER-SPEND:2508,You seem to be offline
HIGH_CONFIDENCE_MERGED,H0191,cp_01M3NX20J9EC4AS44N8G4E7TG9,error/dialog/noconnection/description,2,PAYMENT:982;PAYMENT:2156,Go to Settings to make sure you're connected to the internet or try to refresh the page.
HIGH_CONFIDENCE_MERGED,H0192,cp_01M3NX20J9FBGTD0NW1XTWA9VV,error/gotosettings/dialog-noconnection/cta,5,PAYMENT:983;PAYMENT:2157;USER-SPEND:278;USER-SPEND:1778;USER-SPEND:2510,Go to Settings
HIGH_CONFIDENCE_MERGED,H0193,cp_01M3NX20J9E3J8WDE483XYH2ZR,error/refresh/dialog-noconnection/cta,5,PAYMENT:984;PAYMENT:2158;USER-SPEND:279;USER-SPEND:1779;USER-SPEND:2511,Refresh
HIGH_CONFIDENCE_MERGED,H0194,cp_01M3NX20JAE8MVKQRRPKHRYY56,error/dialog/server-error/title,3,PAYMENT:986;PAYMENT:1553;PAYMENT:2151,There's a technical error
HIGH_CONFIDENCE_MERGED,H0195,cp_01M3NX20JAEVC9S26VG7DBJV8C,error/dialog/server-error/description,2,PAYMENT:987;PAYMENT:2152,"Don't worry, we're working on it. Please try again after a few minutes."
HIGH_CONFIDENCE_MERGED,H0196,cp_01M3NX20JAFM58HF0NX0V56NSY,error/dialog/server-error/cta,5,PAYMENT:988;PAYMENT:2153;USER-SPEND:283;USER-SPEND:1783;USER-SPEND:2515,Got it
HIGH_CONFIDENCE_MERGED,H0197,cp_01M3NX20K2F8F9XDDJ3FMBVMTV,card-linking-flow/amex-cvv-info/cta/cta-gotit,3,PAYMENT:1259;PAYMENT:1263;PAYMENT:1267,Got it
HIGH_CONFIDENCE_MERGED,H0198,cp_01M3NX20KKE63829GJDGX9J7K3,paymentmethod/default-widget/payment-method/title,2,PAYMENT:1438;PAYMENT:1453,Payment method
HIGH_CONFIDENCE_MERGED,H0199,cp_01M3NX20KYFV5SP4KGH458MGBQ,paymentlisting/dialog/unavailablemerchant/title,2,PAYMENT:1557;USER-SPEND:1243,GoPay Coins are not available yet for this merchant
HIGH_CONFIDENCE_MERGED,H0200,cp_01M3NX20KZEKP9NKRGMN03K1CS,paymentlisting/dialog/unavailablemerchant/description,2,PAYMENT:1558;USER-SPEND:1244,"Worry not, you can still continue your payment using other method."
HIGH_CONFIDENCE_MERGED,H0201,cp_01M3NX20KZFSH9SE0HJWA8C8AC,paymentlisting/dialog/unavailablemerchant/cta,2,PAYMENT:1559;USER-SPEND:1245,Got it
HIGH_CONFIDENCE_MERGED,H0202,cp_01M3NX20MCF9QSV73VPH9744GC,offline-cash-out-qris-tuntas/withdraw-review/withdraw-from/text,2,PAYMENT:1699;PAYMENT:1702,Withdraw from {method}
HIGH_CONFIDENCE_MERGED,H0203,cp_01M3NX20MVEPTVRB9SCWCG2WKK,principalamount/payment-review/principal-amount/value,2,PAYMENT:1846;PAYMENT:2008,Principal amount
HIGH_CONFIDENCE_MERGED,H0204,cp_01M3NX20MWF07AJK9VCPYYFCB3,totalamount/payment-review/total-payment/text,2,PAYMENT:1862;PAYMENT:2009,Total amount
HIGH_CONFIDENCE_MERGED,H0205,cp_01M3NX20N7E81TERMVXVJ27MYJ,qr/review/payment/title,2,PAYMENT:1983;PAYMENT:1995,Review payment
HIGH_CONFIDENCE_MERGED,H0206,cp_01M3NX20N7EB8B54MD1AJ9Z7B9,amountincurrency/input-nominal/amount-in-currency/value,2,PAYMENT:1987;PAYMENT:1997,Amount in {full_currency_name}
HIGH_CONFIDENCE_MERGED,H0207,cp_01M3NX20N7EQMA37P6C9QSWENA,currencyamount/input-nominal/currency-amount/placeholder,2,PAYMENT:1988;PAYMENT:1998,{currency_abbreviation} {amount}
HIGH_CONFIDENCE_MERGED,H0208,cp_01M3NX20NJFX9A9R107A1DV5AC,featurename/homepage/nfc/cta,2,PAYMENT:2108;PAYMENT:2112,QRIS Tap
HIGH_CONFIDENCE_MERGED,H0209,cp_01M3NX20NME56VND3G7ZJ4B6H8,transactionexpired/timeout/main/title,3,PAYMENT:2135;PAYMENT:2136;PAYMENT:2137,Your transaction has expired
HIGH_CONFIDENCE_MERGED,H0210,cp_01M3NX20NYF96AHNJW3F7NJFST,tap-out/user-successfully-tap-in-and-tap/main/text,2,PAYMENT:2243;PAYMENT:2247,Tap out success & balance deducted
HIGH_CONFIDENCE_MERGED,H0211,cp_01M3NX20PKFGCTZZ3VG3NXE55E,createnewpocket/onboarding/main/cta,2,PAYMENT:2479;PAYMENT:2500,Create new pocket
HIGH_CONFIDENCE_MERGED,H0212,cp_01M3NX20QJE2G8S0YP89CKM8F2,enterprise-payment-widget/cancel-transaction-dialogue/main/text-money-received-va,2,PAYMENT:2761;PAYMENT:2765,Money received in the VA
HIGH_CONFIDENCE_MERGED,H0213,cp_01M3NX20QQFY0BDBM5D9GK8HVV,enterprise-payment-widget/cancel-transaction-dialogue/main/text-balance-unresolved,3,PAYMENT:2800;PAYMENT:2805;PAYMENT:2811,Balance: {unresolved}
HIGH_CONFIDENCE_MERGED,H0214,cp_01M3NX20QSE7FBZ8WCFASNCW6S,enterprise-payment-widget/server-error/main/title,2,PAYMENT:2825;PAYMENT:2829,There's a technical error
HIGH_CONFIDENCE_MERGED,H0215,cp_01M3NX20S0EMYSQY38MC5T5M93,manual-pin-redirection/shared/main/text-click-here-go,2,PAYMENT:3242;PAYMENT:3245,Click here to go to {merchant}
HIGH_CONFIDENCE_MERGED,H0216,cp_01M3NX20S2FT1ST3QKHS47FMB0,manual-pin-redirection/shared/main/text-nothing-happens-tap,2,PAYMENT:3257;PAYMENT:3263,"If nothing happens, tap the button bellow"
HIGH_CONFIDENCE_MERGED,H0217,cp_01M3NX20SAECP8T9ZYTCW39HZJ,shared-wallet/shared/main/text-share-funds-more,2,PAYMENT:3353;PAYMENT:3360,Share funds more easily
HIGH_CONFIDENCE_MERGED,H0218,cp_01M3NX20SAF4XSACESDGFPTFH8,shared-wallet/shared/main/text-no-more-back-forth,2,PAYMENT:3354;PAYMENT:3361,"No more back and forth transfers, let them pay directly using your payment method."
HIGH_CONFIDENCE_MERGED,H0219,cp_01M3NX20SREPQVJGCMEMTJXGZR,1-1/header/main/text,2,PAYMENT:3506;PAYMENT:3533,Shared payment method
HIGH_CONFIDENCE_MERGED,H0220,cp_01M3NX20T7E9S9P2ZBAGGCR7TE,search/searchbar/main/placeholder,3,USER-SPEND:23;USER-SPEND:490;USER-SPEND:494,Search promo
HIGH_CONFIDENCE_MERGED,H0221,cp_01M3NX20T8FV3VJJEXCPNWAMJY,shufflecard/minspend/main/helper,2,USER-SPEND:34;USER-SPEND:1915,Min. spend {amount}k
HIGH_CONFIDENCE_MERGED,H0222,cp_01M3NX20TCE6MA822WKS19AXEF,scrollup/pill/scroll-up-pil/text,2,USER-SPEND:66;USER-SPEND:2682,Back to top
HIGH_CONFIDENCE_MERGED,H0223,cp_01M3NX20THFB99T4R7F17D59N2,voucherpacks/nopurchasedpack/no-purchased-pack/title,3,USER-SPEND:110;USER-SPEND:114;USER-SPEND:117,You've got no active Voucher Pack
HIGH_CONFIDENCE_MERGED,H0224,cp_01M3NX20V0ECF9NWRAZ04166YX,search/merchantname/merchant-name/label,4,USER-SPEND:241;USER-SPEND:254;USER-SPEND:259;USER-SPEND:266,{merchant_name}
HIGH_CONFIDENCE_MERGED,H0225,cp_01M3NX20V0F44BDXMATR3BJMYT,brandpage/merchanttag/merchant-tag/badge,2,USER-SPEND:242;USER-SPEND:260,{merchant_tag}
HIGH_CONFIDENCE_MERGED,H0226,cp_01M3NX20V0FTG9V3M4FR2GGT2F,common/promos/main/title,3,USER-SPEND:243;USER-SPEND:2017;USER-SPEND:2030;USER-SPEND:796;USER-SPEND:1470;CONSUMER:3272;CONSUMER:3408,Promos
HIGH_CONFIDENCE_MERGED,H0227,cp_01M3NX20V0ES4S05FFPVS124WZ,brandpage/outlettab/outlets/text,2,USER-SPEND:244;USER-SPEND:2031,Outlets
HIGH_CONFIDENCE_MERGED,H0228,cp_01M3NX20V1F6A9B2NWPJG5X1TJ,promo/promo-tab/promo-name/title,5,USER-SPEND:246;USER-SPEND:263;USER-SPEND:271;USER-SPEND:301;USER-SPEND:806,{promo_title}
HIGH_CONFIDENCE_MERGED,H0229,cp_01M3NX20V1FHSS00WYKKQ20615,promodescription/minspending/min-spend/helper-2,2,USER-SPEND:247;USER-SPEND:264,Min. spend {amount}k
HIGH_CONFIDENCE_MERGED,H0230,cp_01M3NX20V1E1RBS1GWS5HGMCX2,merchantdistance/outlet-tab/distance/text,4,USER-SPEND:250;USER-SPEND:261;USER-SPEND:268;USER-SPEND:272,{distance} km away
HIGH_CONFIDENCE_MERGED,H0231,cp_01M3NX20V1FWAS9MWH6GAV4ZZC,search/availablepromo/merchantspecific/text,3,USER-SPEND:251;USER-SPEND:255;USER-SPEND:273,{n} promo available
HIGH_CONFIDENCE_MERGED,H0232,cp_01M3NX20V2FM9B812QC0DKQKCW,brandlisting/nearbyoutlets/main/title,2,USER-SPEND:270;USER-SPEND:443,Nearby outlets
HIGH_CONFIDENCE_MERGED,H0233,cp_01M3NX20V2FPDAZSBT05RAK3WG,error/dialog/noconnection/description,3,USER-SPEND:277;USER-SPEND:1777;USER-SPEND:2509,Check your internet connection on Settings or try to refresh the page.
HIGH_CONFIDENCE_MERGED,H0234,cp_01M3NX20V2FB2RHN1KS4QRNN6E,error/dialog/server-error/title,3,USER-SPEND:281;USER-SPEND:1781;USER-SPEND:2513,Something went wrong
HIGH_CONFIDENCE_MERGED,H0235,cp_01M3NX20V2EM8BY0GMZC39GSH1,error/dialog/server-error/description,3,USER-SPEND:282;USER-SPEND:1782;USER-SPEND:2514,"Don't worry, we're fixing this. Please try again later."
HIGH_CONFIDENCE_MERGED,H0236,cp_01M3NX20V3FWJV1MWRS7SB8M0C,error/server-error/pagination/title,4,USER-SPEND:285;USER-SPEND:2496;USER-SPEND:2608;USER-SPEND:4472,There's a technical error
HIGH_CONFIDENCE_MERGED,H0237,cp_01M3NX20V3FPGVD303861VG1AA,error/server-error/pagination/description,4,USER-SPEND:286;USER-SPEND:2497;USER-SPEND:2609;USER-SPEND:4473,We're working on it. Please try again after a few minutes.
HIGH_CONFIDENCE_MERGED,H0238,cp_01M3NX20V3FYAS7JCSQZWW04ZD,error/server-error/pagination/cta,4,USER-SPEND:287;USER-SPEND:2498;USER-SPEND:2610;USER-SPEND:4474,Refresh
HIGH_CONFIDENCE_MERGED,H0239,cp_01M3NX20V3F89TYNVBN3PFJ54J,error/connectionerror/pagination/title,4,USER-SPEND:289;USER-SPEND:2500;USER-SPEND:2615;USER-SPEND:4476,You seem to be offline
HIGH_CONFIDENCE_MERGED,H0240,cp_01M3NX20V3ECX9TZ9NB1CT7PYF,error/connectionerror/pagination/description,4,USER-SPEND:290;USER-SPEND:2501;USER-SPEND:2616;USER-SPEND:4477,Check your internet connection on Settings or try to refresh the page.
HIGH_CONFIDENCE_MERGED,H0241,cp_01M3NX20V3E77AE1EGZVT326JY,error/settings/pagination-connectionerror/cta,4,USER-SPEND:291;USER-SPEND:2502;USER-SPEND:2617;USER-SPEND:4478,Go to Settings
HIGH_CONFIDENCE_MERGED,H0242,cp_01M3NX20V4EQTTE3WCMCA4ZEZW,error/refresh/pagination-connectionerror/cta,4,USER-SPEND:292;USER-SPEND:2503;USER-SPEND:2618;USER-SPEND:4479,Refresh
HIGH_CONFIDENCE_MERGED,H0243,cp_01M3NX20VQEXG941JDD7716F58,promocode/profile-account-and-safety/main/title,3,USER-SPEND:447;USER-SPEND:457;USER-SPEND:459,Promo code
HIGH_CONFIDENCE_MERGED,H0244,cp_01M3NX20VQER8RCK0S82XD5BHE,myvoucher/promocodeentrypoint/main/title,2,USER-SPEND:450;USER-SPEND:454,Got a promo code?
HIGH_CONFIDENCE_MERGED,H0245,cp_01M3NX20VRFVE9RRCKYE2CCHC7,promocode/entercode/main/placeholder,2,USER-SPEND:455;USER-SPEND:460,Enter your code here
HIGH_CONFIDENCE_MERGED,H0246,cp_01M3NX20VXEK6VVZ2DSKT6WN7W,search/availablepromo/promo-availability/helper,2,USER-SPEND:512;USER-SPEND:1908,{n} promo available
HIGH_CONFIDENCE_MERGED,H0247,cp_01M3NX20VYFEGA4TD86YC3SBNS,search/minrequiredcharacters/main/title,2,USER-SPEND:516;USER-SPEND:2008,Please type at least 3 characters
HIGH_CONFIDENCE_MERGED,H0248,cp_01M3NX20VYFSKTP4BE0K21CMA0,search/minrequiredcharacters/main/description,2,USER-SPEND:517;USER-SPEND:2009,So we can give you more accurate recos
HIGH_CONFIDENCE_MERGED,H0249,cp_01M3NX20VYE9DSGBYX8PAP9995,search/matchingmerchant/merchant-section/title,2,USER-SPEND:520;USER-SPEND:2000,Matching merchant
HIGH_CONFIDENCE_MERGED,H0250,cp_01M3NX20W0FS3SYJA5KH3G0077,search/sectionlistheader/matchingpromos/text,2,USER-SPEND:535;USER-SPEND:2003,Matching promo
HIGH_CONFIDENCE_MERGED,H0251,cp_01M3NX20WTFKEB956PN4K2YBDW,widget/paymentscreen/noavailablepromo/title,2,USER-SPEND:739;USER-SPEND:741,No promo available
HIGH_CONFIDENCE_MERGED,H0252,cp_01M3NX20WVFSK9EAWGEZAB702M,widget/paymentscreen/receivable-coinscashback/title,3,USER-SPEND:749;USER-SPEND:765;USER-SPEND:1910,You'll get {cashback_amount} GoPay Coins
HIGH_CONFIDENCE_MERGED,H0253,cp_01M3NX20WVE9AV5K3870FGTJ3A,widget/paymentscreen/receivable-emoneycashback/title,3,USER-SPEND:750;USER-SPEND:766;USER-SPEND:1911,You'll get Rp{cashback_amount} cashback
HIGH_CONFIDENCE_MERGED,H0254,cp_01M3NX20WVEB9BMPVJX4V0CEMQ,widget/paymentscreen/receivable-discount/title,3,USER-SPEND:751;USER-SPEND:767;USER-SPEND:1912,You'll save Rp{discounted_price}
HIGH_CONFIDENCE_MERGED,H0255,cp_01M3NX20WWEBEVC89NRV5B1B00,widget/errorline/connectionerror/text,2,USER-SPEND:757;USER-SPEND:784,Not connected to internet. Please refresh.
HIGH_CONFIDENCE_MERGED,H0256,cp_01M3NX20WXE7XA9ZSRZNM4Z4GT,widget/paymentscreen/cantloadpromo/title,2,USER-SPEND:774;USER-SPEND:935,Couldn't load promo
HIGH_CONFIDENCE_MERGED,H0257,cp_01M3NX20WXF0HRY0VSBTWN4ZRD,widget/paymentscreen/refresh/description,2,USER-SPEND:775;USER-SPEND:936,Tap refresh
HIGH_CONFIDENCE_MERGED,H0258,cp_01M3NX20WYFB9BPZSVD2EGE4K5,widget/paymentscreen/retrycta/cta,3,USER-SPEND:778;USER-SPEND:781;USER-SPEND:937,Refresh
HIGH_CONFIDENCE_MERGED,H0259,cp_01M3NX20WYEN09JJ9C1SGRD7K8,widget/cantusefullcoins/main/helper,4,USER-SPEND:786;USER-SPEND:789;USER-SPEND:792;USER-SPEND:911,Can't use the selected promo
HIGH_CONFIDENCE_MERGED,H0260,cp_01M3NX20WYEE4S1TN4MX15CF98,widget/cantusefullcoins/main/description,2,USER-SPEND:787;USER-SPEND:912,It's not applicable for full Coins payment
HIGH_CONFIDENCE_MERGED,H0261,cp_01M3NX20WZFBQSE7V8ZGX0VQ62,widget/promolisting/actualcashback-coins/text,2,USER-SPEND:810;USER-SPEND:1918,You will get {coins_cashback_amount}
HIGH_CONFIDENCE_MERGED,H0262,cp_01M3NX20X0E5Z83QYAZKTTFZTH,widget/promolisting/actualcashback-emoney/text,2,USER-SPEND:811;USER-SPEND:1919,You will get Rp{emoney_cashback_amount}
HIGH_CONFIDENCE_MERGED,H0263,cp_01M3NX20X0F67VSTQKHRPFDBP5,widget/promolisting/actualdiscount/text,2,USER-SPEND:812;USER-SPEND:1920,You will save Rp{discount_amount}
HIGH_CONFIDENCE_MERGED,H0264,cp_01M3NX20X0FSG9FW86BRYREGMR,widget/promolisting/checkdetails/cta,2,USER-SPEND:814;USER-SPEND:857,Check details
HIGH_CONFIDENCE_MERGED,H0265,cp_01M3NX20X2FJYRDYXTJH8YJB6Q,widget/promolisting/inapplicablepromo/text-applicable-max,2,USER-SPEND:828;USER-SPEND:839,Applicable for max. transaction of Rp{amount} only.
HIGH_CONFIDENCE_MERGED,H0266,cp_01M3NX20X2FKFTZDBC5DWMMYVA,widget/promolisting/inapplicablepromo/text-applicable-top-up,2,USER-SPEND:829;USER-SPEND:840,Applicable for top up via {partner} only.
HIGH_CONFIDENCE_MERGED,H0267,cp_01M3NX20X2FW4SWNQ9RDXSZPXH,widget/promolisting/inapplicablepromo/text-applicable-top-up-2,2,USER-SPEND:830;USER-SPEND:841,Applicable for top up via selected partner only.
HIGH_CONFIDENCE_MERGED,H0268,cp_01M3NX20X2EQQRX4Z2NDQS81SN,widget/promolisting/inapplicablepromo/text-applicable-transfers,2,USER-SPEND:831;USER-SPEND:842,Applicable for transfers from {source} only.
HIGH_CONFIDENCE_MERGED,H0269,cp_01M3NX20X3FD6B7D6N4M7J9T1V,widget/promolisting/inapplicablepromo/text-applicable-transfers-3,2,USER-SPEND:833;USER-SPEND:843,Applicable for transfers to {destination} only.
HIGH_CONFIDENCE_MERGED,H0270,cp_01M3NX20X3EM4TDQ6E9TQM3JAQ,widget/promolisting/inapplicablepromo/text-applicable-transfers-4,2,USER-SPEND:834;USER-SPEND:844,Applicable for transfers to selected bank only.
HIGH_CONFIDENCE_MERGED,H0271,cp_01M3NX20X5FPNT75P5V05JSERZ,widget/promolisting/inapplicablepromo/text-promo-ran-out,2,USER-SPEND:855;USER-SPEND:874,This promo has ran out.
HIGH_CONFIDENCE_MERGED,H0272,cp_01M3NX2104ER6B1FXE0JF5VC1Q,nextstep/scanned-ticket/next-step/title,2,USER-SPEND:1602;USER-SPEND:1685,Next step
HIGH_CONFIDENCE_MERGED,H0273,cp_01M3NX2108F9HRTDGT5DQGVMQ7,postpaid/lostticket/guide/cta,2,USER-SPEND:1637;USER-SPEND:1729,Lost your ticket? Tap to get your QR code!
HIGH_CONFIDENCE_MERGED,H0274,cp_01M3NX2109F9VS9XXT73BV1CTP,hideqr/success/hide-qr/cta,3,USER-SPEND:1638;USER-SPEND:1730;USER-SPEND:2474,Hide QR code
HIGH_CONFIDENCE_MERGED,H0275,cp_01M3NX2109EFV9KKJXS70M9YXT,stepstat/completed/stat/title,2,USER-SPEND:1640;USER-SPEND:1738,Completed
HIGH_CONFIDENCE_MERGED,H0276,cp_01M3NX2109EDXA4W99Z03YP9HM,stepstat/completed/stat/description,2,USER-SPEND:1641;USER-SPEND:1739,Have a safe trip!
HIGH_CONFIDENCE_MERGED,H0277,cp_01M3NX2109FZCRGR7DHGDMK14X,pushnotif/failed/main/title,2,USER-SPEND:1645;USER-SPEND:1756,Transaction failed
HIGH_CONFIDENCE_MERGED,H0278,cp_01M3NX210AFVBR879T837PJVTQ,pushnotif/failed/main/description,2,USER-SPEND:1646;USER-SPEND:1757,Unable to pay Rp{amount} for your parking fee on <parking vendor - area name>.
HIGH_CONFIDENCE_MERGED,H0279,cp_01M3NX210DFJKVFZ1R9RFCPXAW,dialog/vendorerror/main/cta,2,USER-SPEND:1664;USER-SPEND:1787,Got it
HIGH_CONFIDENCE_MERGED,H0280,cp_01M3NX210GF4DS82AFAMJGGXJD,maxpayment/initial/max-payment-info/disclaimer,2,USER-SPEND:1691;USER-SPEND:1813,"*GoPay can only pay max. Rp50.000 of the parking fee. Otherwise, please pay with other method."
HIGH_CONFIDENCE_MERGED,H0281,cp_01M3NX210KFC3VN6SKSRN7P6GQ,dialog/stillfree/main/description,2,USER-SPEND:1713;USER-SPEND:1717,"Just show your ticket on the exit gate, and you're set to go!"
HIGH_CONFIDENCE_MERGED,H0282,cp_01M3NX210KFSWTEX04DVAW5VK8,dialog/stillfree/main/cta,2,USER-SPEND:1714;USER-SPEND:1718,Got it
HIGH_CONFIDENCE_MERGED,H0283,cp_01M3NX210TEXS8GWBMAN7RWPRD,viewticket/cta/main/cta,2,USER-SPEND:1771;USER-SPEND:1774,View ticket
HIGH_CONFIDENCE_MERGED,H0284,cp_01M3NX2116FSK95K0CGR71HD5N,scanqris/pay-method-listing/qris/option,2,USER-SPEND:1923;USER-SPEND:1925,Scan QRIS
HIGH_CONFIDENCE_MERGED,H0285,cp_01M3NX2117FSY8PWWXSFKKER6Z,viewall/home-payments-entry-point/see-all/cta,5,USER-SPEND:1932;USER-SPEND:1952;USER-SPEND:1955;USER-SPEND:1958;USER-SPEND:1961,View all
HIGH_CONFIDENCE_MERGED,H0286,cp_01M3NX2118E30RJ8GQFMBW4SKF,search/payments-home/search-bar/placeholder,2,USER-SPEND:1941;USER-SPEND:1995,Search biller or merchant name here
HIGH_CONFIDENCE_MERGED,H0287,cp_01M3NX211AFPDRNV8KJ9KDXF7J,billssection/payments-home/bills-section/title,2,USER-SPEND:1951;USER-SPEND:1963,Bills
HIGH_CONFIDENCE_MERGED,H0288,cp_01M3NX211AEP9RJB2G1HWCDK9N,gamesection/payments-home/game-voucher/title,2,USER-SPEND:1954;USER-SPEND:1974,Game vouchers
HIGH_CONFIDENCE_MERGED,H0289,cp_01M3NX211HFNS9CXJ44PHBCK4G,brandpage/payatmerchant/main/cta,4,USER-SPEND:2018;USER-SPEND:2025;USER-SPEND:2033;USER-SPEND:2038,Pay at {merchant_name}
HIGH_CONFIDENCE_MERGED,H0290,cp_01M3NX211JE7JS3BMJEH9KDHTT,brandpage/nopromo/main/title,2,USER-SPEND:2023;USER-SPEND:2036,Fast & secure payment with GoPay
HIGH_CONFIDENCE_MERGED,H0291,cp_01M3NX211JEYHVQZPDHK2HVFP1,brandpage/nopromo/main/description,2,USER-SPEND:2024;USER-SPEND:2037,Transact on {merchant} to get what you want. We’ll let you know when they’ve got promos!
HIGH_CONFIDENCE_MERGED,H0292,cp_01M3NX2125EAWSS10Q2HR3W0DR,qrisunlimitednudge/inactive/main/cta,3,USER-SPEND:2217;USER-SPEND:2220;USER-SPEND:2309,Buy
HIGH_CONFIDENCE_MERGED,H0293,cp_01M3NX2126F2Z97VJPD3GCM7KV,qrisunlimitednudge/renew/main/cta,2,USER-SPEND:2226;USER-SPEND:2230,Renew
HIGH_CONFIDENCE_MERGED,H0294,cp_01M3NX212PF53V6MY20NCP6KRA,buyticket/homepage/buy-ticket/cta,4,USER-SPEND:2354;USER-SPEND:2461;USER-SPEND:2465;USER-SPEND:2520,Buy ticket
HIGH_CONFIDENCE_MERGED,H0295,cp_01M3NX212RECY96PX35FNSTC0H,usp/homepage/usp/title,2,USER-SPEND:2367;USER-SPEND:3628,Why book your ticket with us?
HIGH_CONFIDENCE_MERGED,H0296,cp_01M3NX212RFA1SD7GEFNH8SHPM,usp/1/usp-1/text,2,USER-SPEND:2368;USER-SPEND:3629,Get your ticket in advance
HIGH_CONFIDENCE_MERGED,H0297,cp_01M3NX212RETQS6E8E92NR0QR7,usp/2/usp-2/text,2,USER-SPEND:2369;USER-SPEND:3630,No need for cash or card
HIGH_CONFIDENCE_MERGED,H0298,cp_01M3NX212RF2G8G3QJ25XN3W3D,usp/3/usp-3/text,2,USER-SPEND:2370;USER-SPEND:3631,Safe and secure transaction
HIGH_CONFIDENCE_MERGED,H0299,cp_01M3NX212TF0GAFV6K3ZTRYD9J,validity/checkout/validity-info/helper,2,USER-SPEND:2386;USER-SPEND:3636,"Valid until {date}, {time}"
HIGH_CONFIDENCE_MERGED,H0300,cp_01M3NX212WFX6S9B1J3J1WRVB2,editticket/ticket-qr/edit/cta,2,USER-SPEND:2410;USER-SPEND:2446,Edit ticket
HIGH_CONFIDENCE_MERGED,H0301,cp_01M3NX212XF24T1F1Q0W91N0G9,cancelticket/ticket-qr/cancel/cta,2,USER-SPEND:2411;USER-SPEND:2440,Cancel ticket
HIGH_CONFIDENCE_MERGED,H0302,cp_01M3NX2133FP98A02CD67MK23B,trxhistory/validuntil/valid-until/text,2,USER-SPEND:2467;USER-SPEND:3744,Valid until
HIGH_CONFIDENCE_MERGED,H0303,cp_01M3NX2134E25ACRH2N3V6DN87,trxhistory/ticketexpired/stat/text,2,USER-SPEND:2471;USER-SPEND:3739,Expired
HIGH_CONFIDENCE_MERGED,H0304,cp_01M3NX2135EFY8DSDG0BRMWR0P,goback/cancellation-dialogue/main/cta,2,USER-SPEND:2486;USER-SPEND:2519,Go back
HIGH_CONFIDENCE_MERGED,H0305,cp_01M3NX2139EGS85TTM0TGZV1G8,activetickets/open/main/cta,2,USER-SPEND:2540;USER-SPEND:3751,Open
HIGH_CONFIDENCE_MERGED,H0306,cp_01M3NX213HFDPREBS948W4F50M,common/split-bill/main/title,2,USER-SPEND:2592;USER-SPEND:2859;USER-SPEND:2624;CONSUMER:1252;CONSUMER:1328;CONSUMER:1437;CONSUMER:2585;CONSUMER:4715;CONSUMER:4846;CONSUMER:5011;MONEY:2582;MONEY:3651,Split bill
HIGH_CONFIDENCE_MERGED,H0307,cp_01M3NX213KE7PBZTD2BY4S5NXP,settled/request-and-split-bill-landing/settled/text,3,USER-SPEND:2599;USER-SPEND:2740;USER-SPEND:2875,Settled
HIGH_CONFIDENCE_MERGED,H0308,cp_01M3NX213KE00AFWEPS7ENENQ4,requestandsplitbillhistory/request-and-split-bill-landing/main/cta,2,USER-SPEND:2601;MONEY:1399,View all of the history
HIGH_CONFIDENCE_MERGED,H0309,cp_01M3NX213PF7TRSH2ECYYWR8GB,you/identifier/you-on-member-snippet/text,2,USER-SPEND:2631;USER-SPEND:2666,You
HIGH_CONFIDENCE_MERGED,H0310,cp_01M3NX213QFJFAA853Y5PABKT1,name/input-bill-amount/split-bill/title,2,USER-SPEND:2635;USER-SPEND:3077,Split bill name
HIGH_CONFIDENCE_MERGED,H0311,cp_01M3NX213QE7DBJB61CMN1X67R,note/input-bill-amount/note/placeholder,2,USER-SPEND:2638;USER-SPEND:2649,Add more info here
HIGH_CONFIDENCE_MERGED,H0312,cp_01M3NX213REGS84JS32RRHACWG,sendtomembers/input-bill-amount/send-to-members/cta,3,USER-SPEND:2645;USER-SPEND:2715;USER-SPEND:2993,Send to members
HIGH_CONFIDENCE_MERGED,H0313,cp_01M3NX2142FRTAEFG82AZK3DPB,editmember/split-option/edit/cta,2,USER-SPEND:2712;USER-SPEND:2986,Edit members
HIGH_CONFIDENCE_MERGED,H0314,cp_01M3NX2144E5STXTZ9MPS4NRFH,amountlefttosplit/split-option/some-amount-left/description,2,USER-SPEND:2719;USER-SPEND:2991,Rp{amount} left to be split
HIGH_CONFIDENCE_MERGED,H0315,cp_01M3NX2148FDPA4ERRCVDH73HS,managesettlement/split-bill-details/manage-settlement/cta,2,USER-SPEND:2748;USER-SPEND:2752,Manage settlement
HIGH_CONFIDENCE_MERGED,H0316,cp_01M3NX214MF0D9KSDA83FK9N3K,details/split-detail/main/title,2,USER-SPEND:2826;USER-SPEND:2985,Split bill details
HIGH_CONFIDENCE_MERGED,H0317,cp_01M3NX214SFYZ8DP3KFQ5J8FRY,createnew/split-bill-landing/create-bill/title,2,USER-SPEND:2861;USER-SPEND:2882,Create new
HIGH_CONFIDENCE_MERGED,H0318,cp_01M3NX2153FDDVDMPDDXWKYX4K,others/scanned-receipt/others/label,2,USER-SPEND:2934;USER-SPEND:2944,Others
HIGH_CONFIDENCE_MERGED,H0319,cp_01M3NX215AEWX8Q8Z7HZKFMX6D,splitoptions/split-arrangement/details/cta,2,USER-SPEND:2988;USER-SPEND:3001,Split options
HIGH_CONFIDENCE_MERGED,H0320,cp_01M3NX216CFQWT1YDJTMPBPRRD,rejectdialogue/reasonplaceholder/placeholer/text,2,USER-SPEND:3244;USER-SPEND:3413,Add your reason here (optional)
HIGH_CONFIDENCE_MERGED,H0321,cp_01M3NX216ZF20TPVQTZ0NRRY1Z,notifiednonuserviawa/non-gopay-user-dialogue-wa-blast/main/title,2,USER-SPEND:3374;USER-SPEND:3378,They've been notified
HIGH_CONFIDENCE_MERGED,H0322,cp_01M3NX216ZE4AVRA51K64YNQH9,notifiednonuserviawa/non-gopay-user-dialogue-wa-blast/main/cta,2,USER-SPEND:3376;USER-SPEND:3380,Got it
HIGH_CONFIDENCE_MERGED,H0323,cp_01M3NX2178E0BSAG4ZB6B221AY,cantsetzerotomember/readjust/main/cta,2,USER-SPEND:3439;USER-SPEND:3444,Readjust amount
HIGH_CONFIDENCE_MERGED,H0324,cp_01M3NX218PE15VGSPJYQZJHASP,top-up-and-pay/payment-review/cta/value,2,USER-SPEND:3769;USER-SPEND:3771,Top up and pay
HIGH_CONFIDENCE_MERGED,H0325,cp_01M3NX21BZFHS8RWEFJ1EEEFHZ,buyticket/buy-ticket/main/title,2,USER-SPEND:4484;USER-SPEND:4495,Buy ticket
HIGH_CONFIDENCE_MERGED,H0326,cp_01M3NX21C2E889RBQ6HK5CC2NB,readytotapin/ticket/tap-in-nudge/text,2,USER-SPEND:4502;USER-SPEND:4520,Ready to tap in
HIGH_CONFIDENCE_MERGED,H0327,cp_01M3NX21D3FWTA5HFRFHSJPZ0E,gopay-next/gopay-next-home/main/text-free-1-month-spotify,2,USER-SPEND:4714;USER-SPEND:4717,Free 1 month Spotify Premium
HIGH_CONFIDENCE_MERGED,H0328,cp_01M3NX21EDF4CVDT3YTFT4270X,activation/for-gopay-app-please-remove/main/text-further-assistance,2,TABUNGAN:87;TABUNGAN:90,For further assistance you can contact help or click here to see more details.
HIGH_CONFIDENCE_MERGED,H0329,cp_01M3NX21EPFHBSW6YYT49HXERG,activation/for-gopay-app-please-remove/main/text-bank-bank-jago,2,TABUNGAN:150;TABUNGAN:203,Bank Bank Jago account number
HIGH_CONFIDENCE_MERGED,H0330,cp_01M3NX21F9ECW8P1425F79TTPR,activation/user-has-done-application/navbar/text,2,TABUNGAN:288;TABUNGAN:330,GoPay Tabungan activation
HIGH_CONFIDENCE_MERGED,H0331,cp_01M3NX21FME9H8E9XS3KHNC858,activation/gopay-tabungan-activation-but/main/description,2,TABUNGAN:350;TABUNGAN:354,Then fill out some details and we will process your activation right away.
HIGH_CONFIDENCE_MERGED,H0332,cp_01M3NX21FWF6Q88MV1YA0YPT4B,activation/gopay-plus-rejection/main/text-photo-taken,2,TABUNGAN:409;TABUNGAN:419,Your photo will be taken automatically
HIGH_CONFIDENCE_MERGED,H0333,cp_01M3NX21FWFXKVCQ2KF1D2VYHM,activation/gopay-plus-rejection/main/text-clear-camera-lens,2,TABUNGAN:412;TABUNGAN:424,Clear your camera lens and hold your phone steady to avoid blurry photo.
HIGH_CONFIDENCE_MERGED,H0334,cp_01M3NX21FWFQ58SK25FR7PG0SA,activation/gopay-plus-rejection/main/text-find-place-enough,2,TABUNGAN:413;TABUNGAN:425,Find a place with enough lighting (not too dark or too bright).
HIGH_CONFIDENCE_MERGED,H0335,cp_01M3NX21FXFNN92B39QT9XTPTD,activation/gopay-plus-rejection/main/text-make-sure-e-ktp-fits,2,TABUNGAN:414;TABUNGAN:426,Make sure your e-KTP fits the frame.
HIGH_CONFIDENCE_MERGED,H0336,cp_01M3NX21FXFQASYVXMRT49HA5K,activation/gopay-plus-rejection/main/text-stay-still-while,2,TABUNGAN:415;TABUNGAN:427,Please stay still while we capture it.
HIGH_CONFIDENCE_MERGED,H0337,cp_01M3NX21GSFJTBBRW76M79Q15V,edge-cases/blocked-scenario/main/text,2,TABUNGAN:603;TABUNGAN:607,We detect suspicious activity from your account. Please try again after 24 hours.
HIGH_CONFIDENCE_MERGED,H0338,cp_01M3NX21GVE2JAGF3G1PP4H6RB,edge-cases/blocked-scenario/main/text-continue-link-jago,2,TABUNGAN:615;TABUNGAN:619,"To continue, please link the Jago account that is connected to GoPay Tabungan."
HIGH_CONFIDENCE_MERGED,H0339,cp_01M3NX21HBF8MTEADXWA09775Y,jago-feedback/upgrade-e-money-or-use-gopay/main/text,2,TABUNGAN:741;TABUNGAN:743,Jago detected suspicious activity from your account. Please contact us for help (1500729).
HIGH_CONFIDENCE_MERGED,H0340,cp_01M3NX21HXF1JRVM2HT384XBG3,gojek-app-entry-points/qris-extra-cashback/main/text,2,TABUNGAN:867;TABUNGAN:870,Upgrade to GoPay Tabungan and enjoy more cashback each time you pay via QRIS.
HIGH_CONFIDENCE_MERGED,H0341,cp_01M3NX21JAESGVXQV4PT5FJ3TH,account-deletion-deactivation/push-notif/main/text-still-use-gopay,2,TABUNGAN:947;TABUNGAN:950,You can still use your GoPay balance and Bank Jago account.
HIGH_CONFIDENCE_MERGED,H0342,cp_01M3NX21JKF7FSGBEYEHA3YMXM,transfer-to-va/shared/main/text-tabungan-virtual,2,TABUNGAN:1010;TABUNGAN:1015,Tabungan Virtual Account
HIGH_CONFIDENCE_MERGED,H0343,cp_01M3NX21M1FJBTQJJT007YWPDT,waitlist/locationaccess/drawer-card-descripton/text,2,CONSUMER:109;CONSUMER:121,"Continue with your Gojek phone number to log in. Or, sign up now if you're new."
HIGH_CONFIDENCE_MERGED,H0344,cp_01M3NX21MBFPPSQBQTXH6ABWTZ,block-withdrawal/ato-risk/block-bank-transfer-temporarily/text,2,CONSUMER:183;CONSUMER:184,"You can't withdraw for now For your safety, this feature is disabled for 24 hours. For more info, pl"
HIGH_CONFIDENCE_MERGED,H0345,cp_01M3NX21PQFYCBJ6KQDYDKP6KK,referral-program/shared/main/text-get-friends-download,2,CONSUMER:666;CONSUMER:669,Get your friends to download GoPay and earn 15k GoPay Saldo for every friend who joins.
HIGH_CONFIDENCE_MERGED,H0346,cp_01M3NX21Q1FD3VEDPK9RR25TB8,referral-m1/shared/main/text-need-help-click-here,3,CONSUMER:740;CONSUMER:749;CONSUMER:784,Need help? Click here
HIGH_CONFIDENCE_MERGED,H0347,cp_01M3NX21Q2F69V1ES7NG7JC526,referral-m1/shared/main/text-click-invite-button,2,CONSUMER:745;CONSUMER:780,Click the Invite button to share the download link with your friends.
HIGH_CONFIDENCE_MERGED,H0348,cp_01M3NX21Q2EYYTTC06YNS8FEKJ,referral-m1/shared/main/text-ask-friends-log-app,2,CONSUMER:747;CONSUMER:781,Ask your friends to log in to the app.
HIGH_CONFIDENCE_MERGED,H0349,cp_01M3NX21RDFX78FTMYCGJHKGH6,credit-card-debit-card-cc-dc/shared/main/text-set-default-payment,4,CONSUMER:1079;CONSUMER:1092;CONSUMER:1109;CONSUMER:1125,Set as default payment method
HIGH_CONFIDENCE_MERGED,H0350,cp_01M3NX21RDF4RAZS50X584036E,credit-card-debit-card-cc-dc/shared/main/text-method-selected,4,CONSUMER:1080;CONSUMER:1093;CONSUMER:1110;CONSUMER:1126,This method will be selected automatically for your outgoing payments.
HIGH_CONFIDENCE_MERGED,H0351,cp_01M3NX21RNF5CV9VT4WRA3ZYVQ,otp/email/footer/text,2,CONSUMER:1162;CONSUMER:1166,This email has been generated automatically. Please do not reply. ---- Please beware of any other pa
HIGH_CONFIDENCE_MERGED,H0352,cp_01M3NX21RZEMSVSYTPFFFX1AM0,gopay-social/shared/main/text-those-ve-often,2,CONSUMER:1248;CONSUMER:1261,Those you've often transferred will show up here.
HIGH_CONFIDENCE_MERGED,H0353,cp_01M3NX21TVF5ZRNF9SGR7T1KC4,profile-picture/shared/main/text,2,CONSUMER:1669;CONSUMER:1672,Change profile picture
HIGH_CONFIDENCE_MERGED,H0354,cp_01M3NX21VRFV0SKJKHTFAB9ZM3,genie-l0-1ds-activation/shared/main/text-get-cahsback-up-10k,2,CONSUMER:1868;CONSUMER:1875,Get cahsback up to 10k
HIGH_CONFIDENCE_MERGED,H0355,cp_01M3NX21VTEJGR0X4CRFF6TVF5,cross-sell-banner/shared/main/text-transfer-any-bank,2,CONSUMER:1912;CONSUMER:1918,"Transfer to any bank for free, 100x/month"
HIGH_CONFIDENCE_MERGED,H0356,cp_01M3NX21VVEHBSMR3EPPZY8VHN,cross-sell-banner/shared/main/text-all-one-solution-any,2,CONSUMER:1915;CONSUMER:1927,Your all in one solution for any of your financial needs.
HIGH_CONFIDENCE_MERGED,H0357,cp_01M3NX21VZFN1SZSPJARACD8Y7,cross-sell-banner/shared/main-card/text-invite-friends,5,CONSUMER:1948;CONSUMER:1955;CONSUMER:1962;CONSUMER:1969;CONSUMER:1976,Invite friends to download GoPay
HIGH_CONFIDENCE_MERGED,H0358,cp_01M3NX21VZE1SV5HZ2AJJBVP98,cross-sell-banner/shared/main/text-get-free-gopay-saldo,5,CONSUMER:1949;CONSUMER:1956;CONSUMER:1963;CONSUMER:1970;CONSUMER:1977,Get FREE GoPay Saldo up to Rp150.000!
HIGH_CONFIDENCE_MERGED,H0359,cp_01M3NX21W1E2AA9HVQ593RMNSX,cross-sell-banner/shared/main/text-let-s-also-invite,2,CONSUMER:1959;CONSUMER:1980,Let's also invite your friends to GoPay and earn rewards for you & your friends.
HIGH_CONFIDENCE_MERGED,H0360,cp_01M3NX21WEE3HB6CCRCCTBNVSC,voucher-pack-retention-project/shared/main/text-let-s-use-purchased,4,CONSUMER:2095;CONSUMER:2098;CONSUMER:2104;CONSUMER:2119,Let's use your purchased voucher so you can save more!
HIGH_CONFIDENCE_MERGED,H0361,cp_01M3NX21WHFQQSA44SJY0BZH69,voucher-pack-retention-project/shared/main/text-let-s-use-purchased-2,2,CONSUMER:2122;CONSUMER:2128,Let's use your purchased voucher so you can earn cash back and save more!
HIGH_CONFIDENCE_MERGED,H0362,cp_01M3NX21WKE6ZV253HADYEZ208,voucher-pack-retention-project/shared/main/text-let-s-use-voucher-2,2,CONSUMER:2134;CONSUMER:2140,Let's use your voucher now so the voucher you bought won't be wasted.
HIGH_CONFIDENCE_MERGED,H0363,cp_01M3NX220FFBFT1H2F8S9HMZAF,group-mission/shared/main/text-gather-10-people,5,CONSUMER:3002;CONSUMER:3028;CONSUMER:3040;CONSUMER:3053;CONSUMER:3065,Gather 10 people to claim reward
HIGH_CONFIDENCE_MERGED,H0364,cp_01M3NX220MEX9VPD2WS20Z3A5E,group-mission/shared/main/text-mission-timer-ended,3,CONSUMER:3031;CONSUMER:3043;CONSUMER:3056,Mission timer has ended
HIGH_CONFIDENCE_MERGED,H0365,cp_01M3NX220QE4FBR7VZJYPA0TBK,group-mission/shared/main/text-stay-tuned-next,2,CONSUMER:3051;CONSUMER:3063,Stay tuned for next mission
HIGH_CONFIDENCE_MERGED,H0366,cp_01M3NX221QECNVRPAT32B15NKC,scratch-card/shared/main/text-start-transaction,2,CONSUMER:3217;CONSUMER:3224,Start your transaction
HIGH_CONFIDENCE_MERGED,H0367,cp_01M3NX2229E5ZBGNRSVGMG3C7Q,app-rating-improvement/shared/main/text,4,CONSUMER:3346;CONSUMER:3349;CONSUMER:3352;CONSUMER:3355,Let us know what you think so we can understand you better.
HIGH_CONFIDENCE_MERGED,H0368,cp_01M3NX222ME9XBPRVP1GCAFRF2,a-plus-rewards/shared/main/text-more-rewards,2,CONSUMER:3444;CONSUMER:3447,More A+ rewards features
HIGH_CONFIDENCE_MERGED,H0369,cp_01M3NX222PE0HBCM4MD4891CVM,gems-hub/shared/main/text-spin-wheel-gift,2,CONSUMER:3471;CONSUMER:3483,Spin the wheel at Gift Arena
HIGH_CONFIDENCE_MERGED,H0370,cp_01M3NX222PETK8A7KJETKXSVBC,gems-hub/shared/main/text-use-ruby-ruby-zone,2,CONSUMER:3472;CONSUMER:3484,Use your Ruby on Ruby Zone
HIGH_CONFIDENCE_MERGED,H0371,cp_01M3NX222QFWJTYZY254WV1NN8,gems-hub/shared/main/text-use-ruby-ruby-zone-2,2,CONSUMER:3479;CONSUMER:3488,Use Ruby on Ruby Zone
HIGH_CONFIDENCE_MERGED,H0372,cp_01M3NX2238E5NVYNXDN3GERTVZ,ruby-leaderboard/shared/main/text-ve-added-reward,2,CONSUMER:3580;CONSUMER:3637,We’ve added your reward to your {unresolved} balance
HIGH_CONFIDENCE_MERGED,H0373,cp_01M3NX224CEX88SWJT3W0Y617Y,security-alert/account-safety/main/text-balance-loss-occurs,2,CONSUMER:3781;CONSUMER:3795,Balance loss that occurs outside your control will be covered.
HIGH_CONFIDENCE_MERGED,H0374,cp_01M3NX224CFXW87BW7E4B4P2R6,security-alert/account-safety/main/text-learn-more-about,2,CONSUMER:3782;CONSUMER:3796,Learn more about this
HIGH_CONFIDENCE_MERGED,H0375,cp_01M3NX224KEMGRNQ5XD8Z956J9,security-alert/account-activity/banner-if-this-wasnt-you/banner,2,CONSUMER:3816;CONSUMER:3830,We secured your account on {unresolved}
HIGH_CONFIDENCE_MERGED,H0376,cp_01M3NX224ZEE7RKSMTZB3RDR5R,security-alert/account-activity/main/text-balance-loss-occurs,3,CONSUMER:3890;CONSUMER:3918;CONSUMER:3939,Balance loss that occurs outside your control will be covered.
HIGH_CONFIDENCE_MERGED,H0377,cp_01M3NX224ZEY6BKH89TQ7CC81W,security-alert/account-activity/main/text-learn-more-about,3,CONSUMER:3891;CONSUMER:3919;CONSUMER:3940,Learn more about this
HIGH_CONFIDENCE_MERGED,H0378,cp_01M3NX2250EH2989DZHGTAGQ33,security-alert/account-activity/main/text-update-pin-regularly,2,CONSUMER:3904;CONSUMER:3925,Update your PIN regularly to stay protected
HIGH_CONFIDENCE_MERGED,H0379,cp_01M3NX225KERAVN2NR1G5GYNVB,gostar-entrypoint/shared/main/text-every-transaction,2,CONSUMER:4036;CONSUMER:4045,Every transaction helps you collect more Stars.
HIGH_CONFIDENCE_MERGED,H0380,cp_01M3NX2263EN4BQJZ5JFW8MM2W,spin-the-wheel-ruby-zone/shared/main/text,2,CONSUMER:4132;CONSUMER:4144,Spin to win using {unresolved} {logo_ruby}
HIGH_CONFIDENCE_MERGED,H0381,cp_01M3NX2266ED0B3YB5FQX776CY,spin-the-wheel-ruby-zone/shared/main/cta-2,5,CONSUMER:4150;CONSUMER:4154;CONSUMER:4158;CONSUMER:4162;CONSUMER:4185,Use {unresolved} {logo_ruby}
HIGH_CONFIDENCE_MERGED,H0382,cp_01M3NX2268FAW9NKAP35JTZNR6,spin-the-wheel-ruby-zone/shared/main/text-get-reward-up-1mio,2,CONSUMER:4165;CONSUMER:4169,Get reward up to 1mio Coins!
HIGH_CONFIDENCE_MERGED,H0383,cp_01M3NX2269E46RYZ4590DKW8NP,spin-the-wheel-ruby-zone/shared/main/text-use-unresolved-logo,2,CONSUMER:4166;CONSUMER:4170,Use {unresolved} {logo_ruby}
HIGH_CONFIDENCE_MERGED,H0384,cp_01M3NX2275E64R14FDE44HNGE5,gopay-widget-quick-actions/iphone/4/text,2,CONSUMER:4353;CONSUMER:4375,"Type ""GoPay"" and choose your preferred GoPay feature"
HIGH_CONFIDENCE_MERGED,H0385,cp_01M3NX227JEY6RFWN1DVD5E3SW,call-shield/shared/main/description-6,2,CONSUMER:4439;CONSUMER:4443,"GoPay will never ask for your PIN, OTP, or request money transfers during a call"
HIGH_CONFIDENCE_MERGED,H0386,cp_01M3NX2294E5B9BN2FHBTFSMKF,group-platform/group-creation-flow/main/text-ll-lose-access-group,3,CONSUMER:4734;CONSUMER:4759;CONSUMER:4769,You’ll lose access to group transactions
HIGH_CONFIDENCE_MERGED,H0387,cp_01M3NX2294FG58BYPBNY8K2M0D,group-platform/group-creation-flow/main/text-t-reply-group,3,CONSUMER:4735;CONSUMER:4760;CONSUMER:4770,You can’t reply to group messages
HIGH_CONFIDENCE_MERGED,H0388,cp_01M3NX2294ENCT1K8FYHE7Y4BG,group-platform/group-creation-flow/main/text-ll-need-select,2,CONSUMER:4736;CONSUMER:4771,You’ll need to select members manually for future split bills
HIGH_CONFIDENCE_MERGED,H0389,cp_01M3NX2295F37V1Z6K71RMY120,group-platform/group-creation-flow/main/text-only-members-group,2,CONSUMER:4737;CONSUMER:4772,Only members of the group can add you back
HIGH_CONFIDENCE_MERGED,H0390,cp_01M3NX22B5E7GSFGXVFN6BT2VP,3pd-alert/shared/main/text-verified-unresolved,2,CONSUMER:5038;CONSUMER:5051,Verified with {unresolved}
HIGH_CONFIDENCE_MERGED,H0391,cp_01M3NX22BKF6G974CA57QC0JPT,3pd-alert/shared/main/text-manage-apps-link,2,CONSUMER:5137;CONSUMER:5141,Manage apps that you link to GoPay
HIGH_CONFIDENCE_MERGED,H0392,cp_01M3NX22DXFR8AAAC263NJVDBM,expense-management/gopay-home-shuffle-card-users/main/cta,3,MONEY:15;MONEY:20;MONEY:24,Check the full report
HIGH_CONFIDENCE_MERGED,H0393,cp_01M3NX22EBF8F89MGMB8SH7HYY,expense-management/graph-when-clicked-on-a-week/main/text,2,MONEY:82;MONEY:106,{month} - You're on week 4
HIGH_CONFIDENCE_MERGED,H0394,cp_01M3NX22G1EEHVEJYHVKH3P41Y,gopay-diary/gd-recap/main/cta-2,2,MONEY:338;MONEY:342,Discover promos on GoPay app
HIGH_CONFIDENCE_MERGED,H0395,cp_01M3NX22GQF0QTZEKYPFBMY1JK,transaction-receipt-detail-view/shared/status/text,2,MONEY:442;MONEY:453,"Please refer to this sheet, ""Cash out"" tab"
HIGH_CONFIDENCE_MERGED,H0396,cp_01M3NX22JQE71B1V2CSBZHX4N9,ewallet/search/search-bar/placeholder,2,MONEY:788;MONEY:4320,Enter name or phone number
HIGH_CONFIDENCE_MERGED,H0397,cp_01M3NX22KPFJVRV05JA7AKGDHR,p2p-receiver-balance-limit/shared/main/cta,2,MONEY:941;MONEY:952,"Yes, transfer to bank account"
HIGH_CONFIDENCE_MERGED,H0398,cp_01M3NX22MAEVBAT782NHHQ9EKA,awaiting-payment/va-generated/first-notif-after-va-generated/text,2,MONEY:1047;MONEY:1081,Complete your VA transfer now 🔔
HIGH_CONFIDENCE_MERGED,H0399,cp_01M3NX22MBFYNBF25EQZK6BKZ0,awaiting-payment/nudge-after-x-hours/nudge-after-12-hours/text,2,MONEY:1050;MONEY:1084,Your VA transfer is expiring soon ⏳
HIGH_CONFIDENCE_MERGED,H0400,cp_01M3NX22MCE7PBCPA1NCJVSKYK,awaiting-payment/nudge-after-x-days/not-yet-implemented/text,2,MONEY:1053;MONEY:1087,"Hey, remember your VA transfer?"
HIGH_CONFIDENCE_MERGED,H0401,cp_01M3NX22MDF1NVRGGY6SK0B08B,payment-expired/va-payment-expired/main/title,2,MONEY:1062;MONEY:1097,Your VA number has expired
HIGH_CONFIDENCE_MERGED,H0402,cp_01M3NX22MEFGQBK3BX4BSYT21R,payment-expired/va-payment-expired/main/description,2,MONEY:1063;MONEY:1098,We couldn't process your transfer within the time period. Tap to retry.
HIGH_CONFIDENCE_MERGED,H0403,cp_01M3NX22MFF57T59R58K7X4CAG,sending-to-recipient-failed/va-transfer-failed-from-gopay-to/reminder-to-retransfer/text,2,MONEY:1068;MONEY:1103,Would you like to retransfer?
HIGH_CONFIDENCE_MERGED,H0404,cp_01M3NX22MFEHJRXHPJKH81P2JV,sending-to-recipient-failed/va-payment-retransfer-in/main/title,2,MONEY:1071;MONEY:1106,Retransfer in progress
HIGH_CONFIDENCE_MERGED,H0405,cp_01M3NX22MGF1WRK1K1GM8SKQCX,sending-to-recipient-failed/va-payment-retransfer-in/main/description,2,MONEY:1072;MONEY:1107,"Please sit tight, we'll let you know once it's done."
HIGH_CONFIDENCE_MERGED,H0406,cp_01M3NX22MGE98TC3TDK4BP4Y02,sending-to-recipient-failed/va-payment-retransfer-successful/main/title,2,MONEY:1074;MONEY:1109,Retransfer successful!
HIGH_CONFIDENCE_MERGED,H0407,cp_01M3NX22MGFXMA8SXWMRX4WAM4,sending-to-recipient-failed/va-payment-retransfer-successful/main/description,2,MONEY:1075;MONEY:1110,We've retransferred your money to {bank_account}.
HIGH_CONFIDENCE_MERGED,H0408,cp_01M3NX22NQFCMSP3Z018K7K3W2,withdraw-at-minimart/select-withdraw-method/main/text-share-code-cashier,2,MONEY:1303;MONEY:1305,Share the code to the cashier
HIGH_CONFIDENCE_MERGED,H0409,cp_01M3NX22Q2EG9RN8KWH5EJWRA1,qris-entry-point/shared/main/text-use-qris-business,2,MONEY:1505;MONEY:1509,Use QRIS for business payment
HIGH_CONFIDENCE_MERGED,H0410,cp_01M3NX22R1FXN9NK6ZTD217YZ4,revamp/home/saving-banktransfer/title,2,MONEY:1636;MONEY:1707,Transfer via bank
HIGH_CONFIDENCE_MERGED,H0411,cp_01M3NX22S5FZYB2XFPCSAGBDK9,top-up-via-bank-nagari/shared/main/text-enter-gopay,2,MONEY:1787;MONEY:1793,Enter the GoPay-registered phone number.
HIGH_CONFIDENCE_MERGED,H0412,cp_01M3NX22S5FPRTP6VYZ62CE2WQ,common/enter-the-top-up-amount/main/text,2,MONEY:1788;MONEY:1794;MONEY:1844,Enter the top-up amount.
HIGH_CONFIDENCE_MERGED,H0413,cp_01M3NX22S5F3GT87WGQYC4T7E8,top-up-via-bank-nagari/shared/main/text-follow-screen,2,MONEY:1789;MONEY:1795,Follow the on-screen instructions to complete the transaction.
HIGH_CONFIDENCE_MERGED,H0414,cp_01M3NX22SSFT8TYNVQR3P0GGQQ,top-up/main/main/description-4,2,MONEY:1888;MONEY:1897,Admin fee Rp{amount}-Rp{amount}
HIGH_CONFIDENCE_MERGED,H0415,cp_01M3NX22TSFG38D4NYBHKX2KTJ,simpanan-onboarding/interest-simulator/main/text-interest-added,2,MONEY:2030;MONEY:2039,The interest will be added to your balance every end of the month.
HIGH_CONFIDENCE_MERGED,H0416,cp_01M3NX22WWEWTB0A7ZHQP9QJ8H,transaction-history-download/shared/main/description-5,2,MONEY:2338;MONEY:2344,So we can send the requested transaction history to your e-mail.
HIGH_CONFIDENCE_MERGED,H0417,cp_01M3NX22Z8FP390FMAYKWGQQSQ,gopay-transfer-ramadan-envelope/envelope-home/main/text,2,MONEY:2709;MONEY:2751,Share THR with GoPay for those who are near & far Send it to anyone who are on GoPay or not
HIGH_CONFIDENCE_MERGED,H0418,cp_01M3NX22Z8EC6AG71EDG6NVDZM,envelope/home/sendenvelope/cta,2,MONEY:2710;MONEY:2924,Choose receiver
HIGH_CONFIDENCE_MERGED,H0419,cp_01M3NX22ZBFZKRS8T5XQR42927,envelope/note/dialog/title,2,MONEY:2724;MONEY:2946,Send wishes for Faiz
HIGH_CONFIDENCE_MERGED,H0420,cp_01M3NX22ZBFZ88MWJVCRSXT518,envelope/note/dialog-placeholder/description,2,MONEY:2725;MONEY:2947,Type your wishes for them here
HIGH_CONFIDENCE_MERGED,H0421,cp_01M3NX22ZCEFQTHWKKVTNCDPER,envelope/note/dialog-placeholder/description-2,2,MONEY:2726;MONEY:2948,Type your wishes here or pick any from the options below
HIGH_CONFIDENCE_MERGED,H0422,cp_01M3NX22ZFE3DAQ46SAT0NKC9M,envelope/success/envelopepreview-receiverongopay/cta,2,MONEY:2738;MONEY:2968,Ask them to open gift
HIGH_CONFIDENCE_MERGED,H0423,cp_01M3NX22ZFF9G9AE2ZNAW0AA8H,envelope/success/envelopepreview/title,2,MONEY:2740;MONEY:2970,{unresolved} is not yet on GoPay
HIGH_CONFIDENCE_MERGED,H0424,cp_01M3NX22ZGE8DVCR54MQ7YA5FD,envelope/success/envelopepreview/cta,2,MONEY:2742;MONEY:2972,Invite them
HIGH_CONFIDENCE_MERGED,H0425,cp_01M3NX22ZJECAS6T1VQC1GN5BS,envelope/home/sent-sentto/title,2,MONEY:2755;MONEY:3156,Sent to
HIGH_CONFIDENCE_MERGED,H0426,cp_01M3NX2307E5RBWD0X868HR27F,envelope/details/status-date/description,2,MONEY:2835;MONEY:2838,"On <date, day & time>"
HIGH_CONFIDENCE_MERGED,H0427,cp_01M3NX235JFD3AVSA0Y6DJJ4YK,money/shared/overdue/text,2,MONEY:3577;MONEY:3591,Your repayment is overdue
HIGH_CONFIDENCE_MERGED,H0428,cp_01M3NX236XF1KR9K3W171GWA21,va/inputaccountpage/main/title,2,MONEY:3782;MONEY:3793,{bank} Virtual Account
HIGH_CONFIDENCE_MERGED,H0429,cp_01M3NX237GEXMTQVQDGCQ3HAYN,bca/shared/main/text-enter-virtual,3,MONEY:3876;MONEY:3881;MONEY:3886,Enter Virtual Account number.
HIGH_CONFIDENCE_MERGED,H0430,cp_01M3NX237GFV6BN0BXMS7EJ2H7,bca/shared/main/text-follow-next,3,MONEY:3877;MONEY:3882;MONEY:3887,Follow the next instructions to complete your transfer.
HIGH_CONFIDENCE_MERGED,H0431,cp_01M3NX238NEWFSN4J9SW4QC7RS,user-journey/invoice-management/main/text-name-details-amount,2,MONEY:4015;MONEY:4023,{name} {details} {amount}
HIGH_CONFIDENCE_MERGED,H0432,cp_01M3NX239GEVXVA631AH02SHW9,specific-occasions/shared/main/text-sender-sent-gift,2,MONEY:4130;MONEY:4136,{sender} sent you a gift with a very special voice note from a certain celebrity. 🤩 Let's open it be
HIGH_CONFIDENCE_MERGED,H0433,cp_01M3NX239XE24A1FJWBN0HJ136,specific-occasions/push-notif-opened/main/text,6,MONEY:4203;MONEY:4206;MONEY:4209;MONEY:4212;MONEY:4215;MONEY:4218,"Yeay, {gift_amount} from {first_name} has been added to your GoPay Saldo."
HIGH_CONFIDENCE_MERGED,H0434,cp_01M3NX23AWFYAR3Z4GZ3V9H1V3,term-deposit/shared/main/text-renew-principal,3,MONEY:4431;MONEY:4452;MONEY:4507,Renew principal & interest
HIGH_CONFIDENCE_MERGED,H0435,cp_01M3NX23AXECGR9YS1R5KSN721,term-deposit/shared/main/text-withdraw-principal,3,MONEY:4437;MONEY:4454;MONEY:4509,Withdraw principal & interest
HIGH_CONFIDENCE_MERGED,H0436,cp_01M3NX23AZE77ARK8ZPPK10WNJ,term-deposit/shared/main/text-estimated-final,2,MONEY:4445;MONEY:4471,Estimated final balance (net)
HIGH_CONFIDENCE_MERGED,H0437,cp_01M3NX23CBFV6V5JNCGM1NYWT6,panen-simpanan/on-simpanan-landing/main/text-let-s-save-more,2,MONEY:4659;MONEY:4663,Let's save more to climb the ranks!
HIGH_CONFIDENCE_MERGED,H0438,cp_01M3NX23GQEQ6SK9FHJX3F8M31,taiwan-notice/recipient-form/exceed-length/error-2,4,MONEY:5305;MONEY:5311;MONEY:5339;MONEY:5344,Must be 1–100 characters
HIGH_CONFIDENCE_MERGED,H0439,cp_01M3NX23GREQ29PBMYQC2FFBYK,taiwan-notice/recipient-form/format/error-2,2,MONEY:5312;MONEY:5345,"Use letters, spaces, (-), ('), or (.) only"
HIGH_CONFIDENCE_MERGED,H0440,cp_01M3NX23GTEFYRK79QBPBSX5D6,taiwan-notice/recipient-form/format/error-3,2,MONEY:5319;MONEY:5351,"Use letters, numbers, spaces, (-), ('), or (.) only"
HIGH_CONFIDENCE_MERGED,H0441,cp_01M3NX23KDE1N9HR2NV4QW60Z2,instruction-smbc/shared/main/text-enter-desired-top-up,2,MONEY:5624;MONEY:5631,Enter the desired top-up amount.
HIGH_CONFIDENCE_MERGED,H0442,cp_01M3NX23KDFJ3SKDAYEP3T32GK,instruction-smbc/shared/main/text-review-details-then,2,MONEY:5625;MONEY:5632,"Review the details, then tap Confirm. Your GoPay balance will be credited instantly."
HIGH_CONFIDENCE_MERGED,H0443,cp_01M3NX23SHFH3R6B7P4A7EQTPA,transaction-history-download-v-2/shared/main/description-5,2,MONEY:6295;MONEY:6301,So we can send the requested transaction history to your e-mail.
SAME_CONTEXT_SAME_PAIR_SHORT,P0444,cp_01M3NX2029F4B81FWYMB5KAWVK,crypto/input-amount/main/text,2,INVESTMENT:321,Rp{amount}
SAME_CONTEXT_SAME_PAIR_SHORT,P0444,cp_01M3NX2029F6HREH8MW19K7Z1C,crypto/input-amount/main/text-rp-amount,2,INVESTMENT:370,Rp{amount}
SAME_CONTEXT_SAME_PAIR_SHORT,P0445,cp_01M3NX202AE2RSJQCPZWX0S5ZV,mutualfund/sellingpage/amountsection-annotation/text,2,INVESTMENT:680,Amount in
SAME_CONTEXT_SAME_PAIR_SHORT,P0445,cp_01M3NX202AE1BAH05KRXR4JY3R,mutualfund/sellingpage/amountsection-annotation/text-amount,2,INVESTMENT:681,Amount in
SAME_CONTEXT_SAME_PAIR_SHORT,P0446,cp_01M3NX202BFBGAJCKAW6GEFFVR,mutual-fund-asset-details/shared/main/text-6-00,2,INVESTMENT:801,6.00%
SAME_CONTEXT_SAME_PAIR_SHORT,P0446,cp_01M3NX202BF97SW0376XPZJ84T,mutual-fund-asset-details/shared/main/text-6-00-2,2,INVESTMENT:808,6.00%
SAME_CONTEXT_SAME_PAIR_SHORT,P0447,cp_01M3NX202DF30S103F5AT6BG03,stamp-duty/shared/main/text-stamp-duty,3,INVESTMENT:1009,Stamp duty
SAME_CONTEXT_SAME_PAIR_SHORT,P0447,cp_01M3NX202DF6ETKEAQB2R8BKEA,stamp-duty/shared/main/text-stamp-duty-2,3,INVESTMENT:1026,Stamp duty
SAME_CONTEXT_SAME_PAIR_SHORT,P0447,cp_01M3NX202DE1DSYWM6W33W43AN,stamp-duty/shared/main/text-stamp-duty-3,3,INVESTMENT:1038,Stamp duty
SAME_CONTEXT_SAME_PAIR_SHORT,P0448,cp_01M3NX202DEW1BKN7NFZZJ2VMM,stamp-duty/shared/main/text-rp10-000,2,INVESTMENT:1010,Rp10.000
SAME_CONTEXT_SAME_PAIR_SHORT,P0448,cp_01M3NX202DF2NBNGBM85BZQVP6,stamp-duty/shared/main/text-rp10-000-2,2,INVESTMENT:1046,Rp10.000
SAME_CONTEXT_SAME_PAIR_SHORT,P0449,cp_01M3NX202DEK6T1RBRRF9QR2A6,stamp-duty/shared/main/text-pay,2,INVESTMENT:1011,Pay
SAME_CONTEXT_SAME_PAIR_SHORT,P0449,cp_01M3NX202DEYMB3B62BRBG571K,stamp-duty/shared/main/text-pay-2,2,INVESTMENT:1047,Pay
SAME_CONTEXT_SAME_PAIR_SHORT,P0450,cp_01M3NX202FF6HTYCPZKT2TRBH8,gold/onboarding/main/text-buy,3,INVESTMENT:1225,Buy
SAME_CONTEXT_SAME_PAIR_SHORT,P0450,cp_01M3NX202FEESBRXBBCS0N89CV,gold/onboarding/main/text-buy-2,3,INVESTMENT:1235,Buy
SAME_CONTEXT_SAME_PAIR_SHORT,P0450,cp_01M3NX202FFFZ9Y13R6V2J17WF,gold/onboarding/main/text-buy-3,3,INVESTMENT:1255,Buy
SAME_CONTEXT_SAME_PAIR_SHORT,P0451,cp_01M3NX202GEMSSDK6D50TKKTT8,in-rp/shared/main/subtitle,2,INVESTMENT:1352,Current price
SAME_CONTEXT_SAME_PAIR_SHORT,P0451,cp_01M3NX202GFQMSK21ETTMW8289,in-rp/shared/main/subtitle-2,2,INVESTMENT:1395,Current price
SAME_CONTEXT_SAME_PAIR_SHORT,P0452,cp_01M3NX202GFS08EYCXJ7MTBA1R,in-rp/shared/main/text,2,INVESTMENT:1353,Rp2.000.000/gram
SAME_CONTEXT_SAME_PAIR_SHORT,P0452,cp_01M3NX202GEZ2RAZ5QM4BAC6XD,in-rp/shared/main/text-rp2-000-000-gram,2,INVESTMENT:1396,Rp2.000.000/gram
SAME_CONTEXT_SAME_PAIR_SHORT,P0453,cp_01M3NX202GE83RER2DPZVWJFPM,in-rp/shared/main/text-rp2-000-000,2,INVESTMENT:1356,Rp2.000.000
SAME_CONTEXT_SAME_PAIR_SHORT,P0453,cp_01M3NX202GEF29CH5JJ2ZVE5TP,in-rp/shared/main/text-rp2-000-000-2,2,INVESTMENT:1399,Rp2.000.000
SAME_CONTEXT_SAME_PAIR_SHORT,P0454,cp_01M3NX202GEAN82AFNAMQTQ6J7,in-rp/shared/main/text-idr-gram,2,INVESTMENT:1359,IDR -> Gram
SAME_CONTEXT_SAME_PAIR_SHORT,P0454,cp_01M3NX202GF84RPB7C3CNMQ3MC,in-rp/shared/main/text-idr-gram-2,2,INVESTMENT:1402,IDR -> Gram
SAME_CONTEXT_SAME_PAIR_SHORT,P0455,cp_01M3NX202GFBTBGRXEPB16GE0Q,gold/spot/buypage/cta-primary,2,INVESTMENT:1366;INVESTMENT:1387,Confirm
SAME_CONTEXT_SAME_PAIR_SHORT,P0455,cp_01M3NX202HE3PRP8TK1XV280CN,gold/spot/sellpage/cta-primary,2,INVESTMENT:1412;INVESTMENT:1433,Confirm
SAME_CONTEXT_SAME_PAIR_SHORT,P0456,cp_01M3NX202HE97TBB12277N25SV,purchase-oh/shared/main/text,2,INVESTMENT:1494,Rp2.000.000
SAME_CONTEXT_SAME_PAIR_SHORT,P0456,cp_01M3NX202JEZCVFX31JY2T151M,purchase-oh/shared/main/text-rp2-000-000,2,INVESTMENT:1517,Rp2.000.000
SAME_CONTEXT_SAME_PAIR_SHORT,P0457,cp_01M3NX202HETGSMS493ZWETXJN,purchase-oh/shared/main/text-1-g,2,INVESTMENT:1496,1 g
SAME_CONTEXT_SAME_PAIR_SHORT,P0457,cp_01M3NX202JECK9855ZHFC9J4JZ,purchase-oh/shared/main/text-1-g-2,2,INVESTMENT:1514,1 g
SAME_CONTEXT_SAME_PAIR_SHORT,P0458,cp_01M3NX202JF9F81QN3K9PDDGEX,selling-oh/shared/main/text,2,INVESTMENT:1526,Rp2.000.000
SAME_CONTEXT_SAME_PAIR_SHORT,P0458,cp_01M3NX202JFNTV3BRQJ76XDPSN,selling-oh/shared/main/text-rp2-000-000,2,INVESTMENT:1549,Rp2.000.000
SAME_CONTEXT_SAME_PAIR_SHORT,P0459,cp_01M3NX202JFMNA3N0W86NW8RPH,selling-oh/shared/main/text-1-g,2,INVESTMENT:1528,1 g
SAME_CONTEXT_SAME_PAIR_SHORT,P0459,cp_01M3NX202JERRV5RRE30K2X0HD,selling-oh/shared/main/text-1-g-2,2,INVESTMENT:1546,1 g
SAME_CONTEXT_SAME_PAIR_SHORT,P0460,cp_01M3NX202KFGYBXAW9JCJVTXXT,error-bottom-sheet-from-treasury/shared/main/text-got,4,INVESTMENT:1583,Got it!
SAME_CONTEXT_SAME_PAIR_SHORT,P0460,cp_01M3NX202KEQWTQ50T65G96AM2,error-bottom-sheet-from-treasury/shared/main/text-got-2,4,INVESTMENT:1587,Got it!
SAME_CONTEXT_SAME_PAIR_SHORT,P0460,cp_01M3NX202KEHMBBY584KVA48HY,error-bottom-sheet-from-treasury/shared/main/text-got-3,4,INVESTMENT:1591,Got it!
SAME_CONTEXT_SAME_PAIR_SHORT,P0460,cp_01M3NX202KF4E8V1T4CHXDKJ97,error-bottom-sheet-from-treasury/shared/main/text-got-4,4,INVESTMENT:1595,Got it!
SAME_CONTEXT_SAME_PAIR_SHORT,P0461,cp_01M3NX202KFGSVANQQK3DDFZWZ,gold-sip/shared/main/text-auto-invest,2,INVESTMENT:1604,Auto invest
SAME_CONTEXT_SAME_PAIR_SHORT,P0461,cp_01M3NX202KFKSTM8FT7G5P538W,gold-sip/shared/main/text-auto-invest-2,2,INVESTMENT:1656,Auto invest
SAME_CONTEXT_SAME_PAIR_SHORT,P0462,cp_01M3NX202MEB2AY1XFNJW1VXT9,currency-numbers-and-date/shared/full-version-of-million/text,2,INVESTMENT:1702,million
SAME_CONTEXT_SAME_PAIR_SHORT,P0462,cp_01M3NX203AF6VV2YPSHD54183H,currency-numbers-and-date/shared/full-version-of-million/text-million,2,INVESTMENT:3114,million
SAME_CONTEXT_SAME_PAIR_SHORT,P0463,cp_01M3NX202MEWTRJH0QWM85X62G,currency-numbers-and-date/shared/short-version-of-million/text,2,INVESTMENT:1703,mio
SAME_CONTEXT_SAME_PAIR_SHORT,P0463,cp_01M3NX203AEJY9CXKGB7DTB95Q,currency-numbers-and-date/shared/short-version-of-million/text-mio,2,INVESTMENT:3115,mio
SAME_CONTEXT_SAME_PAIR_SHORT,P0464,cp_01M3NX202MF50VRWFRBYA830B3,currency-numbers-and-date/shared/short-version-of-thousand/text,2,INVESTMENT:1704,k
SAME_CONTEXT_SAME_PAIR_SHORT,P0464,cp_01M3NX203AFXJV1ZGSXVJ7B7EZ,currency-numbers-and-date/shared/short-version-of-thousand/text-k,2,INVESTMENT:3116,k
SAME_CONTEXT_SAME_PAIR_SHORT,P0465,cp_01M3NX202MF49RH2CDCMW0K3VQ,currency-numbers-and-date/shared/date/text,2,INVESTMENT:1706,20 August 2026
SAME_CONTEXT_SAME_PAIR_SHORT,P0465,cp_01M3NX203AE7ET3X988NEKGK78,currency-numbers-and-date/shared/date/text-20-august-2026,2,INVESTMENT:3118,20 August 2026
SAME_CONTEXT_SAME_PAIR_SHORT,P0466,cp_01M3NX202MFJAV5DCZW2DB0FYB,currency-numbers-and-date/shared/main/text,2,INVESTMENT:1707,20 Aug 2026
SAME_CONTEXT_SAME_PAIR_SHORT,P0466,cp_01M3NX203AF2EAW4JSK2GSJ4F2,currency-numbers-and-date/shared/main/text-20-aug-2026,2,INVESTMENT:3119,20 Aug 2026
SAME_CONTEXT_SAME_PAIR_SHORT,P0467,cp_01M3NX202MFF8TEM1PP71FEF9W,currency-numbers-and-date/shared/main/text-20-aug-26,2,INVESTMENT:1708,20 Aug 26
SAME_CONTEXT_SAME_PAIR_SHORT,P0467,cp_01M3NX203AFSPVMMHWN0E9DHDB,currency-numbers-and-date/shared/main/text-20-aug-26-2,2,INVESTMENT:3120,20 Aug 26
SAME_CONTEXT_SAME_PAIR_SHORT,P0468,cp_01M3NX202ME1JANE4XE4NZ33JV,installment-simulation/shared/main/text-rp-0,4,INVESTMENT:1742,Rp<0>
SAME_CONTEXT_SAME_PAIR_SHORT,P0468,cp_01M3NX203AEQ9VBKKK0AAWVPGG,installment-simulation/shared/main/text-rp-0-2,4,INVESTMENT:3164,Rp<0>
SAME_CONTEXT_SAME_PAIR_SHORT,P0468,cp_01M3NX203BFB7RSYQ29E6ZY1K9,installment-simulation/shared/main/text-rp-0-3,4,INVESTMENT:3190,Rp<0>
SAME_CONTEXT_SAME_PAIR_SHORT,P0468,cp_01M3NX203BF04AEHX17M4MMBBJ,installment-simulation/shared/main/text-rp-0-4,4,INVESTMENT:3195,Rp<0>
SAME_CONTEXT_SAME_PAIR_SHORT,P0469,cp_01M3NX202MFETVS6YJJCE8ZH8Z,installment-simulation/shared/main/text-0-00,2,INVESTMENT:1744,<0.00>%
SAME_CONTEXT_SAME_PAIR_SHORT,P0469,cp_01M3NX203AEPCSRDQE6MCRKM2C,installment-simulation/shared/main/text-0-00-2,2,INVESTMENT:3166,<0.00>%
SAME_CONTEXT_SAME_PAIR_SHORT,P0470,cp_01M3NX202NFE6SW7EJT0P4C3TE,installment-simulation/shared/main/text-rp2-000-000-gram,3,INVESTMENT:1768,Rp2.000.000/gram
SAME_CONTEXT_SAME_PAIR_SHORT,P0470,cp_01M3NX202NE9CA17Y093DY4F07,installment-simulation/shared/main/text-rp2-000-000-gram-2,3,INVESTMENT:1783,Rp2.000.000/gram
SAME_CONTEXT_SAME_PAIR_SHORT,P0470,cp_01M3NX202NFY5AR3WSNQ5MSSTH,installment-simulation/shared/main/text-rp2-000-000-gram-3,3,INVESTMENT:1804,Rp2.000.000/gram
SAME_CONTEXT_SAME_PAIR_SHORT,P0471,cp_01M3NX202NESJBRBT2AHZNWW9B,installment-simulation/shared/main/text-locked,2,INVESTMENT:1773,Locked
SAME_CONTEXT_SAME_PAIR_SHORT,P0471,cp_01M3NX203BFMFVWR1AH5ECKQYT,installment-simulation/shared/main/text-locked-2,2,INVESTMENT:3206,Locked
SAME_CONTEXT_SAME_PAIR_SHORT,P0472,cp_01M3NX202NFZEA18G4FWYAS5KD,installment-simulation/shared/main/text-5-g,3,INVESTMENT:1776,5 g
SAME_CONTEXT_SAME_PAIR_SHORT,P0472,cp_01M3NX202NEXD8185EKVKWB3MA,installment-simulation/shared/main/text-5-g-2,3,INVESTMENT:1790,5 g
SAME_CONTEXT_SAME_PAIR_SHORT,P0472,cp_01M3NX202NFX3S3XJ4ZSR32KCW,installment-simulation/shared/main/text-5-g-3,3,INVESTMENT:1811,5 g
SAME_CONTEXT_SAME_PAIR_SHORT,P0473,cp_01M3NX202NE4ZRNQHST14197GM,installment-simulation/shared/main/text-1-g-min,2,INVESTMENT:1789,1 g (Min.)
SAME_CONTEXT_SAME_PAIR_SHORT,P0473,cp_01M3NX202NEB2T3Q9TYCR7DHNZ,installment-simulation/shared/main/text-1-g-min-2,2,INVESTMENT:1810,1 g (Min.)
SAME_CONTEXT_SAME_PAIR_SHORT,P0474,cp_01M3NX202NFA7V9DNWDRSYK2XD,installment-simulation/shared/main/text-25-g-max,2,INVESTMENT:1791,25 g (Max.)
SAME_CONTEXT_SAME_PAIR_SHORT,P0474,cp_01M3NX202NFSPAC12QYBK4RD8P,installment-simulation/shared/main/text-25-g-max-2,2,INVESTMENT:1812,25 g (Max.)
SAME_CONTEXT_SAME_PAIR_SHORT,P0475,cp_01M3NX202NFQYBMQACKTJ275KG,installment-simulation/shared/main/text-3-months,2,INVESTMENT:1816,3 months
SAME_CONTEXT_SAME_PAIR_SHORT,P0475,cp_01M3NX203CFQRTGSME4Z2YPDWW,installment-simulation/shared/main/text-3-months-2,2,INVESTMENT:3249,3 months
SAME_CONTEXT_SAME_PAIR_SHORT,P0476,cp_01M3NX202NET2VFQH7BY3WBG42,installment-simulation/shared/main/text-6-months,2,INVESTMENT:1817,6 months
SAME_CONTEXT_SAME_PAIR_SHORT,P0476,cp_01M3NX203CF0XV3FHWA0Q1QCZX,installment-simulation/shared/main/text-6-months-2,2,INVESTMENT:3250,6 months
SAME_CONTEXT_SAME_PAIR_SHORT,P0477,cp_01M3NX202NFGZTW4Z09ZYSQZ0N,installment-simulation/shared/main/text-9-months,2,INVESTMENT:1818,9 months
SAME_CONTEXT_SAME_PAIR_SHORT,P0477,cp_01M3NX203CFJDVSP9Z9FN4NWZZ,installment-simulation/shared/main/text-9-months-2,2,INVESTMENT:3251,9 months
SAME_CONTEXT_SAME_PAIR_SHORT,P0478,cp_01M3NX202NFTAARD39RCA8WFKY,installment-simulation/shared/main/text-12-months,2,INVESTMENT:1819,12 months
SAME_CONTEXT_SAME_PAIR_SHORT,P0478,cp_01M3NX203CF20SAB5T5QBBMAQF,installment-simulation/shared/main/text-12-months-2,2,INVESTMENT:3252,12 months
SAME_CONTEXT_SAME_PAIR_SHORT,P0479,cp_01M3NX202PFCVS38F4QYM9JP10,credit-application-status/shared/main/text-got,2,INVESTMENT:1877,Got it
SAME_CONTEXT_SAME_PAIR_SHORT,P0479,cp_01M3NX202PE2KBKATHXSBYTGF5,gold/installment/creditapplication/cta,2,INVESTMENT:1896,Got it
SAME_CONTEXT_SAME_PAIR_SHORT,P0480,cp_01M3NX202QFDNBE9JH5PE9ERER,loan-application-purchase-flow/dialogue-card/main/text-1-g,2,INVESTMENT:1956,1 g
SAME_CONTEXT_SAME_PAIR_SHORT,P0480,cp_01M3NX202QE75V54YCTDR4M7JW,loan-application-purchase-flow/dialogue-card/main/text-1-g-2,2,INVESTMENT:2001,1 g
SAME_CONTEXT_SAME_PAIR_SHORT,P0481,cp_01M3NX202QF00A49YYF71NW9YF,loan-application-purchase-flow/dialogue-card/main/text-rp2-000-000,2,INVESTMENT:1957,Rp2.000.000
SAME_CONTEXT_SAME_PAIR_SHORT,P0481,cp_01M3NX202QECPV88B3509KN629,loan-application-purchase-flow/dialogue-card/main/text-rp2-000-000-2,2,INVESTMENT:2002,Rp2.000.000
SAME_CONTEXT_SAME_PAIR_SHORT,P0482,cp_01M3NX202RF1T90D6NTA7BJDHT,loan-application-drop-off/continue-your-purchase-section/main/text,2,INVESTMENT:2099,Rp40.000.000
SAME_CONTEXT_SAME_PAIR_SHORT,P0482,cp_01M3NX202SFW4RXQ90SD4KGMYE,loan-application-drop-off/continue-your-purchase-section/main/text-rp40-000-000,2,INVESTMENT:2107,Rp40.000.000
SAME_CONTEXT_SAME_PAIR_SHORT,P0483,cp_01M3NX202REFWT9TTFVV54NAZ3,loan-application-drop-off/continue-your-purchase-section/main/text-rp3-600-000-mth,2,INVESTMENT:2100,Rp3.600.000/mth
SAME_CONTEXT_SAME_PAIR_SHORT,P0483,cp_01M3NX202SFFJB7Y906A8SRAS6,loan-application-drop-off/continue-your-purchase-section/main/text-rp3-600-000-mth-2,2,INVESTMENT:2108,Rp3.600.000/mth
SAME_CONTEXT_SAME_PAIR_SHORT,P0484,cp_01M3NX202REMQVQNX1BB61R6NZ,loan-application-drop-off/continue-your-purchase-section/main/text-sign-contract,2,INVESTMENT:2101,Sign contract
SAME_CONTEXT_SAME_PAIR_SHORT,P0484,cp_01M3NX202SFEFRXMQN0FC3VYJF,loan-application-drop-off/continue-your-purchase-section/main/text-sign-contract-2,2,INVESTMENT:2109,Sign contract
SAME_CONTEXT_SAME_PAIR_SHORT,P0485,cp_01M3NX202SE6EAA4YHGV9MV08N,l3/shared/main/text,2,INVESTMENT:2192,1 g
SAME_CONTEXT_SAME_PAIR_SHORT,P0485,cp_01M3NX202SEDSTC5142W7021X5,l3/shared/main/text-1-g,2,INVESTMENT:2204,1 g
SAME_CONTEXT_SAME_PAIR_SHORT,P0486,cp_01M3NX202SFHNRSN7DT1ERKDGW,l3/shared/main/text-rp2-000-000,2,INVESTMENT:2193,Rp2.000.000
SAME_CONTEXT_SAME_PAIR_SHORT,P0486,cp_01M3NX202SEV5S5TSBDH2CGH4R,l3/shared/main/text-rp2-000-000-2,2,INVESTMENT:2205,Rp2.000.000
SAME_CONTEXT_SAME_PAIR_SHORT,P0487,cp_01M3NX202SEGT878GVQJ42V0S1,l3/shared/main/text-started-30-aug-25,2,INVESTMENT:2197,Started 30 Aug 25
SAME_CONTEXT_SAME_PAIR_SHORT,P0487,cp_01M3NX202TFGMB4P187MGS05PM,l3/shared/main/text-started-30-aug-25-2,2,INVESTMENT:2209,Started 30 Aug 25
SAME_CONTEXT_SAME_PAIR_SHORT,P0488,cp_01M3NX202SEJ8886Z907RCFYEQ,l3/shared/main/text-ends-30-aug-26,2,INVESTMENT:2198,Ends in 30 Aug 26
SAME_CONTEXT_SAME_PAIR_SHORT,P0488,cp_01M3NX202TF8ES5NKFD4JJZD3T,l3/shared/main/text-ends-30-aug-26-2,2,INVESTMENT:2210,Ends in 30 Aug 26
SAME_CONTEXT_SAME_PAIR_SHORT,P0489,cp_01M3NX202SE0WBXR29P9ZCX8XD,l3/shared/main/text-rp1-500-000-mth,2,INVESTMENT:2199,Rp1.500.000/mth
SAME_CONTEXT_SAME_PAIR_SHORT,P0489,cp_01M3NX202TFWEBQMJ2S9R8N8D1,l3/shared/main/text-rp1-500-000-mth-2,2,INVESTMENT:2211,Rp1.500.000/mth
SAME_CONTEXT_SAME_PAIR_SHORT,P0490,cp_01M3NX202SE6B97BDQ7PCHTEGR,l3/shared/main/text-due-30-oct-25,2,INVESTMENT:2200,Due 30 Oct 25
SAME_CONTEXT_SAME_PAIR_SHORT,P0490,cp_01M3NX202TE0KVEKC2W3E6KE64,l3/shared/main/text-due-30-oct-25-2,2,INVESTMENT:2212,Due 30 Oct 25
SAME_CONTEXT_SAME_PAIR_SHORT,P0491,cp_01M3NX202TEKKR79XB8G1Y2YCM,repayment/shared/main/text-rp3-000-000,5,INVESTMENT:2255,Rp3.000.000
SAME_CONTEXT_SAME_PAIR_SHORT,P0491,cp_01M3NX202TF7NA674KZJEPBN1F,repayment/shared/main/text-rp3-000-000-2,5,INVESTMENT:2259,Rp3.000.000
SAME_CONTEXT_SAME_PAIR_SHORT,P0491,cp_01M3NX202TEP6AB8J566CXHVZ4,repayment/shared/main/text-rp3-000-000-3,5,INVESTMENT:2262,Rp3.000.000
SAME_CONTEXT_SAME_PAIR_SHORT,P0491,cp_01M3NX202VEHNS1W13VSBT8N6G,repayment/shared/main/text-rp3-000-000-4,5,INVESTMENT:2276,Rp3.000.000
SAME_CONTEXT_SAME_PAIR_SHORT,P0491,cp_01M3NX202VEGVT2J6Z8972XYTX,repayment/shared/main/text-rp3-000-000-5,5,INVESTMENT:2283,Rp3.000.000
SAME_CONTEXT_SAME_PAIR_SHORT,P0492,cp_01M3NX202TE2Z8F4VF54F4AEY0,repayment/shared/main/text-gold-1-g,3,INVESTMENT:2256,Gold 1 g
SAME_CONTEXT_SAME_PAIR_SHORT,P0492,cp_01M3NX202TEE2TTMQREKMC4NTT,repayment/shared/main/text-gold-1-g-2,3,INVESTMENT:2263,Gold 1 g
SAME_CONTEXT_SAME_PAIR_SHORT,P0492,cp_01M3NX202VFHWT1QAPHVZP1NVD,repayment/shared/main/text-gold-1-g-3,3,INVESTMENT:2270,Gold 1 g
SAME_CONTEXT_SAME_PAIR_SHORT,P0493,cp_01M3NX202TE17BSDTD8Y4DQH0K,repayment/shared/main/text-21-june-2026,2,INVESTMENT:2258,21 June 2026
SAME_CONTEXT_SAME_PAIR_SHORT,P0493,cp_01M3NX202TF8XV6E1S76JFNSS4,repayment/shared/main/text-21-june-2026-2,2,INVESTMENT:2265,21 June 2026
SAME_CONTEXT_SAME_PAIR_SHORT,P0494,cp_01M3NX202VFQVV36A3CJQKZBZ0,repayment/shared/main/text-30-july-2026,2,INVESTMENT:2277,30 July 2026
SAME_CONTEXT_SAME_PAIR_SHORT,P0494,cp_01M3NX202VEZQ8DE7TYDZNZQFK,repayment/shared/main/text-30-july-2026-2,2,INVESTMENT:2284,30 July 2026
SAME_CONTEXT_SAME_PAIR_SHORT,P0495,cp_01M3NX202XFZGRMQ3DJT458W5M,tenure-options/shared/main/text,3,INVESTMENT:2408,Tenure option
SAME_CONTEXT_SAME_PAIR_SHORT,P0495,cp_01M3NX202XE91VJAKMSZMB8R0S,tenure-options/shared/main/text-tenure-option,3,INVESTMENT:2417,Tenure option
SAME_CONTEXT_SAME_PAIR_SHORT,P0495,cp_01M3NX202XF6FAVD6AFGJ4KYFS,tenure-options/shared/main/text-tenure-option-2,3,INVESTMENT:2423,Tenure option
SAME_CONTEXT_SAME_PAIR_SHORT,P0496,cp_01M3NX202YEJ2V13FFSDSD6KX9,redirection-bottom-sheet/shared/main/text,2,INVESTMENT:2458,BFI
SAME_CONTEXT_SAME_PAIR_SHORT,P0496,cp_01M3NX202YFTDTD9CVZP5NA9R2,redirection-bottom-sheet/shared/main/text-bfi,2,INVESTMENT:2465,BFI
SAME_CONTEXT_SAME_PAIR_SHORT,P0497,cp_01M3NX202YE6WV5N7TSNBHXY0X,gold-installment-order-history/shared/main/text,2,INVESTMENT:2483,Rp2.000.000
SAME_CONTEXT_SAME_PAIR_SHORT,P0497,cp_01M3NX202YF8TAVYJHNM021Y6R,gold-installment-order-history/shared/main/text-rp2-000-000,2,INVESTMENT:2506,Rp2.000.000
SAME_CONTEXT_SAME_PAIR_SHORT,P0498,cp_01M3NX202YENDVNA1TMAAHK0WB,gold-installment-order-history/shared/main/text-1-gr,2,INVESTMENT:2485,1 gr
SAME_CONTEXT_SAME_PAIR_SHORT,P0498,cp_01M3NX202YF7FB5Q0SC1EEF85D,gold-installment-order-history/shared/main/text-1-gr-2,2,INVESTMENT:2503,1 gr
SAME_CONTEXT_SAME_PAIR_SHORT,P0499,cp_01M3NX202YF2ZAZZMW48TJ7YG6,gold-landing-from-installment/shared/main/text-1-gr,2,INVESTMENT:2520,1 gr
SAME_CONTEXT_SAME_PAIR_SHORT,P0499,cp_01M3NX202ZF67TMW9QB1SF21V7,gold-landing-from-installment/shared/main/text-1-gr-2,2,INVESTMENT:2525,1 gr
SAME_CONTEXT_SAME_PAIR_SHORT,P0500,cp_01M3NX202YEV4SEY3FRWJ5CDHP,gold-landing-from-installment/shared/main/text-rp2-000-000,3,INVESTMENT:2521,Rp2.000.000
SAME_CONTEXT_SAME_PAIR_SHORT,P0500,cp_01M3NX202ZFP298YP82PZ8KRH2,gold-landing-from-installment/shared/main/text-rp2-000-000-2,3,INVESTMENT:2526,Rp2.000.000
SAME_CONTEXT_SAME_PAIR_SHORT,P0500,cp_01M3NX202ZE0093QYEBP3QR380,gold-landing-from-installment/shared/main/text-rp2-000-000-3,3,INVESTMENT:2539,Rp2.000.000
SAME_CONTEXT_SAME_PAIR_SHORT,P0501,cp_01M3NX202ZFKQAJNPRCAZRBDT0,status-copy/shared/main/text-check,3,INVESTMENT:2576,Check>
SAME_CONTEXT_SAME_PAIR_SHORT,P0501,cp_01M3NX202ZFPDTXX0QK31SS3TJ,status-copy/shared/main/text-check-2,3,INVESTMENT:2578,Check>
SAME_CONTEXT_SAME_PAIR_SHORT,P0501,cp_01M3NX202ZEM88A3DRYVNRRFZ5,status-copy/shared/main/text-check-3,3,INVESTMENT:2580,Check>
SAME_CONTEXT_SAME_PAIR_SHORT,P0502,cp_01M3NX2030EQBSMTTAMPQ4YYZH,gold-installment-details/shared/main/text-rp2-000-000,2,INVESTMENT:2583,Rp2.000.000
SAME_CONTEXT_SAME_PAIR_SHORT,P0502,cp_01M3NX2030FWEBCXQ81QZWNS6Z,gold-installment-details/shared/main/text-rp2-000-000-2,2,INVESTMENT:2588,Rp2.000.000
SAME_CONTEXT_SAME_PAIR_SHORT,P0503,cp_01M3NX2030FR6T3PGTVMP0ZCXQ,gold-installment-details/shared/main/text-rp2-000-000-3,3,INVESTMENT:2603,-Rp2.000.000
SAME_CONTEXT_SAME_PAIR_SHORT,P0503,cp_01M3NX2030FRCS5RET9K4DNFSY,gold-installment-details/shared/main/text-rp2-000-000-4,3,INVESTMENT:2607,-Rp2.000.000
SAME_CONTEXT_SAME_PAIR_SHORT,P0503,cp_01M3NX2030E519E4SQKJ2RCJQ0,gold-installment-details/shared/main/text-rp2-000-000-5,3,INVESTMENT:2611,-Rp2.000.000
SAME_CONTEXT_SAME_PAIR_SHORT,P0504,cp_01M3NX2030EFPVFRT5AQZF2PF9,installment-contract/shared/main/text-10-gr,4,INVESTMENT:2633,10 gr
SAME_CONTEXT_SAME_PAIR_SHORT,P0504,cp_01M3NX2031ETX8093CHKF5W0NH,installment-contract/shared/main/text-10-gr-2,4,INVESTMENT:2644,10 gr
SAME_CONTEXT_SAME_PAIR_SHORT,P0504,cp_01M3NX2031FBABYC571SXTX3N8,installment-contract/shared/main/text-10-gr-3,4,INVESTMENT:2655,10 gr
SAME_CONTEXT_SAME_PAIR_SHORT,P0504,cp_01M3NX2031F5EBZ59EEKGXJNA5,installment-contract/shared/main/text-10-gr-4,4,INVESTMENT:2666,10 gr
SAME_CONTEXT_SAME_PAIR_SHORT,P0505,cp_01M3NX2030EAQVPTF1YRBAXQQ1,installment-contract/shared/main/text-contract-progress,2,INVESTMENT:2634,Contract in progress
SAME_CONTEXT_SAME_PAIR_SHORT,P0505,cp_01M3NX2031EH796F9VN4XCN7WE,installment-contract/shared/main/text-contract-progress-2,2,INVESTMENT:2645,Contract in progress
SAME_CONTEXT_SAME_PAIR_SHORT,P0506,cp_01M3NX2030FZ1BQNCFBBX6V00P,installment-contract/shared/main/text-rp20-000-000,4,INVESTMENT:2636,Rp20.000.000
SAME_CONTEXT_SAME_PAIR_SHORT,P0506,cp_01M3NX2031FB3VXRZKKX9FX4P0,installment-contract/shared/main/text-rp20-000-000-2,4,INVESTMENT:2647,Rp20.000.000
SAME_CONTEXT_SAME_PAIR_SHORT,P0506,cp_01M3NX2031F3G8ESND9XNYQYY7,installment-contract/shared/main/text-rp20-000-000-3,4,INVESTMENT:2658,Rp20.000.000
SAME_CONTEXT_SAME_PAIR_SHORT,P0506,cp_01M3NX2031EDP8D7134Y1MFCXW,installment-contract/shared/main/text-rp20-000-000-4,4,INVESTMENT:2669,Rp20.000.000
SAME_CONTEXT_SAME_PAIR_SHORT,P0507,cp_01M3NX2030FWA8FHDAT976NPWB,installment-contract/shared/main/text-rp1-500-000-mth,4,INVESTMENT:2637,Rp1.500.000/mth
SAME_CONTEXT_SAME_PAIR_SHORT,P0507,cp_01M3NX2031FSDSVJHY1QQJ0QAS,installment-contract/shared/main/text-rp1-500-000-mth-2,4,INVESTMENT:2648,Rp1.500.000/mth
SAME_CONTEXT_SAME_PAIR_SHORT,P0507,cp_01M3NX2031FA0TC8515HSGF38E,installment-contract/shared/main/text-rp1-500-000-mth-3,4,INVESTMENT:2659,Rp1.500.000/mth
SAME_CONTEXT_SAME_PAIR_SHORT,P0507,cp_01M3NX2031FX7BAC5X5AKZC4AM,installment-contract/shared/main/text-rp1-500-000-mth-4,4,INVESTMENT:2670,Rp1.500.000/mth
SAME_CONTEXT_SAME_PAIR_SHORT,P0508,cp_01M3NX2031EBKVBT9JKABDTKHJ,installment-contract/shared/main/text-12-months-tenure,4,INVESTMENT:2639,12 months tenure
SAME_CONTEXT_SAME_PAIR_SHORT,P0508,cp_01M3NX2031EAATVQVDXEA8JN9F,installment-contract/shared/main/text-12-months-tenure-2,4,INVESTMENT:2650,12 months tenure
SAME_CONTEXT_SAME_PAIR_SHORT,P0508,cp_01M3NX2031FZX9SJVQDQ4WYS7E,installment-contract/shared/main/text-12-months-tenure-3,4,INVESTMENT:2661,12 months tenure
SAME_CONTEXT_SAME_PAIR_SHORT,P0508,cp_01M3NX2031EGGVX5VX74TY2M77,installment-contract/shared/main/text-12-months-tenure-4,4,INVESTMENT:2672,12 months tenure
SAME_CONTEXT_SAME_PAIR_SHORT,P0509,cp_01M3NX2031ENCSY5XRMA01FZCZ,installment-contract/shared/main/text-sign,2,INVESTMENT:2662,Sign>
SAME_CONTEXT_SAME_PAIR_SHORT,P0509,cp_01M3NX2031FQFBF4GXXQB8PAGC,installment-contract/shared/main/text-sign-2,2,INVESTMENT:2673,Sign>
SAME_CONTEXT_SAME_PAIR_SHORT,P0510,cp_01M3NX2031EMPB3VE4NFXA4TD6,minting-process/shared/main/text-minting,3,INVESTMENT:2688,Minting
SAME_CONTEXT_SAME_PAIR_SHORT,P0510,cp_01M3NX2032EKKAG20Z120VCEXH,minting-process/shared/main/text-minting-2,3,INVESTMENT:2694,Minting
SAME_CONTEXT_SAME_PAIR_SHORT,P0510,cp_01M3NX2032F7QT0XVAYEQX0ZCX,minting-process/shared/main/text-minting-3,3,INVESTMENT:2700,Minting
SAME_CONTEXT_SAME_PAIR_SHORT,P0511,cp_01M3NX2031EFMAKV1Z17VPPKRW,minting-process/shared/main/text-1-gr,3,INVESTMENT:2689,1 gr
SAME_CONTEXT_SAME_PAIR_SHORT,P0511,cp_01M3NX2032F77SFD2PATWNRPR4,minting-process/shared/main/text-1-gr-2,3,INVESTMENT:2695,1 gr
SAME_CONTEXT_SAME_PAIR_SHORT,P0511,cp_01M3NX2032E6SSZ65E9W8W1DDR,minting-process/shared/main/text-1-gr-3,3,INVESTMENT:2701,1 gr
SAME_CONTEXT_SAME_PAIR_SHORT,P0512,cp_01M3NX2032F1ABGKX5NNC6E9BE,gold-installment-repayment/shared/main/text-rp3-000-000,5,INVESTMENT:2711,Rp3.000.000
SAME_CONTEXT_SAME_PAIR_SHORT,P0512,cp_01M3NX2032EHCA3CCZZDJ7NBV2,gold-installment-repayment/shared/main/text-rp3-000-000-2,5,INVESTMENT:2715,Rp3.000.000
SAME_CONTEXT_SAME_PAIR_SHORT,P0512,cp_01M3NX2032EQ7S4YDX8TNV86Y5,gold-installment-repayment/shared/main/text-rp3-000-000-3,5,INVESTMENT:2718,Rp3.000.000
SAME_CONTEXT_SAME_PAIR_SHORT,P0512,cp_01M3NX2032FVXRAASJE1JPAJEV,gold-installment-repayment/shared/main/text-rp3-000-000-4,5,INVESTMENT:2732,Rp3.000.000
SAME_CONTEXT_SAME_PAIR_SHORT,P0512,cp_01M3NX2032E8AVT7TK7NXV3NYM,gold-installment-repayment/shared/main/text-rp3-000-000-5,5,INVESTMENT:2739,Rp3.000.000
SAME_CONTEXT_SAME_PAIR_SHORT,P0513,cp_01M3NX2032E46TRP8B4WP3S6SS,gold-installment-repayment/shared/main/text-21-june-2026,2,INVESTMENT:2714,21 June 2026
SAME_CONTEXT_SAME_PAIR_SHORT,P0513,cp_01M3NX2032EFNS7KZVM4T4FVQJ,gold-installment-repayment/shared/main/text-21-june-2026-2,2,INVESTMENT:2721,21 June 2026
SAME_CONTEXT_SAME_PAIR_SHORT,P0514,cp_01M3NX2032FTE9BSBN4FXBMT9X,gold-installment-repayment/shared/main/text-30-july-2026,2,INVESTMENT:2733,30 July 2026
SAME_CONTEXT_SAME_PAIR_SHORT,P0514,cp_01M3NX2032EC9R27KGAX7V8TKW,gold-installment-repayment/shared/main/text-30-july-2026-2,2,INVESTMENT:2740,30 July 2026
SAME_CONTEXT_SAME_PAIR_SHORT,P0515,cp_01M3NX203BEFMSTKCSC17Y6A4Z,installment-simulation/shared/main/text-0g,2,INVESTMENT:3192,0g
SAME_CONTEXT_SAME_PAIR_SHORT,P0515,cp_01M3NX203BECSVQKZX56S649WZ,installment-simulation/shared/main/text-0g-2,2,INVESTMENT:3197,0g
SAME_CONTEXT_SAME_PAIR_SHORT,P0516,cp_01M3NX203BFKY93FGGD6KP4EYD,installment-simulation/shared/main/text-rp2-000-000-gr,3,INVESTMENT:3201,Rp2.000.000/gr
SAME_CONTEXT_SAME_PAIR_SHORT,P0516,cp_01M3NX203BED1B7B8J8J0QCBTN,installment-simulation/shared/main/text-rp2-000-000-gr-2,3,INVESTMENT:3216,Rp2.000.000/gr
SAME_CONTEXT_SAME_PAIR_SHORT,P0516,cp_01M3NX203BF5XA6PCR9D66FD24,installment-simulation/shared/main/text-rp2-000-000-gr-3,3,INVESTMENT:3237,Rp2.000.000/gr
SAME_CONTEXT_SAME_PAIR_SHORT,P0517,cp_01M3NX203BE5YSEABJK9VS21BJ,installment-simulation/shared/main/text-1-gr-min,3,INVESTMENT:3208,1 gr (Min.)
SAME_CONTEXT_SAME_PAIR_SHORT,P0517,cp_01M3NX203BEE5SMZCZ3K5PJ3FA,installment-simulation/shared/main/text-1-gr-min-2,3,INVESTMENT:3222,1 gr (Min.)
SAME_CONTEXT_SAME_PAIR_SHORT,P0517,cp_01M3NX203BFY9AMJPMHBHNJ9KH,installment-simulation/shared/main/text-1-gr-min-3,3,INVESTMENT:3243,1 gr (Min.)
SAME_CONTEXT_SAME_PAIR_SHORT,P0518,cp_01M3NX203BE9Q8EPW9YH6YR57P,installment-simulation/shared/main/text-5-gr,3,INVESTMENT:3209,5 gr
SAME_CONTEXT_SAME_PAIR_SHORT,P0518,cp_01M3NX203BF0JRXWPEBGF7CHCG,installment-simulation/shared/main/text-5-gr-2,3,INVESTMENT:3223,5 gr
SAME_CONTEXT_SAME_PAIR_SHORT,P0518,cp_01M3NX203BFDBVATB409R03AHY,installment-simulation/shared/main/text-5-gr-3,3,INVESTMENT:3244,5 gr
SAME_CONTEXT_SAME_PAIR_SHORT,P0519,cp_01M3NX203BE73AYA2M959W5QFV,installment-simulation/shared/main/text-25-gr-max,3,INVESTMENT:3210,25 gr (Max.)
SAME_CONTEXT_SAME_PAIR_SHORT,P0519,cp_01M3NX203BE42R4S4F6A6V95EF,installment-simulation/shared/main/text-25-gr-max-2,3,INVESTMENT:3224,25 gr (Max.)
SAME_CONTEXT_SAME_PAIR_SHORT,P0519,cp_01M3NX203BFZCBEEPDBKJVRTBK,installment-simulation/shared/main/text-25-gr-max-3,3,INVESTMENT:3245,25 gr (Max.)
SAME_CONTEXT_SAME_PAIR_SHORT,P0520,cp_01M3NX203DF24R7QB1FZP3NFPD,loan-application-disbursement/shared/main/text-1-gr,2,INVESTMENT:3359,1 gr
SAME_CONTEXT_SAME_PAIR_SHORT,P0520,cp_01M3NX203EFNQAFSSHNMDJAJ4J,loan-application-disbursement/shared/main/text-1-gr-2,2,INVESTMENT:3438,1 gr
SAME_CONTEXT_SAME_PAIR_SHORT,P0521,cp_01M3NX203DEGNR48RDYD8B3N58,loan-application-disbursement/shared/main/text-rp2-000-000,2,INVESTMENT:3360,Rp2.000.000
SAME_CONTEXT_SAME_PAIR_SHORT,P0521,cp_01M3NX203EE8588B89WJEFXRHP,loan-application-disbursement/shared/main/text-rp2-000-000-2,2,INVESTMENT:3439,Rp2.000.000
SAME_CONTEXT_SAME_PAIR_SHORT,P0522,cp_01M3NX203GEME99GJ8BFVNHV7J,loan-application-drop-off/shared/main/text-10-gr,2,INVESTMENT:3528,10 gr
SAME_CONTEXT_SAME_PAIR_SHORT,P0522,cp_01M3NX203GENQVFB0TTJEGW14B,loan-application-drop-off/shared/main/text-10-gr-2,2,INVESTMENT:3543,10 gr
SAME_CONTEXT_SAME_PAIR_SHORT,P0523,cp_01M3NX203GEC7A46WTTMDP2RBT,loan-application-drop-off/shared/main/text-contract-progress,2,INVESTMENT:3529,Contract in progress
SAME_CONTEXT_SAME_PAIR_SHORT,P0523,cp_01M3NX203GEKBT2ZA83P8E78G6,loan-application-drop-off/shared/main/text-contract-progress-2,2,INVESTMENT:3544,Contract in progress
SAME_CONTEXT_SAME_PAIR_SHORT,P0524,cp_01M3NX203GE9R9MC87NQZAEENY,loan-application-drop-off/shared/main/text-rp20-000-000,2,INVESTMENT:3531,Rp20.000.000
SAME_CONTEXT_SAME_PAIR_SHORT,P0524,cp_01M3NX203GEDBS00SY70VBJDVT,loan-application-drop-off/shared/main/text-rp20-000-000-2,2,INVESTMENT:3546,Rp20.000.000
SAME_CONTEXT_SAME_PAIR_SHORT,P0525,cp_01M3NX203GF11A1TRARVTRQHKZ,loan-application-drop-off/shared/main/text-rp1-500-000-mo,2,INVESTMENT:3532,Rp1.500.000/mo
SAME_CONTEXT_SAME_PAIR_SHORT,P0525,cp_01M3NX203HF8PB9XWYTJM0V2AH,loan-application-drop-off/shared/main/text-rp1-500-000-mo-2,2,INVESTMENT:3547,Rp1.500.000/mo
SAME_CONTEXT_SAME_PAIR_SHORT,P0526,cp_01M3NX203GE9K8ZQEFGJMK9YHY,loan-application-drop-off/shared/main/text-12-months-tenor,2,INVESTMENT:3534,<12> months tenor
SAME_CONTEXT_SAME_PAIR_SHORT,P0526,cp_01M3NX203HEX8S670HE0VD5FDQ,loan-application-drop-off/shared/main/text-12-months-tenor-2,2,INVESTMENT:3549,<12> months tenor
SAME_CONTEXT_SAME_PAIR_SHORT,P0527,cp_01M3NX203JEA2T7CN51N9X60AX,push-notification/shared/main/text-51,2,INVESTMENT:3628,51
SAME_CONTEXT_SAME_PAIR_SHORT,P0527,cp_01M3NX203JFMHBJ57WWXJ4X1SG,push-notification/shared/main/text-51-3,2,INVESTMENT:3637,51
SAME_CONTEXT_SAME_PAIR_SHORT,P0528,cp_01M3NX203NER2VY2RRDFNHN0KW,simpanan-bottom-sheet/shared/main/text-rp0,2,INVESTMENT:3752,Rp0
SAME_CONTEXT_SAME_PAIR_SHORT,P0528,cp_01M3NX203NEW8AGT35MPJ89K0A,simpanan-bottom-sheet/shared/main/text-rp0-2,2,INVESTMENT:3767,Rp0
SAME_CONTEXT_SAME_PAIR_SHORT,P0529,cp_01M3NX203NFG3T7S9A72B8PTBM,simpanan-bottom-sheet/shared/main/text-powered-jago,2,INVESTMENT:3754,Powered by Jago
SAME_CONTEXT_SAME_PAIR_SHORT,P0529,cp_01M3NX203NEGABA3R7R89MCR1Z,simpanan-bottom-sheet/shared/main/text-powered-jago-2,2,INVESTMENT:3769,Powered by Jago
SAME_CONTEXT_SAME_PAIR_SHORT,P0530,cp_01M3NX203RFYQSYMB1BX5FATSP,common/prizes/main/text,2,INVESTMENT:3872;MONEY:6105;MONEY:6447;MONEY:6850,Prizes
SAME_CONTEXT_SAME_PAIR_SHORT,P0530,cp_01M3NX203RE39RS48JJW2RXEMM,investment-leaderboard/how-to-join/main/text-prizes-2,2,INVESTMENT:3872,Prizes
SAME_CONTEXT_SAME_PAIR_LONG_KEY_DIFF,P0531,cp_01M3NX203RFT2TCJHYJ6FKY4XZ,investment-leaderboard/how-to-join/main/text-one-winners-claim,2,INVESTMENT:3873,Be one of the winners and claim your prize!
SAME_CONTEXT_SAME_PAIR_LONG_KEY_DIFF,P0531,cp_01M3NX203RFKT9EGAP9EKC9ZC5,investment-leaderboard/how-to-join/main/text-one-winners-claim-2,2,INVESTMENT:3873,Be one of the winners and claim your prize!
SAME_CONTEXT_SAME_PAIR_SHORT,P0532,cp_01M3NX203REJETT09F95NC6EX1,investment-leaderboard/how-to-join/main/text-1st-place-prize,2,INVESTMENT:3875,1st place prize
SAME_CONTEXT_SAME_PAIR_SHORT,P0532,cp_01M3NX203REVYACFR2QFSK1Q19,investment-leaderboard/how-to-join/main/text-1st-place-prize-2,2,INVESTMENT:3875,1st place prize
SAME_CONTEXT_SAME_PAIR_SHORT,P0533,cp_01M3NX203RE4CBC8Y8YHMHADW4,investment-leaderboard/how-to-join/main/text-iphone-17,2,INVESTMENT:3876,iPhone 17
SAME_CONTEXT_SAME_PAIR_SHORT,P0533,cp_01M3NX203RE2AVQPKMERD7WSY6,investment-leaderboard/how-to-join/main/text-iphone-17-2,2,INVESTMENT:3878,iPhone 17
SAME_CONTEXT_SAME_PAIR_SHORT,P0534,cp_01M3NX203RFRM94KRQ60GP706E,investment-leaderboard/how-to-join/main/text-2nd-place-prize,2,INVESTMENT:3877,2nd place prize
SAME_CONTEXT_SAME_PAIR_SHORT,P0534,cp_01M3NX203RF4HRBQFHN6K95YVX,investment-leaderboard/how-to-join/main/text-2nd-place-prize-2,2,INVESTMENT:3877,2nd place prize
SAME_CONTEXT_SAME_PAIR_SHORT,P0535,cp_01M3NX203RF0RTK0P6XJQVY2S8,investment-leaderboard/how-to-join/main/text-3rd-place-prize,2,INVESTMENT:3879,3rd place prize
SAME_CONTEXT_SAME_PAIR_SHORT,P0535,cp_01M3NX203RETMR3JEE5C8DJ7ZH,investment-leaderboard/how-to-join/main/text-3rd-place-prize-2,2,INVESTMENT:3879,3rd place prize
SAME_CONTEXT_SAME_PAIR_SHORT,P0536,cp_01M3NX203RE1HV9B0KQJVVMNHR,investment-leaderboard/how-to-join/main/text-gopay-saldo-10mio,2,INVESTMENT:3880,GoPay Saldo 10mio
SAME_CONTEXT_SAME_PAIR_SHORT,P0536,cp_01M3NX203REFW8JMYZ323770WE,investment-leaderboard/how-to-join/main/text-gopay-saldo-10mio-2,2,INVESTMENT:3880,GoPay Saldo 10mio
SAME_CONTEXT_SAME_PAIR_SHORT,P0537,cp_01M3NX203REAYT1NB9QG8Y93AP,investment-leaderboard/how-to-join/main/text-4-5th-place-prize,2,INVESTMENT:3881,4-5th place prize
SAME_CONTEXT_SAME_PAIR_SHORT,P0537,cp_01M3NX203RFFGBJ7F5ACY1YKA9,investment-leaderboard/how-to-join/main/text-4-5th-place-prize-2,2,INVESTMENT:3881,4-5th place prize
SAME_CONTEXT_SAME_PAIR_SHORT,P0538,cp_01M3NX203REQ2BF4X038FQDQPD,investment-leaderboard/how-to-join/main/text-gopay-saldo-5mio,2,INVESTMENT:3882,GoPay Saldo 5mio
SAME_CONTEXT_SAME_PAIR_SHORT,P0538,cp_01M3NX203RF3X9R2E67YC5ZV4C,investment-leaderboard/how-to-join/main/text-gopay-saldo-5mio-2,2,INVESTMENT:3882,GoPay Saldo 5mio
SAME_CONTEXT_SAME_PAIR_SHORT,P0539,cp_01M3NX203RF9VR97K54HZ63XZV,investment-leaderboard/how-to-join/main/text-6-10th-place-prize,2,INVESTMENT:3883,6-10th place prize
SAME_CONTEXT_SAME_PAIR_SHORT,P0539,cp_01M3NX203RFG58GWVJM91DBHAA,investment-leaderboard/how-to-join/main/text-6-10th-place-prize-2,2,INVESTMENT:3883,6-10th place prize
SAME_CONTEXT_SAME_PAIR_SHORT,P0540,cp_01M3NX203REHD90V0WY5YKQSSM,investment-leaderboard/how-to-join/main/text-gopay-saldo-3mio,2,INVESTMENT:3884,GoPay Saldo 3mio
SAME_CONTEXT_SAME_PAIR_SHORT,P0540,cp_01M3NX203SFEZATT0E2HQA0KX1,investment-leaderboard/how-to-join/main/text-gopay-saldo-3mio-2,2,INVESTMENT:3884,GoPay Saldo 3mio
SAME_CONTEXT_SAME_PAIR_SHORT,P0541,cp_01M3NX203SF2JV7RJA10TB4380,investment-leaderboard/how-to-join/main/text-11-30th-place-prize,2,INVESTMENT:3885,11-30th place prize
SAME_CONTEXT_SAME_PAIR_SHORT,P0541,cp_01M3NX203SFK0VYHHAJA06FZDH,investment-leaderboard/how-to-join/main/text-11-30th-place-prize-2,2,INVESTMENT:3885,11-30th place prize
SAME_CONTEXT_SAME_PAIR_SHORT,P0542,cp_01M3NX203SFVDV7HBFC4F4KCDN,investment-leaderboard/how-to-join/main/text-gopay-saldo-1mio,2,INVESTMENT:3886,GoPay Saldo 1mio
SAME_CONTEXT_SAME_PAIR_SHORT,P0542,cp_01M3NX203SFJVS7RV87BGB7FCC,investment-leaderboard/how-to-join/main/text-gopay-saldo-1mio-2,2,INVESTMENT:3886,GoPay Saldo 1mio
SAME_CONTEXT_SAME_PAIR_SHORT,P0543,cp_01M3NX203SFVAA777FX0AG6MVM,investment-leaderboard/how-to-join/main/text-31-50th-place-prize,2,INVESTMENT:3887,31-50th place prize
SAME_CONTEXT_SAME_PAIR_SHORT,P0543,cp_01M3NX203SFGE90G3PFK32NEKZ,investment-leaderboard/how-to-join/main/text-31-50th-place-prize-2,2,INVESTMENT:3887,31-50th place prize
SAME_CONTEXT_SAME_PAIR_SHORT,P0544,cp_01M3NX203SEZSR7ZDFN8G0DHA2,investment-leaderboard/how-to-join/main/text-gopay-saldo-500k,2,INVESTMENT:3888,GoPay Saldo 500k
SAME_CONTEXT_SAME_PAIR_SHORT,P0544,cp_01M3NX203SEYW8JX0H6M13DBF8,investment-leaderboard/how-to-join/main/text-gopay-saldo-500k-2,2,INVESTMENT:3888,GoPay Saldo 500k
SAME_CONTEXT_SAME_PAIR_SHORT,P0545,cp_01M3NX203SFDPT7TGR7W7ADFF9,investment-leaderboard/how-to-join/main/text-51-100th-place-prize,2,INVESTMENT:3889,51-100th place prize
SAME_CONTEXT_SAME_PAIR_SHORT,P0545,cp_01M3NX203SEHZ85RXNEJKHN1WJ,investment-leaderboard/how-to-join/main/text-51-100th-place-prize-2,2,INVESTMENT:3889,51-100th place prize
SAME_CONTEXT_SAME_PAIR_SHORT,P0546,cp_01M3NX203SEM6SFZQ0K3P57PW1,investment-leaderboard/how-to-join/main/text-gopay-saldo-50k,2,INVESTMENT:3890,GoPay Saldo 50k
SAME_CONTEXT_SAME_PAIR_SHORT,P0546,cp_01M3NX203SFSNRHV28SMXEWF2F,investment-leaderboard/how-to-join/main/text-gopay-saldo-50k-2,2,INVESTMENT:3890,GoPay Saldo 50k
SAME_CONTEXT_SAME_PAIR_SHORT,P0547,cp_01M3NX203VF0YTY07EBGCEJHVG,coins-to-gold/shared/main/text-got,2,INVESTMENT:4009,Got it
SAME_CONTEXT_SAME_PAIR_SHORT,P0547,cp_01M3NX203WFVVSTMEFXHJYZ5GJ,coins-to-gold/shared/main/text-got-2,2,INVESTMENT:4028,Got it
SAME_CONTEXT_SAME_PAIR_SHORT,P0548,cp_01M3NX2040E49TXC9SBC6Z43D6,kredit-pintar/activated/main/text-available-limit,5,LENDING:177,Available limit
SAME_CONTEXT_SAME_PAIR_SHORT,P0548,cp_01M3NX2040F2RS5SJYDE7G48XZ,kredit-pintar/activated/main/text-available-limit-3,5,LENDING:195,Available limit
SAME_CONTEXT_SAME_PAIR_SHORT,P0548,cp_01M3NX2040FCZSZ54QHAE71RG5,kredit-pintar/activated/main/text-available-limit-4,5,LENDING:204,Available limit
SAME_CONTEXT_SAME_PAIR_SHORT,P0548,cp_01M3NX2040FFKS85DZ51H2SY31,kredit-pintar/activated/main/text-available-limit-5,5,LENDING:211,Available limit
SAME_CONTEXT_SAME_PAIR_SHORT,P0548,cp_01M3NX2040F9N8QVE6JFDP006K,kredit-pintar/activated/main/text-available-limit-6,5,LENDING:219,Available limit
SAME_CONTEXT_SAME_PAIR_SHORT,P0549,cp_01M3NX2041F0TBMCGRBF6XSMXD,kredit-pintar/need-update/main/text,4,LENDING:261,Available limit
SAME_CONTEXT_SAME_PAIR_SHORT,P0549,cp_01M3NX2041EDZV6YQHTWECTNJ8,kredit-pintar/need-update/main/text-available-limit-2,4,LENDING:268,Available limit
SAME_CONTEXT_SAME_PAIR_SHORT,P0549,cp_01M3NX2042EWES5F3418BDEXX3,kredit-pintar/need-update/main/text-available-limit-3,4,LENDING:275,Available limit
SAME_CONTEXT_SAME_PAIR_SHORT,P0549,cp_01M3NX2042EHQSY5DMN40AGHDD,kredit-pintar/need-update/main/text-available-limit-4,4,LENDING:281,Available limit
SAME_CONTEXT_SAME_PAIR_SHORT,P0550,cp_01M3NX2042EDFVBXTT6GAPMCMB,thirdparty/loanactivatedstate/limitcard-error-failedtoload/cta-taptoload,2,LENDING:276,Tap to reload
SAME_CONTEXT_SAME_PAIR_SHORT,P0550,cp_01M3NX2042ESGRFPKF2YDCTAP4,kredit-pintar/need-update/main/text-tap-reload,2,LENDING:282,Tap to reload
SAME_CONTEXT_SAME_PAIR_SHORT,P0551,cp_01M3NX2042FFRS9AS1827J5XRY,thirdparty/loanactivatedstate/due-section-error-api-failed/title,2,LENDING:287,Your dues
SAME_CONTEXT_SAME_PAIR_SHORT,P0551,cp_01M3NX2042EG4VKAQEY537HA5F,thirdparty/loanactivatedstate/transactionhistory-page-title/text,2,LENDING:296,Your dues
SAME_CONTEXT_SAME_PAIR_LONG_KEY_DIFF,P0552,cp_01M3NX2042FYR9BACWHA674JY0,thirdparty/loanactivatedstate/due-section-error-api-failed/subtitle,2,LENDING:288,Failed to fetch the data
SAME_CONTEXT_SAME_PAIR_LONG_KEY_DIFF,P0552,cp_01M3NX2042F1G9YTHK5Z1WEWP7,thirdparty/loanactivatedstate/transactionhistory-section-error/subtitle,2,LENDING:292,Failed to fetch the data
SAME_CONTEXT_SAME_PAIR_LONG_KEY_DIFF,P0553,cp_01M3NX2042EKVSHWFB4VW8N179,thirdparty/loanactivatedstate/due-section-error-api-failed/description,2,LENDING:289,You can try to reload the data or come back again later
SAME_CONTEXT_SAME_PAIR_LONG_KEY_DIFF,P0553,cp_01M3NX2042EASRW6SRWQNHSYXN,thirdparty/loanactivatedstate/transactionhistory-section-error/description,2,LENDING:293,You can try to reload the data or come back again later
SAME_CONTEXT_SAME_PAIR_SHORT,P0554,cp_01M3NX2042E6XTRJEZTEGTWSWY,kredit-pintar/need-update/main/text-upcoming-due,3,LENDING:301,Upcoming due
SAME_CONTEXT_SAME_PAIR_SHORT,P0554,cp_01M3NX2042ES4802CV6WS2JX14,kredit-pintar/need-update/main/text-upcoming-due-2,3,LENDING:308,Upcoming due
SAME_CONTEXT_SAME_PAIR_SHORT,P0554,cp_01M3NX2042FZR88K2X76A6JQES,kredit-pintar/need-update/main/text-upcoming-due-3,3,LENDING:315,Upcoming due
SAME_CONTEXT_SAME_PAIR_SHORT,P0555,cp_01M3NX2042F218WMKNKDCC424T,kredit-pintar/need-update/main/text-view-all,3,LENDING:302,View all
SAME_CONTEXT_SAME_PAIR_SHORT,P0555,cp_01M3NX2042F61ASXZW5JVZB9Y8,kredit-pintar/need-update/main/text-view-all-2,3,LENDING:309,View all
SAME_CONTEXT_SAME_PAIR_SHORT,P0555,cp_01M3NX2042F4D9KNDHHTZS7MNV,kredit-pintar/need-update/main/text-view-all-3,3,LENDING:316,View all
SAME_CONTEXT_SAME_PAIR_SHORT,P0556,cp_01M3NX2044F5ATG6PKDGE7B043,registration-form/field/main/text,2,LENDING:414,Latest education
SAME_CONTEXT_SAME_PAIR_SHORT,P0556,cp_01M3NX2044FQDTQ3ZYWE0Q970A,registration-form/field/main/text-latest-education,2,LENDING:423,Latest education
SAME_CONTEXT_SAME_PAIR_SHORT,P0557,cp_01M3NX2044FW8R810MWVXSJ2N7,registration-form/field/main/text-marital-status,2,LENDING:415,Marital status
SAME_CONTEXT_SAME_PAIR_SHORT,P0557,cp_01M3NX2045EXWVK4KHKA7AC0DJ,registration-form/field/main/text-marital-status-2,2,LENDING:438,Marital status
SAME_CONTEXT_SAME_PAIR_SHORT,P0558,cp_01M3NX2044EFSSBGWRRAP0X69Q,registration-form/field/main/text-number-dependents,2,LENDING:416,Number of dependents
SAME_CONTEXT_SAME_PAIR_SHORT,P0558,cp_01M3NX2045FDGVAAF5YJM95YCQ,registration-form/field/main/text-number-dependents-2,2,LENDING:447,Number of dependents
SAME_CONTEXT_SAME_PAIR_SHORT,P0559,cp_01M3NX2044F02RX7XG4KG7BA0F,registration-form/field/main/text-mother-s-maiden-name,2,LENDING:417,Mother’s maiden name
SAME_CONTEXT_SAME_PAIR_SHORT,P0559,cp_01M3NX2045EWDV25E0CWHAHNP8,registration-form/field/main/text-mother-s-maiden-name-2,2,LENDING:454,Mother’s maiden name
SAME_CONTEXT_SAME_PAIR_SHORT,P0560,cp_01M3NX2044F7JBMXB1PY6NXTYF,registration-form/field/main/text-valid-email-address,2,LENDING:418,Valid email address
SAME_CONTEXT_SAME_PAIR_SHORT,P0560,cp_01M3NX2045E1V9ASDPH731SNMW,registration-form/field/main/text-valid-email-address-2,2,LENDING:458,Valid email address
SAME_CONTEXT_SAME_PAIR_SHORT,P0561,cp_01M3NX2044ERDSH6KHQ2DD1YP3,registration-form/placeholder/main/text,9,LENDING:424,Please choose one
SAME_CONTEXT_SAME_PAIR_SHORT,P0561,cp_01M3NX2045FG1BQF1393PMJQ43,registration-form/placeholder/main/text-choose-one,9,LENDING:439,Please choose one
SAME_CONTEXT_SAME_PAIR_SHORT,P0561,cp_01M3NX2045F6BARFW2FBZFXD53,registration-form/placeholder/main/text-choose-one-2,9,LENDING:464,Please choose one
SAME_CONTEXT_SAME_PAIR_SHORT,P0561,cp_01M3NX2046ENWVKXEV7M3TDY0S,registration-form/placeholder/main/text-choose-one-3,9,LENDING:475,Please choose one
SAME_CONTEXT_SAME_PAIR_SHORT,P0561,cp_01M3NX2047EZGATYG7W09CXGSK,registration-form/placeholder/main/text-choose-one-4,9,LENDING:498,Please choose one
SAME_CONTEXT_SAME_PAIR_SHORT,P0561,cp_01M3NX2047E23BD3KRJNQYT832,registration-form/placeholder/main/text-choose-one-5,9,LENDING:518,Please choose one
SAME_CONTEXT_SAME_PAIR_SHORT,P0561,cp_01M3NX2048EE8TSEXP9TJ3V2N3,registration-form/placeholder/main/text-choose-one-6,9,LENDING:531,Please choose one
SAME_CONTEXT_SAME_PAIR_SHORT,P0561,cp_01M3NX204AFJXVS25Z6XCN31WS,registration-form/placeholder/main/text-choose-one-7,9,LENDING:581,Please choose one
SAME_CONTEXT_SAME_PAIR_SHORT,P0561,cp_01M3NX204BFA09WXZHYZVJS38S,registration-form/placeholder/main/text-choose-one-8,9,LENDING:611,Please choose one
SAME_CONTEXT_SAME_PAIR_SHORT,P0562,cp_01M3NX2046EDJVTYNZ63DS3AR7,registration-form/title/main/text-employment-details,2,LENDING:486,Employment details
SAME_CONTEXT_SAME_PAIR_SHORT,P0562,cp_01M3NX2049FNS8MAN2EEP0R9RZ,registration-form/title/main/text-employment-details-2,2,LENDING:562,Employment details
SAME_CONTEXT_SAME_PAIR_SHORT,P0563,cp_01M3NX2046EJSAG3DAVFN4FPCW,registration-form/field/main/text-field-occupation,2,LENDING:487,Field of occupation
SAME_CONTEXT_SAME_PAIR_SHORT,P0563,cp_01M3NX2046EF59E5V8078RJRY0,registration-form/field/main/text-field-occupation-2,2,LENDING:497,Field of occupation
SAME_CONTEXT_SAME_PAIR_SHORT,P0564,cp_01M3NX2046FH9R9YS8067619EE,registration-form/field/main/text-job-position,2,LENDING:489,Job position
SAME_CONTEXT_SAME_PAIR_SHORT,P0564,cp_01M3NX2048FPHBC3E9CC8HF74T,registration-form/field/main/text-job-position-2,2,LENDING:530,Job position
SAME_CONTEXT_SAME_PAIR_SHORT,P0565,cp_01M3NX2046FTMRF8K1PT2RCQ4B,registration-form/field/main/text-employer-name,2,LENDING:490,Employer name
SAME_CONTEXT_SAME_PAIR_SHORT,P0565,cp_01M3NX2048ECRBJD04J6NDSD9A,registration-form/field/main/text-employer-name-2,2,LENDING:539,Employer name
SAME_CONTEXT_SAME_PAIR_SHORT,P0566,cp_01M3NX2046EV890MGK1YTP38TY,registration-form/field/main/text-pay-day,2,LENDING:491,Pay day
SAME_CONTEXT_SAME_PAIR_SHORT,P0566,cp_01M3NX2048EAZR58S9RTR0DP91,registration-form/field/main/text-pay-day-2,2,LENDING:543,Pay day
SAME_CONTEXT_SAME_PAIR_SHORT,P0567,cp_01M3NX2046F62B7MA5SJF49NG3,registration-form/field/main/text-business-address,2,LENDING:493,Business address
SAME_CONTEXT_SAME_PAIR_SHORT,P0567,cp_01M3NX2049FVE94HNM5425Y71A,registration-form/field/main/text-business-address-2,2,LENDING:552,Business address
SAME_CONTEXT_SAME_PAIR_SHORT,P0568,cp_01M3NX2046EY3RRZQ2E3EQTR49,registration-form/field/main/text-joined-since,2,LENDING:494,Joined since
SAME_CONTEXT_SAME_PAIR_SHORT,P0568,cp_01M3NX2049EA9VJ12M2Z5P2NJV,registration-form/field/main/text-joined-since-2,2,LENDING:556,Joined since
SAME_CONTEXT_SAME_PAIR_SHORT,P0569,cp_01M3NX2048FSJSWQ1PMMHGBRPK,registration-form/placeholder/main/text-type-here,4,LENDING:540,Type here...
SAME_CONTEXT_SAME_PAIR_SHORT,P0569,cp_01M3NX2049E278ZZ7SJWJGDRRK,registration-form/placeholder/main/text-type-here-2,4,LENDING:549,Type here...
SAME_CONTEXT_SAME_PAIR_SHORT,P0569,cp_01M3NX2049FA78Q8YZ3721ZV47,registration-form/placeholder/main/text-type-here-3,4,LENDING:553,Type here...
SAME_CONTEXT_SAME_PAIR_SHORT,P0569,cp_01M3NX2049ERJTSQ8DEJXN6XX7,registration-form/placeholder/main/text-type-here-4,4,LENDING:568,Type here...
SAME_CONTEXT_SAME_PAIR_SHORT,P0570,cp_01M3NX2048FNVTXV1KQATK61FA,registration-form/cta/main/text,2,LENDING:545,Confirm
SAME_CONTEXT_SAME_PAIR_SHORT,P0570,cp_01M3NX2049EEQSF3WY00S1SMX3,registration-form/cta/main/text-confirm,2,LENDING:558,Confirm
SAME_CONTEXT_SAME_PAIR_SHORT,P0571,cp_01M3NX204HFYG9RAN226ZH6Q3S,health-insurance-pre-ut/shared/main/text-protection-status,3,INSURANCE:35,Protection status
SAME_CONTEXT_SAME_PAIR_SHORT,P0571,cp_01M3NX204NFYMS52ZRQVASQM5A,health-insurance-pre-ut/shared/main/text-protection-status-2,3,INSURANCE:148,Protection status
SAME_CONTEXT_SAME_PAIR_SHORT,P0571,cp_01M3NX204NEG9R99VSQ8D1G1EN,health-insurance-pre-ut/shared/main/text-protection-status-3,3,INSURANCE:163,Protection status
SAME_CONTEXT_SAME_PAIR_SHORT,P0572,cp_01M3NX204HFEHT15X8Z7J5P23Z,health-insurance-pre-ut/shared/main/text-essential,2,INSURANCE:39,Essential
SAME_CONTEXT_SAME_PAIR_SHORT,P0572,cp_01M3NX204JFMQBEXNP0TKAP8CX,health-insurance-pre-ut/shared/main/text-essential-2,2,INSURANCE:68,Essential
SAME_CONTEXT_SAME_PAIR_SHORT,P0573,cp_01M3NX204JFSJRJXJ3F3X6QNME,health-insurance-pre-ut/shared/main/text-standard,2,INSURANCE:69,Standard
SAME_CONTEXT_SAME_PAIR_SHORT,P0573,cp_01M3NX204NF2G8K1ZMVAJG72N1,health-insurance-pre-ut/shared/main/text-standard-2,2,INSURANCE:150,Standard
SAME_CONTEXT_SAME_PAIR_SHORT,P0574,cp_01M3NX204JFG899KHA3FM7379F,health-insurance-pre-ut/shared/main/text-inpatient,2,INSURANCE:73,Inpatient
SAME_CONTEXT_SAME_PAIR_SHORT,P0574,cp_01M3NX204PEYEBHBHS8AG53R7S,health-insurance-pre-ut/shared/main/text-inpatient-2,2,INSURANCE:183,Inpatient
SAME_CONTEXT_SAME_PAIR_SHORT,P0575,cp_01M3NX204KFBB9ZJ1S2ZG89KTJ,health-insurance-pre-ut/shared/main/text-outpatient,2,INSURANCE:74,Outpatient
SAME_CONTEXT_SAME_PAIR_SHORT,P0575,cp_01M3NX204PFF1VHWQ868VZ20WA,health-insurance-pre-ut/shared/main/text-outpatient-2,2,INSURANCE:184,Outpatient
SAME_CONTEXT_SAME_PAIR_SHORT,P0576,cp_01M3NX204MEPW8RYQ3PGRDFRKS,health-insurance-pre-ut/shared/main/text-got,4,INSURANCE:116,Got it
SAME_CONTEXT_SAME_PAIR_SHORT,P0576,cp_01M3NX204MEQC8D0ABMDWR5KZ5,health-insurance-pre-ut/shared/main/text-got-2,4,INSURANCE:121,Got it
SAME_CONTEXT_SAME_PAIR_SHORT,P0576,cp_01M3NX204MF18SGZND7XH2FVDZ,health-insurance-pre-ut/shared/main/text-got-3,4,INSURANCE:126,Got it
SAME_CONTEXT_SAME_PAIR_SHORT,P0576,cp_01M3NX204QFPW8G94A54BXD2GG,health-insurance-pre-ut/shared/main/text-got-4,4,INSURANCE:206,Got it
SAME_CONTEXT_SAME_PAIR_SHORT,P0577,cp_01M3NX204ME9XAH9CJBMTX5W11,health-insurance-pre-ut/shared/main/text-help,2,INSURANCE:120,Help
SAME_CONTEXT_SAME_PAIR_SHORT,P0577,cp_01M3NX204MERGVQMTNXJGR2BHX,health-insurance-pre-ut/shared/main/text-help-2,2,INSURANCE:125,Help
SAME_CONTEXT_SAME_PAIR_SHORT,P0578,cp_01M3NX204NFWN9EDND18XM4G7K,health-insurance-pre-ut/shared/main/text-insurance-coverages,2,INSURANCE:158,Insurance coverages
SAME_CONTEXT_SAME_PAIR_SHORT,P0578,cp_01M3NX204PEJN90C6GK7SE34J9,health-insurance-pre-ut/shared/main/text-insurance-coverages-2,2,INSURANCE:181,Insurance coverages
SAME_CONTEXT_SAME_PAIR_SHORT,P0579,cp_01M3NX204QF4TB2228H0DCRY95,health-insurance-pre-ut/ha-and-cancer/main/text,2,INSURANCE:235,Basic protection
SAME_CONTEXT_SAME_PAIR_SHORT,P0579,cp_01M3NX204VFM6TQHA3HPHC45BE,health-insurance-pre-ut/ha-and-cancer/main/text-basic-protection,2,INSURANCE:338,Basic protection
SAME_CONTEXT_SAME_PAIR_SHORT,P0580,cp_01M3NX204QFNWSHC2Q707FGXKK,health-insurance-pre-ut/ha-and-cancer/main/text-essential-protection,2,INSURANCE:236,Essential protection
SAME_CONTEXT_SAME_PAIR_SHORT,P0580,cp_01M3NX204VFZ6856HVHW5ST62F,health-insurance-pre-ut/ha-and-cancer/main/text-essential-protection-2,2,INSURANCE:339,Essential protection
SAME_CONTEXT_SAME_PAIR_SHORT,P0581,cp_01M3NX204WFZPBMSP6865BFC7F,health-insurance-pre-ut/ha-and-cancer/main/text-limit-available,3,INSURANCE:371,Limit: Not available
SAME_CONTEXT_SAME_PAIR_SHORT,P0581,cp_01M3NX204YFJQB2Q642KT7T85F,health-insurance-pre-ut/ha-and-cancer/main/text-limit-available-2,3,INSURANCE:442,Limit: Not available
SAME_CONTEXT_SAME_PAIR_SHORT,P0581,cp_01M3NX204YEM6VY5GG4DANF8ET,health-insurance-pre-ut/ha-and-cancer/main/text-limit-available-3,3,INSURANCE:461,Limit: Not available
SAME_CONTEXT_SAME_PAIR_SHORT,P0582,cp_01M3NX204WFGZRBB29CTN8B9T0,health-insurance-pre-ut/ha-and-cancer/main/text-copayment,2,INSURANCE:384,Copayment
SAME_CONTEXT_SAME_PAIR_SHORT,P0582,cp_01M3NX204YFXY9PZJ0AC8E365R,health-insurance-pre-ut/ha-and-cancer/main/text-copayment-2,2,INSURANCE:453,Copayment
SAME_CONTEXT_SAME_PAIR_SHORT,P0583,cp_01M3NX204XFFX9X7HEWAEAAV6N,health-insurance-pre-ut/ha-and-cancer/main/text-limit-unlimited,2,INSURANCE:422,Limit: Unlimited
SAME_CONTEXT_SAME_PAIR_SHORT,P0583,cp_01M3NX204YE2Y93Y8JDPGR455X,health-insurance-pre-ut/ha-and-cancer/main/text-limit-unlimited-2,2,INSURANCE:457,Limit: Unlimited
SAME_CONTEXT_SAME_PAIR_SHORT,P0584,cp_01M3NX2050F92VC33SGSE7WK77,health-insurance-pre-ut/ha-and-cancer/main/text-got,6,INSURANCE:508,Got it
SAME_CONTEXT_SAME_PAIR_SHORT,P0584,cp_01M3NX2052F7R8X3J8XBRAZ2DG,health-insurance-pre-ut/ha-and-cancer/main/text-got-2,6,INSURANCE:594,Got it
SAME_CONTEXT_SAME_PAIR_SHORT,P0584,cp_01M3NX2052EAZ87J3148CY7XNV,health-insurance-pre-ut/ha-and-cancer/main/text-got-3,6,INSURANCE:599,Got it
SAME_CONTEXT_SAME_PAIR_SHORT,P0584,cp_01M3NX2053FSHTS6CB1X9JC6XM,health-insurance-pre-ut/ha-and-cancer/main/text-got-4,6,INSURANCE:609,Got it
SAME_CONTEXT_SAME_PAIR_SHORT,P0584,cp_01M3NX2053F6JSHGTG1V0YW178,health-insurance-pre-ut/ha-and-cancer/main/text-got-5,6,INSURANCE:613,Got it
SAME_CONTEXT_SAME_PAIR_SHORT,P0584,cp_01M3NX2053FNX9TS6XPNGZ8E75,health-insurance-pre-ut/ha-and-cancer/main/text-got-6,6,INSURANCE:618,Got it
SAME_CONTEXT_SAME_PAIR_SHORT,P0585,cp_01M3NX2052F1WAW7THNB4056PB,health-insurance-pre-ut/ha-and-cancer/main/text-help,2,INSURANCE:598,Help
SAME_CONTEXT_SAME_PAIR_SHORT,P0585,cp_01M3NX2053EMVT62DYMXH2374R,health-insurance-pre-ut/ha-and-cancer/main/text-help-2,2,INSURANCE:608,Help
SAME_CONTEXT_SAME_PAIR_SHORT,P0586,cp_01M3NX2055E2JVAJKSY1CTCBAE,health-insurance-pre-ut/ha-and-cancer/main/text-policy-holder,2,INSURANCE:657,Policy holder
SAME_CONTEXT_SAME_PAIR_SHORT,P0586,cp_01M3NX2055EYTTK8V6KQCGFMZA,health-insurance-pre-ut/ha-and-cancer/main/text-policy-holder-2,2,INSURANCE:666,Policy holder
SAME_CONTEXT_SAME_PAIR_SHORT,P0587,cp_01M3NX2055FK8889GZV3W0DBJT,health-insurance-pre-ut/ha-and-cancer/main/text-total-insured,2,INSURANCE:663,Total insured
SAME_CONTEXT_SAME_PAIR_SHORT,P0587,cp_01M3NX2055FN1S7DCQJZFTQNTN,health-insurance-pre-ut/ha-and-cancer/main/text-total-insured-2,2,INSURANCE:669,Total insured
SAME_CONTEXT_SAME_PAIR_SHORT,P0588,cp_01M3NX205FEDDR1M91T0GS0E8Q,health-insurance-m2/promo/main/text-get-insurance,2,INSURANCE:943,Get your insurance
SAME_CONTEXT_SAME_PAIR_SHORT,P0588,cp_01M3NX205GES48KHBAGEEZHMDA,health-insurance-m2/promo/main/text-get-insurance-2,2,INSURANCE:986,Get your insurance
SAME_CONTEXT_SAME_PAIR_SHORT,P0589,cp_01M3NX205JF6C8J72MFG1TQDXA,heart-attack/shared/main/text-rp100-000-000,2,INSURANCE:1021,Rp100.000.000
SAME_CONTEXT_SAME_PAIR_SHORT,P0589,cp_01M3NX205JFFFR22PJCVG9HQRH,heart-attack/shared/main/text-rp100-000-000-2,2,INSURANCE:1030,Rp100.000.000
SAME_CONTEXT_SAME_PAIR_SHORT,P0590,cp_01M3NX205NF2TS571Y00RG1RTX,promo-usecase/promo-banner-on-homepage/main/text,3,INSURANCE:1105,20% discount for you
SAME_CONTEXT_SAME_PAIR_SHORT,P0590,cp_01M3NX205NEY6T3SS3DEJDVDQV,promo-usecase/promo-banner-on-homepage/main/text-20-discount,3,INSURANCE:1113,20% discount for you
SAME_CONTEXT_SAME_PAIR_SHORT,P0590,cp_01M3NX205NEFQBG8KVS4J492QP,promo-usecase/promo-banner-on-homepage/main/text-20-discount-2,3,INSURANCE:1116,20% discount for you
SAME_CONTEXT_SAME_PAIR_SHORT,P0591,cp_01M3NX205PEY9BJHX779DXJBQ8,homepage/shared/main/text-heart-attack,2,INSURANCE:1145,Heart attack
SAME_CONTEXT_SAME_PAIR_SHORT,P0591,cp_01M3NX205RFDPV5H2CYB90F7Y3,homepage/shared/main/text-heart-attack-3,2,INSURANCE:1215,Heart attack
SAME_CONTEXT_SAME_PAIR_SHORT,P0592,cp_01M3NX205PF36VWPQQX24G1ES3,homepage/shared/main/text-cancer,2,INSURANCE:1146,Cancer
SAME_CONTEXT_SAME_PAIR_SHORT,P0592,cp_01M3NX205RFZQ8QSE1433XN3FY,homepage/shared/main/text-cancer-2,2,INSURANCE:1216,Cancer
SAME_CONTEXT_SAME_PAIR_SHORT,P0593,cp_01M3NX205QFG9VFZDJEACP5PWF,homepage/shared/main/text-start,3,INSURANCE:1160,Start from:
SAME_CONTEXT_SAME_PAIR_SHORT,P0593,cp_01M3NX205QFNABQX8TSC2QYV0C,homepage/shared/main/text-start-2,3,INSURANCE:1165,Start from:
SAME_CONTEXT_SAME_PAIR_SHORT,P0593,cp_01M3NX205QFF08MG1GX7MW42P4,homepage/shared/main/text-start-3,3,INSURANCE:1170,Start from:
SAME_CONTEXT_SAME_PAIR_SHORT,P0594,cp_01M3NX205SFHVT8XBZMP57GWCW,homepage-for-cancer-heart-attack/shared/main/text-smoking-status,2,INSURANCE:1230,Smoking status
SAME_CONTEXT_SAME_PAIR_SHORT,P0594,cp_01M3NX205TETZAE474EZAM9Z6Y,homepage-for-cancer-heart-attack/shared/main/text-smoking-status-2,2,INSURANCE:1273,Smoking status
SAME_CONTEXT_SAME_PAIR_SHORT,P0595,cp_01M3NX205SFNA8H3DB243PNK14,homepage-for-cancer-heart-attack/shared/main/text-active-smoker,3,INSURANCE:1231,Active smoker
SAME_CONTEXT_SAME_PAIR_SHORT,P0595,cp_01M3NX205SEC887M1KWPP16H3M,homepage-for-cancer-heart-attack/shared/main/text-active-smoker-2,3,INSURANCE:1238,Active smoker
SAME_CONTEXT_SAME_PAIR_SHORT,P0595,cp_01M3NX205VF4S99X3S1ZBWRCFE,homepage-for-cancer-heart-attack/shared/main/text-active-smoker-3,3,INSURANCE:1275,Active smoker
SAME_CONTEXT_SAME_PAIR_SHORT,P0596,cp_01M3NX205SEN3B5TVNQDZMGYZ9,homepage-for-cancer-heart-attack/shared/main/text-non-smoker,3,INSURANCE:1232,Non smoker
SAME_CONTEXT_SAME_PAIR_SHORT,P0596,cp_01M3NX205SFE6VGK3HRVY30W5S,homepage-for-cancer-heart-attack/shared/main/text-non-smoker-2,3,INSURANCE:1239,Non smoker
SAME_CONTEXT_SAME_PAIR_SHORT,P0596,cp_01M3NX205VED28KS24DAR4D98Q,homepage-for-cancer-heart-attack/shared/main/text-non-smoker-3,3,INSURANCE:1274,Non smoker
SAME_CONTEXT_SAME_PAIR_SHORT,P0597,cp_01M3NX205SEWDA7ADCZZ559FPE,homepage-for-cancer-heart-attack/shared/main/text-age,2,INSURANCE:1234,Age
SAME_CONTEXT_SAME_PAIR_SHORT,P0597,cp_01M3NX205VFSHAFTCW4ZQ2D6FS,homepage-for-cancer-heart-attack/shared/main/text-age-2,2,INSURANCE:1281,Age
SAME_CONTEXT_SAME_PAIR_SHORT,P0598,cp_01M3NX205SECG9W3THK7B0E4GQ,homepage-for-cancer-heart-attack/shared/main/text-price-per-month,2,INSURANCE:1235,Price per month
SAME_CONTEXT_SAME_PAIR_SHORT,P0598,cp_01M3NX205SE1FVGXAF1AQAS0B7,homepage-for-cancer-heart-attack/shared/main/text-price-per-month-2,2,INSURANCE:1240,Price per month
SAME_CONTEXT_SAME_PAIR_SHORT,P0599,cp_01M3NX205ZF8YV4K60302ZC85X,family-plan/shared/main/text-individual-plan,2,INSURANCE:1424,Individual plan
SAME_CONTEXT_SAME_PAIR_SHORT,P0599,cp_01M3NX2061ERWAE8JPMKRP1B87,family-plan/shared/main/text-individual-plan-2,2,INSURANCE:1481,Individual plan
SAME_CONTEXT_SAME_PAIR_SHORT,P0600,cp_01M3NX205ZEDWR1W4EN1ADTW56,family-plan/shared/main/text-family-plan,2,INSURANCE:1427,Family plan
SAME_CONTEXT_SAME_PAIR_SHORT,P0600,cp_01M3NX2061EW29AFWPTCBVYPD8,family-plan/shared/main/text-family-plan-2,2,INSURANCE:1482,Family plan
SAME_CONTEXT_SAME_PAIR_SHORT,P0601,cp_01M3NX2060EC8BB4MNVZM2J041,family-plan/shared/main/text-myself,2,INSURANCE:1444,Myself
SAME_CONTEXT_SAME_PAIR_SHORT,P0601,cp_01M3NX2066FP48MXXA2MRB0HG7,family-plan/shared/main/text-myself-2,2,INSURANCE:1633,Myself
SAME_CONTEXT_SAME_PAIR_SHORT,P0602,cp_01M3NX2060FVS9B88WAM27MA2V,family-plan/shared/main/text-spouse,2,INSURANCE:1445,Spouse
SAME_CONTEXT_SAME_PAIR_SHORT,P0602,cp_01M3NX2066ESYBQGC99WXNSNXK,family-plan/shared/main/text-spouse-2,2,INSURANCE:1635,Spouse
SAME_CONTEXT_SAME_PAIR_SHORT,P0603,cp_01M3NX2060FNZ8F5Q7VMR4B6SM,family-plan/shared/main/text-child,2,INSURANCE:1446,Child
SAME_CONTEXT_SAME_PAIR_SHORT,P0603,cp_01M3NX2066F8TVZC1RCN0CCF2R,family-plan/shared/main/text-child-2,2,INSURANCE:1637,Child
SAME_CONTEXT_SAME_PAIR_SHORT,P0604,cp_01M3NX2063EQNBBRHMDXJS8KQ7,family-plan/shared/main/text-insurance-package,2,INSURANCE:1554,Insurance package
SAME_CONTEXT_SAME_PAIR_SHORT,P0604,cp_01M3NX2065EHJAFDVAAH8MN7FA,family-plan/shared/main/text-insurance-package-2,2,INSURANCE:1617,Insurance package
SAME_CONTEXT_SAME_PAIR_SHORT,P0605,cp_01M3NX2065E96BBA8NFFKJY5HH,family-plan/shared/main/text-family-certificate,2,INSURANCE:1622,Family Certificate
SAME_CONTEXT_SAME_PAIR_SHORT,P0605,cp_01M3NX2067ERWVSH875BQXXG8B,family-plan/shared/main/text-family-certificate-2,2,INSURANCE:1669,Family Certificate
SAME_CONTEXT_SAME_PAIR_SHORT,P0606,cp_01M3NX2066FV58SBWWNCAM45BS,family-plan/shared/main/text-take-photo,2,INSURANCE:1629,Take photo
SAME_CONTEXT_SAME_PAIR_SHORT,P0606,cp_01M3NX2067FFDTWM3DZ80PBX7F,family-plan/shared/main/text-take-photo-2,2,INSURANCE:1675,Take photo
SAME_CONTEXT_SAME_PAIR_SHORT,P0607,cp_01M3NX2067FRMS8CBGMA6RG99C,familyplan/registrationpage/policyholderselector-bottom/cta-secondary,2,INSURANCE:1655,"No, cancel"
SAME_CONTEXT_SAME_PAIR_SHORT,P0607,cp_01M3NX2067ESWV46C00D4REB1J,familyplan/registrationpage/policyholderselector-bottom/cta-secondary-2,2,INSURANCE:1663,"No, cancel"
SAME_CONTEXT_SAME_PAIR_SHORT,P0608,cp_01M3NX206AE2CSFZ5X7AA3A2X5,personal-accident/shared/main/text-rp-20-000-000,2,INSURANCE:1761,Rp 20.000.000
SAME_CONTEXT_SAME_PAIR_SHORT,P0608,cp_01M3NX206AE60S2YX72WG1MHBF,personal-accident/shared/main/text-rp-20-000-000-2,2,INSURANCE:1762,Rp 20.000.000
SAME_CONTEXT_SAME_PAIR_SHORT,P0609,cp_01M3NX206QF4MSP6TXB9YXT2A1,priority-transfer/shared/main/text-got,2,INSURANCE:2074,Got it
SAME_CONTEXT_SAME_PAIR_SHORT,P0609,cp_01M3NX206QFXXTSNFSR0P8GGEM,priority-transfer/shared/main/text-got-2,2,INSURANCE:2078,Got it
SAME_CONTEXT_SAME_PAIR_SHORT,P0610,cp_01M3NX206TFV5855JQXEAFMMGB,crack-insurance-non-contextual/plan-section/main/text-reguler-2,2,INSURANCE:2153,Reguler
SAME_CONTEXT_SAME_PAIR_SHORT,P0610,cp_01M3NX206TE0DA4WW1CSXGA8VE,crack-insurance-non-contextual/plan-section/main/text-reguler-3,2,INSURANCE:2156,Reguler
SAME_CONTEXT_SAME_PAIR_SHORT,P0611,cp_01M3NX207TF59BE4R99GR4BDYV,how-long-is-the-coverage-period/shared/main/text,2,INSURANCE:3062,Life insurance
SAME_CONTEXT_SAME_PAIR_SHORT,P0611,cp_01M3NX2082F9WS13A6V3TKCGB4,how-long-is-the-coverage-period/shared/main/text-life-insurance-2,2,INSURANCE:3253,Life insurance
SAME_CONTEXT_SAME_PAIR_SHORT,P0612,cp_01M3NX208CFY3S3GDAY4Z424XG,cyber-security-insurance/error/main/text-got,2,INSURANCE:3495,Got it
SAME_CONTEXT_SAME_PAIR_SHORT,P0612,cp_01M3NX208CFF0VQMBK7MKYPPP8,cyber-security-insurance/error/main/text-got-2,2,INSURANCE:3500,Got it
SAME_CONTEXT_SAME_PAIR_SHORT,P0613,cp_01M3NX208JFKQSD2AN7WMVZQE4,cyber-security-insurance/insurance-coverage/main/text-rp20-000-000,2,INSURANCE:3579,Rp20.000.000
SAME_CONTEXT_SAME_PAIR_SHORT,P0613,cp_01M3NX208KFSZBB5KR023RTB96,cyber-security-insurance/insurance-coverage/main/text-rp20-000-000-2,2,INSURANCE:3592,Rp20.000.000
SAME_CONTEXT_SAME_PAIR_LONG_KEY_DIFF,P0614,cp_01M3NX20AHEW0VPPAGRFDHRZRB,motorcycle/registrationform/vehicledetails-field-brand-error/text,4,INSURANCE:4648;INSURANCE:4666;INSURANCE:4669;INSURANCE:4673,Please fill out this field first
SAME_CONTEXT_SAME_PAIR_LONG_KEY_DIFF,P0614,cp_01M3NX20AHE2ABWHAJ1XSRWT9Q,motorcycle/registrationform/vehicledetails-field-model-error/text,4,INSURANCE:4651,Please fill out this field first
SAME_CONTEXT_SAME_PAIR_LONG_KEY_DIFF,P0614,cp_01M3NX20AJFY2B99PE8P3EWJZY,motorcycle/registrationform/vehicledetails-field/text,4,INSURANCE:4654,Please fill out this field first
SAME_CONTEXT_SAME_PAIR_LONG_KEY_DIFF,P0614,cp_01M3NX20AJFGT8R5CRF21XK655,motorcycle/registrationform/vehicledetails-field-chassis/text,4,INSURANCE:4657,Please fill out this field first
SAME_CONTEXT_SAME_PAIR_SHORT,P0615,cp_01M3NX20ARE4RBCDDGDAJD577T,motorcycle-insurance/topic-tabbing/main/text-2-5-million,2,INSURANCE:4752,"2,5 million"
SAME_CONTEXT_SAME_PAIR_SHORT,P0615,cp_01M3NX20ARFEC8P3KZMJ9SQ7XF,motorcycle-insurance/topic-tabbing/main/text-2-5-million-2,2,INSURANCE:4756,"2,5 million"
SAME_CONTEXT_SAME_PAIR_SHORT,P0616,cp_01M3NX20ASEBHB7DYJJVQ6ZMRW,motorcycle-insurance/topic-tabbing/main/text-rp2-500-000-year,3,INSURANCE:4765,Rp2.500.000/year
SAME_CONTEXT_SAME_PAIR_SHORT,P0616,cp_01M3NX20ASFXVTX2HBS891Q4P9,motorcycle-insurance/topic-tabbing/main/text-rp2-500-000-year-2,3,INSURANCE:4766,Rp2.500.000/year
SAME_CONTEXT_SAME_PAIR_SHORT,P0616,cp_01M3NX20ASFP3RGG2X8DTHT7W5,motorcycle-insurance/topic-tabbing/main/text-rp2-500-000-year-3,3,INSURANCE:4767,Rp2.500.000/year
SAME_CONTEXT_SAME_PAIR_SHORT,P0617,cp_01M3NX20B2E2JS5VC9EB2GJ28P,motorcycle-insurance/error-bottomsheet/main/text-got,4,INSURANCE:4861,Got it
SAME_CONTEXT_SAME_PAIR_SHORT,P0617,cp_01M3NX20B3F05BHZP4EBJWHTK5,motorcycle-insurance/error-bottomsheet/main/text-got-2,4,INSURANCE:4865,Got it
SAME_CONTEXT_SAME_PAIR_SHORT,P0617,cp_01M3NX20B3FAN9E02PHAMN812V,motorcycle-insurance/error-bottomsheet/main/text-got-3,4,INSURANCE:4869,Got it
SAME_CONTEXT_SAME_PAIR_SHORT,P0617,cp_01M3NX20B3FBYTXEBBSYH2NNEY,motorcycle-insurance/error-bottomsheet/main/text-got-4,4,INSURANCE:4873,Got it
SAME_CONTEXT_SAME_PAIR_SHORT,P0618,cp_01M3NX20B4F0NA49K1W3PVHACY,recurring-payment/shared/main/text-due-30-jul-2025,2,INSURANCE:4878,Due: {30_jul_2025}
SAME_CONTEXT_SAME_PAIR_SHORT,P0618,cp_01M3NX20B6F6X8DKSPRPTAF52R,recurring-payment/shared/main/text-due-30-jul-2025-2,2,INSURANCE:4923,Due: {30_jul_2025}
SAME_CONTEXT_SAME_PAIR_SHORT,P0619,cp_01M3NX20B4EPDVMJEV02BCSEQS,recurring-payment/shared/main/text-paid-amount,2,INSURANCE:4880,Paid amount
SAME_CONTEXT_SAME_PAIR_SHORT,P0619,cp_01M3NX20B6FFQTXGPRCKZ9CVSX,recurring-payment/shared/main/text-paid-amount-2,2,INSURANCE:4925,Paid amount
SAME_CONTEXT_SAME_PAIR_SHORT,P0620,cp_01M3NX20B8FNK8JMG5RZTQQPV0,pay-upfront/shared/main/text-80k-year,2,INSURANCE:4961,80k/year
SAME_CONTEXT_SAME_PAIR_SHORT,P0620,cp_01M3NX20B8FZ2BQ17FHA3J411X,pay-upfront/shared/main/text-80k-year-2,2,INSURANCE:4980,80k/year
SAME_CONTEXT_SAME_PAIR_SHORT,P0621,cp_01M3NX20BAF0B94696FE21P1B9,travel-insurance-experimentation/highlight-card/main/text,2,INSURANCE:5014,Travel insurance
SAME_CONTEXT_SAME_PAIR_SHORT,P0621,cp_01M3NX20BAEADA47HS13DMSEVK,travel-insurance-experimentation/highlight-card/main/text-travel-insurance,2,INSURANCE:5018,Travel insurance
SAME_CONTEXT_SAME_PAIR_SHORT,P0622,cp_01M3NX20BYFE2AX101ETZMDP09,travel-insurance/highlight-card-content/main/text,2,INSURANCE:5296,Travel insurance
SAME_CONTEXT_SAME_PAIR_SHORT,P0622,cp_01M3NX20BYF90A28AYZFAWMJ6V,travel-insurance/highlight-card-content/main/text-travel-insurance,2,INSURANCE:5300,Travel insurance
SAME_CONTEXT_SAME_PAIR_SHORT,P0623,cp_01M3NX20C3E7ZVDYN0KXEZEWRA,travel-insurance/provider-section/main/text-rp-100-000-000,2,INSURANCE:5370,Rp 100.000.000
SAME_CONTEXT_SAME_PAIR_SHORT,P0623,cp_01M3NX20C3EATAR78P92G00RB8,travel-insurance/provider-section/main/text-rp-100-000-000-2,2,INSURANCE:5371,Rp 100.000.000
SAME_CONTEXT_SAME_PAIR_SHORT,P0624,cp_01M3NX20CKFY7S9VX111VTHYFS,travel-insurance/provider-section/main/text-medical-report,2,INSURANCE:5516,- Medical report
SAME_CONTEXT_SAME_PAIR_SHORT,P0624,cp_01M3NX20CMEY5VWY2F010GY4JA,travel-insurance/provider-section/main/text-medical-report-2,2,INSURANCE:5521,- Medical report
SAME_CONTEXT_SAME_PAIR_SHORT,P0625,cp_01M3NX20E8FD3R06R8YTZYB5ES,flash-sale-all-months/home-top-banner/main/text,3,INSURANCE:6269,Flash sale {x} off
SAME_CONTEXT_SAME_PAIR_SHORT,P0625,cp_01M3NX20E8EDRTBE9W81T4EJA2,flash-sale-all-months/home-top-banner/main/text-flash-sale-x-off,3,INSURANCE:6274,Flash sale {x} off
SAME_CONTEXT_SAME_PAIR_SHORT,P0625,cp_01M3NX20E9FE0810T4NK03RJN0,flash-sale-all-months/home-top-banner/main/text-flash-sale-x-off-2,3,INSURANCE:6283,Flash sale {x} off
SAME_CONTEXT_SAME_PAIR_SHORT,P0626,cp_01M3NX20E8E8TBDCDBAK1XJWKM,flash-sale-all-months/home-top-banner/main/text-product-name,2,INSURANCE:6270,For {product_name}
SAME_CONTEXT_SAME_PAIR_SHORT,P0626,cp_01M3NX20E8F039XH20JGZMTC2E,flash-sale-all-months/home-top-banner/main/text-product-name-2,2,INSURANCE:6275,For {product_name}
SAME_CONTEXT_SAME_PAIR_SHORT,P0627,cp_01M3NX20E9EF8VZXEQ7DCWT1T2,flash-limited-months/shared/main/text,2,INSURANCE:6304,Flash sale {x} off
SAME_CONTEXT_SAME_PAIR_SHORT,P0627,cp_01M3NX20E9FXHB8RSRGNAXFWNW,flash-limited-months/shared/main/text-flash-sale-x-off,2,INSURANCE:6311,Flash sale {x} off
SAME_CONTEXT_SAME_PAIR_SHORT,P0628,cp_01M3NX20E9FQ8VJATMK6GHXY4W,flash-limited-months/shared/main/text-23-11-10,3,INSURANCE:6306,23:11:10
SAME_CONTEXT_SAME_PAIR_SHORT,P0628,cp_01M3NX20E9F71R51FAGPT87S76,flash-limited-months/shared/main/text-23-11-10-2,3,INSURANCE:6313,23:11:10
SAME_CONTEXT_SAME_PAIR_SHORT,P0628,cp_01M3NX20EAF9H8PN26X7Y7AGWN,flash-limited-months/shared/main/text-23-11-10-3,3,INSURANCE:6320,23:11:10
SAME_CONTEXT_SAME_PAIR_SHORT,P0629,cp_01M3NX20EQF1FBN6F2X15FC7DQ,adhoc-digital-fraud-promo/bottom-sheet/main/text-got,3,INSURANCE:6526,Got it
SAME_CONTEXT_SAME_PAIR_SHORT,P0629,cp_01M3NX20EQECFA4373V9DCZ5VH,adhoc-digital-fraud-promo/bottom-sheet/main/text-got-2,3,INSURANCE:6530,Got it
SAME_CONTEXT_SAME_PAIR_SHORT,P0629,cp_01M3NX20EQFJRTXQR68J14Y831,adhoc-digital-fraud-promo/bottom-sheet/main/text-got-3,3,INSURANCE:6534,Got it
SAME_CONTEXT_SAME_PAIR_SHORT,P0630,cp_01M3NX20FCE7A988CXZ7MKWEJX,hospitallistpage/resultsection/generic/title,2,INSURANCE:6834,Result
SAME_CONTEXT_SAME_PAIR_SHORT,P0630,cp_01M3NX20FCF3QTK5ZAXEYCS9RA,hospital-listing/shared/main/text-result,2,INSURANCE:6841,Result
SAME_CONTEXT_SAME_PAIR_LONG_KEY_DIFF,P0631,cp_01M3NX20FKFSZRPTV37PS6N2QT,mpm/gallery-access/main/title,2,PAYMENT:68,Allow us to access your gallery?
SAME_CONTEXT_SAME_PAIR_LONG_KEY_DIFF,P0631,cp_01M3NX20FKE6AT9XJF73RRS7E3,mpm/gallery-access/main/title-2,2,PAYMENT:68,Allow us to access your gallery?
SAME_CONTEXT_SAME_PAIR_SHORT,P0632,cp_01M3NX20GVFQCSMCQ7FR5NGP00,merchant-account-integration/gopay-accountsafety-linkedapps/main/cta-2,2,PAYMENT:484,Gojek
SAME_CONTEXT_SAME_PAIR_SHORT,P0632,cp_01M3NX20GWERW9MFF923XW9MBK,merchant-account-integration/gopay-accountsafety-linkedapps/main/cta-4,2,PAYMENT:490,Gojek
SAME_CONTEXT_SAME_PAIR_SHORT,P0633,cp_01M3NX20GXECHS45MZ2ANYXEWR,enter-otp/enter-otp/input-gojek-only/label,2,PAYMENT:511,OTP code
SAME_CONTEXT_SAME_PAIR_SHORT,P0633,cp_01M3NX20QXEKCR96Q4BRECZXXA,enter-otp/enter-otp/input-gojek-only/label-2,2,PAYMENT:2873,OTP code
SAME_CONTEXT_SAME_PAIR_SHORT,P0634,cp_01M3NX20GYE2MT08WNH3GGMMDV,enter-otp/enter-otp/resend-otp/text,2,PAYMENT:513,Resend code
SAME_CONTEXT_SAME_PAIR_SHORT,P0634,cp_01M3NX20QYF64RHTZG3SQCA6W1,enter-otp/enter-otp/resend-otp/text-resend-code,2,PAYMENT:2875,Resend code
SAME_CONTEXT_SAME_PAIR_SHORT,P0635,cp_01M3NX20GYFQTSXR7RBK2WGT4G,enter-otp/enter-otp/main/cta,2,PAYMENT:514,Confirm
SAME_CONTEXT_SAME_PAIR_SHORT,P0635,cp_01M3NX20QYFBAV23ZMNJF1H0YW,enter-otp/enter-otp/main/cta-2,2,PAYMENT:2876,Confirm
SAME_CONTEXT_SAME_PAIR_SHORT,P0636,cp_01M3NX20GYFEETQ1TSVDZK5XHS,enter-otp/enter-otp/invalid-number/error,2,PAYMENT:515,Wrong OTP code
SAME_CONTEXT_SAME_PAIR_SHORT,P0636,cp_01M3NX20QYE2MSE8V1Y5D988K1,enter-otp/enter-otp/invalid-number/error-2,2,PAYMENT:2877,Wrong OTP code
SAME_CONTEXT_SAME_PAIR_SHORT,P0637,cp_01M3NX20HHFDKSEPXAGQG694PT,paylater-cicil-plus-tabungan/shared/main/cta,2,PAYMENT:735,Confirm
SAME_CONTEXT_SAME_PAIR_SHORT,P0637,cp_01M3NX20HHF1J9RVPZPG0GRZ05,paylater-cicil-plus-tabungan/shared/main/cta-2,2,PAYMENT:738,Confirm
SAME_CONTEXT_SAME_PAIR_SHORT,P0638,cp_01M3NX20QNEH39PN3P7T7NKHA8,enterprise-payment-widget/cancel-transaction-dialogue/main/text-got,3,PAYMENT:2782,Got it
SAME_CONTEXT_SAME_PAIR_SHORT,P0638,cp_01M3NX20QNEBQ87ZSHJ0XS2M7Z,enterprise-payment-widget/cancel-transaction-dialogue/main/text-got-2,3,PAYMENT:2786,Got it
SAME_CONTEXT_SAME_PAIR_SHORT,P0638,cp_01M3NX20QPEQ68FPWYRFF0MC8K,enterprise-payment-widget/cancel-transaction-dialogue/main/text-got-3,3,PAYMENT:2790,Got it
SAME_CONTEXT_SAME_PAIR_SHORT,P0639,cp_01M3NX20QTEFTVQ3X55EH8N1HG,enterprise-payment-widget/server-error/main/cta,2,PAYMENT:2827,Got it
SAME_CONTEXT_SAME_PAIR_SHORT,P0639,cp_01M3NX20QTER49VSHZBGRS99D2,enterprise-payment-widget/server-error/main/cta-2,2,PAYMENT:2831,Got it
SAME_CONTEXT_SAME_PAIR_SHORT,P0640,cp_01M3NX20RGF56TZQAVMC00M50J,bca-auto-collection/shared/main/text,3,PAYMENT:3038,BCA Autodebet
SAME_CONTEXT_SAME_PAIR_SHORT,P0640,cp_01M3NX20RHF2KV343QJE34KMRQ,bca-auto-collection/shared/main/text-bca-autodebet,3,PAYMENT:3041,BCA Autodebet
SAME_CONTEXT_SAME_PAIR_SHORT,P0640,cp_01M3NX20RMFW1VJ2JV7VS7R4TC,bca-auto-collection/shared/main/text-bca-autodebet-2,3,PAYMENT:3058,BCA Autodebet
SAME_CONTEXT_SAME_PAIR_SHORT,P0641,cp_01M3NX20S1F1WB5Q4NR63ZQ6E8,manual-pin-redirection/shared/main/text-confirmation-failed,3,PAYMENT:3244,Confirmation failed
SAME_CONTEXT_SAME_PAIR_SHORT,P0641,cp_01M3NX20S2E7ABEMGWVD37WAER,manual-pin-redirection/shared/main/text-confirmation-failed-2,3,PAYMENT:3260,Confirmation failed
SAME_CONTEXT_SAME_PAIR_SHORT,P0641,cp_01M3NX20S3E0589S31KWKAXVNB,manual-pin-redirection/shared/main/text-confirmation-failed-3,3,PAYMENT:3266,Confirmation failed
SAME_CONTEXT_SAME_PAIR_SHORT,P0642,cp_01M3NX20S1FBBAVREHR2DMHT05,manual-pin-redirection/shared/main/text-got,2,PAYMENT:3249,Got it
SAME_CONTEXT_SAME_PAIR_SHORT,P0642,cp_01M3NX20S4EM09SHERDQK9A1YP,manual-pin-redirection/shared/main/text-got-2,2,PAYMENT:3273,Got it
SAME_CONTEXT_SAME_PAIR_SHORT,P0643,cp_01M3NX20S2F899AHXTFCN98VEF,manual-pin-redirection/shared/main/text-back-merchant,2,PAYMENT:3258,Back to merchant
SAME_CONTEXT_SAME_PAIR_SHORT,P0643,cp_01M3NX20S3E2RBJCJYY8ZXV1X3,manual-pin-redirection/shared/main/text-back-merchant-2,2,PAYMENT:3264,Back to merchant
SAME_CONTEXT_SAME_PAIR_LONG_KEY_DIFF,P0644,cp_01M3NX20SJE7Y92D6WP9HJYPZE,userpov/paymentwidget/main/title,2,PAYMENT:3449,Shared payment method
SAME_CONTEXT_SAME_PAIR_LONG_KEY_DIFF,P0644,cp_01M3NX20SJFYMB0VF6X1J3WP1D,landingpage/payment-widget-for-user-to-use/main/title,2,PAYMENT:3456,Shared payment method
SAME_CONTEXT_SAME_PAIR_SHORT,P0645,cp_01M3NX20SSFTXBET5J3DXETQQ4,landingpage/card/ownerpov-status-expired/text,2,PAYMENT:3514,Access expired
SAME_CONTEXT_SAME_PAIR_SHORT,P0645,cp_01M3NX20SXERR8T0316BDJGPZY,landingpage/card/userpov-status-expired/text,2,PAYMENT:3542,Access expired
SAME_CONTEXT_SAME_PAIR_SHORT,P0646,cp_01M3NX20SSE8NBGZMZBXP1AKAA,landingpage/card/ownerpov-status-revoked/text,2,PAYMENT:3515,Access disabled
SAME_CONTEXT_SAME_PAIR_SHORT,P0646,cp_01M3NX20SXFSQB4P5XA9GK1KAZ,landingpage/card/userpov-status-revoked/text,2,PAYMENT:3543,Access disabled
SAME_CONTEXT_SAME_PAIR_LONG_KEY_DIFF,P0647,cp_01M3NX20STF2ZSMHC96EBSNA00,landingpage/card/ownerpov-status/text,2,PAYMENT:3516,Share access cancelled
SAME_CONTEXT_SAME_PAIR_LONG_KEY_DIFF,P0647,cp_01M3NX20SXENDTT4EN7T49NNMJ,landingpage/card/userpov-status/text,2,PAYMENT:3544,Share access cancelled
SAME_CONTEXT_SAME_PAIR_LONG_KEY_DIFF,P0648,cp_01M3NX20STF5684JBW4385EWP0,landingpage/card/ownerpov-status-deleted/text,2,PAYMENT:3517,Payment method removed
SAME_CONTEXT_SAME_PAIR_LONG_KEY_DIFF,P0648,cp_01M3NX20SXEJ89CVFT7QJBN2BB,landingpage/card/userpov-status-deleted/text,2,PAYMENT:3545,Payment method removed
SAME_CONTEXT_SAME_PAIR_SHORT,P0649,cp_01M3NX20T1EM7TFWDQPYKPQMR1,error/limithigherthanused/main/cta,3,PAYMENT:3573,Got it
SAME_CONTEXT_SAME_PAIR_SHORT,P0649,cp_01M3NX20T1E698ZG33K52A51D9,error/alreadyshared/main/cta,3,PAYMENT:3577,Got it
SAME_CONTEXT_SAME_PAIR_SHORT,P0649,cp_01M3NX20T2FV2S4F3D0HPR31MM,sharetoomany/error/dialog/cta,3,PAYMENT:3587,Got it
SAME_CONTEXT_SAME_PAIR_SHORT,P0650,cp_01M3NX20XBE769WRTDTD3XW5PK,coins-limitation-flow/payment-summary/main/cta,2,USER-SPEND:909,Got it
SAME_CONTEXT_SAME_PAIR_SHORT,P0650,cp_01M3NX20XCEADRH3CZ1YMKRQPG,widget/paymentscreen/errordialogue-cantusefullcoins/cta,2,USER-SPEND:920,Got it
SAME_CONTEXT_SAME_PAIR_SHORT,P0651,cp_01M3NX211XF3086FMYZTK4RDVE,netflix/netflix-reminder-no-details/main/title,2,USER-SPEND:2159,Netflix
SAME_CONTEXT_SAME_PAIR_SHORT,P0651,cp_01M3NX211YFT29PK7ZMRJQ182T,netflix/netflix-reminder-no-details/main/title-2,2,USER-SPEND:2164,Netflix
SAME_CONTEXT_SAME_PAIR_SHORT,P0652,cp_01M3NX213DERCBDCQHVCZNT5ZB,lender-side/landing-alt-2/view-detail/cta,2,USER-SPEND:2565,View details
SAME_CONTEXT_SAME_PAIR_SHORT,P0652,cp_01M3NX213DEGZRVJ7JF83QDP2T,lender-side/landing-alt-2/view-detail/cta-2,2,USER-SPEND:2571,View details
SAME_CONTEXT_SAME_PAIR_SHORT,P0653,cp_01M3NX2164FTR9MBY5NEZ07C66,createforother/updateddetails/main/cta,3,USER-SPEND:3186,Got it
SAME_CONTEXT_SAME_PAIR_SHORT,P0653,cp_01M3NX2165ERFT8X3CCQD7QV5B,cantchangelender/nudge-on-l1/main/cta,3,USER-SPEND:3190,Got it
SAME_CONTEXT_SAME_PAIR_SHORT,P0653,cp_01M3NX2166FGNVFTN4KZ58N30H,creator-different-with-lender/nudge-on-l1/main/cta,3,USER-SPEND:3199,Got it
SAME_CONTEXT_SAME_PAIR_SHORT,P0654,cp_01M3NX21ATECN8990HF2TDS2F6,a-plus-daily-check-in-reward/alt-1-with-reward-detail/main/title,2,USER-SPEND:4205,A+ Rewards
SAME_CONTEXT_SAME_PAIR_SHORT,P0654,cp_01M3NX21ATFY4T1Z1PD9D8P2Q0,a-plus-daily-check-in-reward/alt-1-with-reward-detail/main/title-2,2,USER-SPEND:4208,A+ Rewards
SAME_CONTEXT_SAME_PAIR_SHORT,P0655,cp_01M3NX21ATE8BTFYPK3YPY8N37,a-plus-daily-check-in-reward/alt-1-with-reward-detail/main/description,2,USER-SPEND:4206,Daily check in
SAME_CONTEXT_SAME_PAIR_SHORT,P0655,cp_01M3NX21AVEP18H973XY5D97BW,a-plus-daily-check-in-reward/alt-1-with-reward-detail/main/description-2,2,USER-SPEND:4209,Daily check in
SAME_CONTEXT_SAME_PAIR_SHORT,P0656,cp_01M3NX21AVFG196E1XJ8KXYSR5,a-plus-daily-check-in-reward/alt-2-without-reward-detail/text/text,2,USER-SPEND:4211,A+ Rewards
SAME_CONTEXT_SAME_PAIR_SHORT,P0656,cp_01M3NX21AVFQJAZNFPW3AWSTEP,a-plus-daily-check-in-reward/alt-2-without-reward-detail/text/text-rewards,2,USER-SPEND:4213,A+ Rewards
SAME_CONTEXT_SAME_PAIR_SHORT,P0657,cp_01M3NX21E2EVPBGQB0QM4W8J13,activation/shared/main/text-unlimited-balance-2,2,TABUNGAN:10,Unlimited Balance
SAME_CONTEXT_SAME_PAIR_SHORT,P0657,cp_01M3NX21E8FSKR469FGCNC31HW,activation/shared/main/text-unlimited-balance-3,2,TABUNGAN:54,Unlimited Balance
SAME_CONTEXT_SAME_PAIR_LONG_KEY_DIFF,P0658,cp_01M3NX21E2F7J8CQDK5FYRSE4H,activation/shared/main/text-free-gopay-top-up,2,TABUNGAN:11,Free GoPay top up fee
SAME_CONTEXT_SAME_PAIR_LONG_KEY_DIFF,P0658,cp_01M3NX21E3F4HBSGDDWFMVY1YM,activation/shared/main/text-free-gopay-top-up-2,2,TABUNGAN:11,Free GoPay top up fee
SAME_CONTEXT_SAME_PAIR_SHORT,P0659,cp_01M3NX21E3FF88X5YFWV046N01,activation/shared/main/text-instant-upgrade,2,TABUNGAN:12,Instant upgrade
SAME_CONTEXT_SAME_PAIR_SHORT,P0659,cp_01M3NX21E9EMYSRHD1PY6H53R8,activation/shared/main/text-instant-upgrade-2,2,TABUNGAN:58,Instant upgrade
SAME_CONTEXT_SAME_PAIR_LONG_KEY_DIFF,P0660,cp_01M3NX21E9FQ888YZ5S5NJ02NN,activation/shared/main/text-lps-guarantees,2,TABUNGAN:62,LPS guarantees balance up to IDR 2 billion
SAME_CONTEXT_SAME_PAIR_LONG_KEY_DIFF,P0660,cp_01M3NX21E9F81SWG4CYAZC0Z3T,activation/shared/main/text-lps-guarantees-2,2,TABUNGAN:65,LPS guarantees balance up to IDR 2 billion
SAME_CONTEXT_SAME_PAIR_SHORT,P0661,cp_01M3NX21GSE1WVVH9JRNBHMEDP,edge-cases/blocked-scenario/main/text-got,5,TABUNGAN:604,Got it
SAME_CONTEXT_SAME_PAIR_SHORT,P0661,cp_01M3NX21GTEK5AE4XFZ4KRCPS4,edge-cases/blocked-scenario/main/text-got-2,5,TABUNGAN:608,Got it
SAME_CONTEXT_SAME_PAIR_SHORT,P0661,cp_01M3NX21GVFT5ATNM0HQHHB9BN,edge-cases/blocked-scenario/main/text-got-3,5,TABUNGAN:612,Got it
SAME_CONTEXT_SAME_PAIR_SHORT,P0661,cp_01M3NX21GVEMMVX7FBA7SDQBRX,edge-cases/blocked-scenario/main/text-got-4,5,TABUNGAN:616,Got it
SAME_CONTEXT_SAME_PAIR_SHORT,P0661,cp_01M3NX21GWE64RTS48CCNX4PG5,edge-cases/blocked-scenario/main/text-got-5,5,TABUNGAN:620,Got it
SAME_CONTEXT_SAME_PAIR_SHORT,P0662,cp_01M3NX21JBE1DAP7WW2WFVJ3WV,account-deletion-deactivation/shared/main/text,2,TABUNGAN:957,Got it
SAME_CONTEXT_SAME_PAIR_SHORT,P0662,cp_01M3NX21JCEYBST1YQ36NQ0EBD,account-deletion-deactivation/shared/main/text-got,2,TABUNGAN:965,Got it
SAME_CONTEXT_SAME_PAIR_SHORT,P0663,cp_01M3NX21JSEJP9BR9KCCGW63E2,10-campaign/shared/main/cta,2,TABUNGAN:1052,Got it
SAME_CONTEXT_SAME_PAIR_SHORT,P0663,cp_01M3NX21JTE0CVP4D0H8DMT1K4,10-campaign/shared/main/cta-2,2,TABUNGAN:1057,Got it
SAME_CONTEXT_SAME_PAIR_SHORT,P0664,cp_01M3NX21M0FXGSN3HW885YXHKA,waitlist/locationaccess/drawer-card/title,2,CONSUMER:108,Let's get started! 🙌
SAME_CONTEXT_SAME_PAIR_SHORT,P0664,cp_01M3NX21M3F3KTRNEFTX0JE15T,gopay-app-regional-launch/greeting/main/text-let-s-get-started,2,CONSUMER:120,Let's get started! 🙌
SAME_CONTEXT_SAME_PAIR_SHORT,P0665,cp_01M3NX21R1E3XRW16ZKVTAD63J,security-awareness/shared/main/text,2,CONSUMER:1012,Beware of gambling!
SAME_CONTEXT_SAME_PAIR_SHORT,P0665,cp_01M3NX21R2FGGTNPQWR0V71HN3,security-awareness/shared/main/text-beware-gambling,2,CONSUMER:1014,Beware of gambling!
SAME_CONTEXT_SAME_PAIR_SHORT,P0666,cp_01M3NX21RCFPN8CQWTZ5MQKKFH,credit-card-debit-card-cc-dc/shared/main/text,2,CONSUMER:1074,Card number
SAME_CONTEXT_SAME_PAIR_SHORT,P0666,cp_01M3NX21RJFY6RD2JY5QF5P14X,credit-card-debit-card-cc-dc/shared/main/text-card-number,2,CONSUMER:1120,Card number
SAME_CONTEXT_SAME_PAIR_SHORT,P0667,cp_01M3NX21REEPHA2AKH3H14QD09,credit-card-debit-card-cc-dc/shared/main/text-remove-method,4,CONSUMER:1082,Remove method
SAME_CONTEXT_SAME_PAIR_SHORT,P0667,cp_01M3NX21RFEXXBDX2PDM1E5A6T,credit-card-debit-card-cc-dc/shared/main/text-remove-method-2,4,CONSUMER:1095,Remove method
SAME_CONTEXT_SAME_PAIR_SHORT,P0667,cp_01M3NX21RHERRREY5FENMQNHE7,credit-card-debit-card-cc-dc/shared/main/text-remove-method-3,4,CONSUMER:1112,Remove method
SAME_CONTEXT_SAME_PAIR_SHORT,P0667,cp_01M3NX21RKF54A8WR2GKM8JYG4,credit-card-debit-card-cc-dc/shared/main/text-remove-method-4,4,CONSUMER:1128,Remove method
SAME_CONTEXT_SAME_PAIR_SHORT,P0668,cp_01M3NX21RWETRS9YE1RBKX1G74,cbo-1-0/voucher-for-virgin-and-dormant/deeplink/text,2,CONSUMER:1222,gpy.id/gratistopup
SAME_CONTEXT_SAME_PAIR_SHORT,P0668,cp_01M3NX21RXFWC85HNDFP74QW7Z,cbo-1-0/voucher-for-virgin-and-dormant/deeplink/text-gpy-id-gratistopup,2,CONSUMER:1229,gpy.id/gratistopup
SAME_CONTEXT_SAME_PAIR_SHORT,P0669,cp_01M3NX21S3ETNVR6FVGK56RX4C,gopay-social/shared/main/text-link-contacts-now,2,CONSUMER:1272,Link contacts now
SAME_CONTEXT_SAME_PAIR_SHORT,P0669,cp_01M3NX21STFSQSV2F6D9HT4523,gopay-social/shared/main/text-link-contacts-now-2,2,CONSUMER:1412,Link contacts now
SAME_CONTEXT_SAME_PAIR_SHORT,P0670,cp_01M3NX21S5F2QBY2ET99B9PT3T,gopay-social/shared/main/text-recently-active,2,CONSUMER:1286,Recently active
SAME_CONTEXT_SAME_PAIR_SHORT,P0670,cp_01M3NX21SEEZRBCNXY3AT8W6BJ,gopay-social/shared/main/text-recently-active-2,2,CONSUMER:1339,Recently active
SAME_CONTEXT_SAME_PAIR_SHORT,P0671,cp_01M3NX21S6FS1ABX1EQQBW6BBF,gopay-social/shared/main/text-my-qr,2,CONSUMER:1295,My QR
SAME_CONTEXT_SAME_PAIR_SHORT,P0671,cp_01M3NX21SKEWJBVAKQE7EGEVA0,gopay-social/shared/main/text-my-qr-2,2,CONSUMER:1369,My QR
SAME_CONTEXT_SAME_PAIR_SHORT,P0672,cp_01M3NX21SAFBNRWDB2GRD883AN,gopay-social/shared/main/text-help,2,CONSUMER:1318,Help
SAME_CONTEXT_SAME_PAIR_SHORT,P0672,cp_01M3NX21SZEX5TYFY7AJVMJH6V,gopay-social/shared/main/text-help-2,2,CONSUMER:1443,Help
SAME_CONTEXT_SAME_PAIR_SHORT,P0673,cp_01M3NX21SFEQX8THF5W0563KP5,gopay-social/shared/main/text-accounts-saved,2,CONSUMER:1342,Accounts you saved
SAME_CONTEXT_SAME_PAIR_SHORT,P0673,cp_01M3NX21SMF1HTN8RX7C0MSA7K,gopay-social/shared/main/text-accounts-saved-2,2,CONSUMER:1378,Accounts you saved
SAME_CONTEXT_SAME_PAIR_SHORT,P0674,cp_01M3NX21SGE2B9FQM67DMN8EZ3,gopay-social/shared/main/text-e-wallet-account,2,CONSUMER:1349,E-wallet account
SAME_CONTEXT_SAME_PAIR_SHORT,P0674,cp_01M3NX21SPEYCRBEF7ZA9YS20T,gopay-social/shared/main/text-e-wallet-account-2,2,CONSUMER:1386,E-wallet account
SAME_CONTEXT_SAME_PAIR_SHORT,P0675,cp_01M3NX21T3EJ3BA90PMFADDEYX,social-landing/shared/landing/title,2,CONSUMER:1465,GoPay Fren
SAME_CONTEXT_SAME_PAIR_SHORT,P0675,cp_01M3NX21T6E4H9G1G7KFYNPAC4,social-landing/shared/landing/title-2,2,CONSUMER:1502,GoPay Fren
SAME_CONTEXT_SAME_PAIR_SHORT,P0676,cp_01M3NX21T5EGEA0XQKMY230AF2,social-landing/shared/active-pill/badge-3,2,CONSUMER:1487,Other accounts
SAME_CONTEXT_SAME_PAIR_SHORT,P0676,cp_01M3NX21T6F2Z8ZZJJS8B8F4SN,social-landing/shared/active-pill/badge-4,2,CONSUMER:1497,Other accounts
SAME_CONTEXT_SAME_PAIR_SHORT,P0677,cp_01M3NX21T9E649D7S6Z694D1P0,social-landing/shared/main/cta-4,2,CONSUMER:1527,Link
SAME_CONTEXT_SAME_PAIR_SHORT,P0677,cp_01M3NX21TBFY0TP9GW05ZS75Y5,social-landing/shared/main/cta-6,2,CONSUMER:1548,Link
SAME_CONTEXT_SAME_PAIR_SHORT,P0678,cp_01M3NX21TAFVJ87P4FTR77PMC1,social-landing/shared/active-pill/badge-8,2,CONSUMER:1536,E-money
SAME_CONTEXT_SAME_PAIR_SHORT,P0678,cp_01M3NX21TBFF5ANHXS7XE9VQ1P,social-landing/shared/active-pill/badge-9,2,CONSUMER:1550,E-money
SAME_CONTEXT_SAME_PAIR_SHORT,P0679,cp_01M3NX21VMEQ09BEYBB8ZRQWVX,genie-l0-1ds-activation/shared/alt1/text,7,CONSUMER:1834,Recommended
SAME_CONTEXT_SAME_PAIR_SHORT,P0679,cp_01M3NX21VNFMVAFMPEQ0SN4GNV,genie-l0-1ds-activation/shared/alt1/text-recommended,7,CONSUMER:1841,Recommended
SAME_CONTEXT_SAME_PAIR_SHORT,P0679,cp_01M3NX21VPEZDAEBRT19YJZNN0,genie-l0-1ds-activation/shared/alt1/text-recommended-2,7,CONSUMER:1848,Recommended
SAME_CONTEXT_SAME_PAIR_SHORT,P0679,cp_01M3NX21VQEPPV0SWMR05VBXJG,genie-l0-1ds-activation/shared/alt1/text-recommended-3,7,CONSUMER:1855,Recommended
SAME_CONTEXT_SAME_PAIR_SHORT,P0679,cp_01M3NX21VQFJM8QVK10TRB7YRE,genie-l0-1ds-activation/shared/alt1/text-recommended-4,7,CONSUMER:1862,Recommended
SAME_CONTEXT_SAME_PAIR_SHORT,P0679,cp_01M3NX21VREQSBPSS1HT3N0XSR,genie-l0-1ds-activation/shared/alt1/text-recommended-5,7,CONSUMER:1869,Recommended
SAME_CONTEXT_SAME_PAIR_SHORT,P0679,cp_01M3NX21VSEAFT4JMQ7JN8EZYP,genie-l0-1ds-activation/shared/alt1/text-recommended-6,7,CONSUMER:1876,Recommended
SAME_CONTEXT_SAME_PAIR_SHORT,P0680,cp_01M3NX21VMEGTSB5FYFA592J2W,genie-l0-1ds-activation/shared/alt2/text,7,CONSUMER:1835,Special for you
SAME_CONTEXT_SAME_PAIR_SHORT,P0680,cp_01M3NX21VNEFB9M24CA8TG7VJ1,genie-l0-1ds-activation/shared/alt2/text-special,7,CONSUMER:1842,Special for you
SAME_CONTEXT_SAME_PAIR_SHORT,P0680,cp_01M3NX21VPE4CRJBRFA75A4QEW,genie-l0-1ds-activation/shared/alt2/text-special-2,7,CONSUMER:1849,Special for you
SAME_CONTEXT_SAME_PAIR_SHORT,P0680,cp_01M3NX21VQFWK9TNG9TMDC76H4,genie-l0-1ds-activation/shared/alt2/text-special-3,7,CONSUMER:1856,Special for you
SAME_CONTEXT_SAME_PAIR_SHORT,P0680,cp_01M3NX21VRE2186F1WH51Q70FE,genie-l0-1ds-activation/shared/alt2/text-special-4,7,CONSUMER:1863,Special for you
SAME_CONTEXT_SAME_PAIR_SHORT,P0680,cp_01M3NX21VSEKRS12SH6T7C4NFZ,genie-l0-1ds-activation/shared/alt2/text-special-5,7,CONSUMER:1870,Special for you
SAME_CONTEXT_SAME_PAIR_SHORT,P0680,cp_01M3NX21VSEQEAX345ESE47QQY,genie-l0-1ds-activation/shared/alt2/text-special-6,7,CONSUMER:1877,Special for you
SAME_CONTEXT_SAME_PAIR_SHORT,P0681,cp_01M3NX21VTFFBSVGJ6XVXH98P7,cross-sell-banner/shared/bottom-card/text,2,CONSUMER:1914,Try GoPay app
SAME_CONTEXT_SAME_PAIR_SHORT,P0681,cp_01M3NX21VWEQ9TQ998P8V24MEK,cross-sell-banner/shared/bottom-card/text-try-gopay-app,2,CONSUMER:1926,Try GoPay app
SAME_CONTEXT_SAME_PAIR_SHORT,P0682,cp_01M3NX21WWEFF8KS72RXXTG90R,onboarding-gamification/shared/main/text,2,CONSUMER:2206,Play now
SAME_CONTEXT_SAME_PAIR_SHORT,P0682,cp_01M3NX21WXF46BPX3KH948KFPS,onboarding-gamification/shared/main/text-play-now,2,CONSUMER:2213,Play now
SAME_CONTEXT_SAME_PAIR_SHORT,P0683,cp_01M3NX21WYF39B0GQ8ZHSQ05D9,onboarding-gamification/shared/main/text-false,2,CONSUMER:2218,False
SAME_CONTEXT_SAME_PAIR_SHORT,P0683,cp_01M3NX21X6F47S50W0Q7V09948,onboarding-gamification/shared/main/text-false-2,2,CONSUMER:2272,False
SAME_CONTEXT_SAME_PAIR_SHORT,P0684,cp_01M3NX21YVE2QTAV9DK75JMR4Q,scratch-card/shared/main/text-reward-up-42k-2,2,CONSUMER:2590,Reward up to 42k
SAME_CONTEXT_SAME_PAIR_SHORT,P0684,cp_01M3NX21YWEAR9K65DGPCZV5JA,scratch-card/shared/main/text-reward-up-42k-3,2,CONSUMER:2594,Reward up to 42k
SAME_CONTEXT_SAME_PAIR_SHORT,P0685,cp_01M3NX21ZWFJ68EMHE4ZMKNKD2,account-activity-history/shared/main/text,2,CONSUMER:2886,Login history
SAME_CONTEXT_SAME_PAIR_SHORT,P0685,cp_01M3NX21ZXEE1BDK91XVJE0VGE,account-activity-history/shared/main/text-login-history,2,CONSUMER:2889,Login history
SAME_CONTEXT_SAME_PAIR_SHORT,P0686,cp_01M3NX2200EA6BY3Q8GHHN621N,account-activity-history/shared/main/text-report,2,CONSUMER:2904,Report
SAME_CONTEXT_SAME_PAIR_SHORT,P0686,cp_01M3NX2202FWQRBH8PT763KEC8,account-activity-history/shared/main/text-report-2,2,CONSUMER:2916,Report
SAME_CONTEXT_SAME_PAIR_SHORT,P0687,cp_01M3NX220KFFY9N5PEWYN4FNA5,group-mission/shared/main/text-mission-goal-2,4,CONSUMER:3027,Mission goal
SAME_CONTEXT_SAME_PAIR_SHORT,P0687,cp_01M3NX220NEGHTHVJY9S23ZBFA,group-mission/shared/main/text-mission-goal-3,4,CONSUMER:3039,Mission goal
SAME_CONTEXT_SAME_PAIR_SHORT,P0687,cp_01M3NX220QE7GAK1RMQP5E7WTM,group-mission/shared/main/text-mission-goal-4,4,CONSUMER:3052,Mission goal
SAME_CONTEXT_SAME_PAIR_SHORT,P0687,cp_01M3NX220RECET3HCMB88VYB82,group-mission/shared/main/text-mission-goal-5,4,CONSUMER:3064,Mission goal
SAME_CONTEXT_SAME_PAIR_SHORT,P0688,cp_01M3NX220MF27BP5AWADEKQT50,group-mission/shared/main/text-achieved,2,CONSUMER:3029,✅ Achieved
SAME_CONTEXT_SAME_PAIR_SHORT,P0688,cp_01M3NX220NE4MRCP1HPQWQTHG1,group-mission/shared/main/text-achieved-2,2,CONSUMER:3041,✅ Achieved
SAME_CONTEXT_SAME_PAIR_SHORT,P0689,cp_01M3NX221PFYRBG6WD6W463G2E,scratch-card/shared/main/text-total-earned-rewards,2,CONSUMER:3216,Total earned rewards
SAME_CONTEXT_SAME_PAIR_SHORT,P0689,cp_01M3NX221RF0ZTDJJPP0MY8K5X,scratch-card/shared/main/text-total-earned-rewards-2,2,CONSUMER:3223,Total earned rewards
SAME_CONTEXT_SAME_PAIR_SHORT,P0690,cp_01M3NX221XFCMBMWX21Z9H7N47,homepage-copy-v3-0/shared/main/text-view-all,3,CONSUMER:3270,View all
SAME_CONTEXT_SAME_PAIR_SHORT,P0690,cp_01M3NX221XEPN9D929CKBX4CBA,homepage-copy-v3-0/shared/main/text-view-all-2,3,CONSUMER:3273,View all
SAME_CONTEXT_SAME_PAIR_SHORT,P0690,cp_01M3NX221YFSZRRD6HPRCDJ4A5,homepage-copy-v3-0/shared/main/text-view-all-3,3,CONSUMER:3276,View all
SAME_CONTEXT_SAME_PAIR_SHORT,P0691,cp_01M3NX2233EW7VYS0DWRFN5V42,ruby-leaderboard/shared/main/text-enjoy-win,2,CONSUMER:3553,Enjoy the win 🥳
SAME_CONTEXT_SAME_PAIR_SHORT,P0691,cp_01M3NX2234FDNT9J6YHYYE8WDW,ruby-leaderboard/shared/main/text-enjoy-win-2,2,CONSUMER:3556,Enjoy the win 🥳
SAME_CONTEXT_SAME_PAIR_SHORT,P0692,cp_01M3NX2239EEE8EZADTX68ASV8,ruby-leaderboard/shared/main/text-live,2,CONSUMER:3584,Live
SAME_CONTEXT_SAME_PAIR_SHORT,P0692,cp_01M3NX223EE2QRZGR8GB243Z34,ruby-leaderboard/shared/main/text-live-2,2,CONSUMER:3598,Live
SAME_CONTEXT_SAME_PAIR_SHORT,P0693,cp_01M3NX223DF3FASV16A85RHJKZ,ruby-leaderboard/shared/main/text-unresolved,3,CONSUMER:3592,{unresolved} (You)
SAME_CONTEXT_SAME_PAIR_SHORT,P0693,cp_01M3NX223GEZG8JWTRG73GD3K6,ruby-leaderboard/shared/main/text-unresolved-2,3,CONSUMER:3605,{unresolved} (You)
SAME_CONTEXT_SAME_PAIR_SHORT,P0693,cp_01M3NX223MFTNRZEDJKFJXH0XW,ruby-leaderboard/shared/main/text-unresolved-3,3,CONSUMER:3631,{unresolved} (You)
SAME_CONTEXT_SAME_PAIR_SHORT,P0694,cp_01M3NX223YE5R9QV34X4TQZSTG,ruby-league-improvement/shared/main/text,3,CONSUMER:3691,Ruby league • Live
SAME_CONTEXT_SAME_PAIR_SHORT,P0694,cp_01M3NX2240EG0RERK4BXMD645J,ruby-league-improvement/shared/main/text-ruby-league-live,3,CONSUMER:3699,Ruby league • Live
SAME_CONTEXT_SAME_PAIR_SHORT,P0694,cp_01M3NX2241E96SN6APYQJKWGNF,ruby-league-improvement/shared/main/text-ruby-league-live-2,3,CONSUMER:3703,Ruby league • Live
SAME_CONTEXT_SAME_PAIR_SHORT,P0695,cp_01M3NX224BEHT8HFMECX23G3CD,security-alert/account-safety/main/text-activity-details,2,CONSUMER:3777,Activity details
SAME_CONTEXT_SAME_PAIR_SHORT,P0695,cp_01M3NX224EF0PT1AKEG2T1FC5X,security-alert/account-safety/main/text-activity-details-2,2,CONSUMER:3791,Activity details
SAME_CONTEXT_SAME_PAIR_SHORT,P0696,cp_01M3NX224YENNRBVS6HG2JESW0,security-alert/account-activity/main/text-activity-details,3,CONSUMER:3886,Activity details
SAME_CONTEXT_SAME_PAIR_SHORT,P0696,cp_01M3NX2250EK8RFKYHMBBHTGGZ,security-alert/account-activity/main/text-activity-details-2,3,CONSUMER:3906,Activity details
SAME_CONTEXT_SAME_PAIR_SHORT,P0696,cp_01M3NX2254F10SZPX6VP4EMG36,security-alert/account-activity/main/text-activity-details-3,3,CONSUMER:3927,Activity details
SAME_CONTEXT_SAME_PAIR_SHORT,P0697,cp_01M3NX2250EB1VAAYTMP41RAAT,security-alert/account-activity/main/text-device,2,CONSUMER:3908,Device
SAME_CONTEXT_SAME_PAIR_SHORT,P0697,cp_01M3NX2254E0FS2YZ200BVFKZA,security-alert/account-activity/main/text-device-2,2,CONSUMER:3929,Device
SAME_CONTEXT_SAME_PAIR_SHORT,P0698,cp_01M3NX2251EWJRVTBQPKP9738V,security-alert/account-activity/main/text-app,2,CONSUMER:3909,App
SAME_CONTEXT_SAME_PAIR_SHORT,P0698,cp_01M3NX2254FWY8F7ZH8FGQREBK,security-alert/account-activity/main/text-app-2,2,CONSUMER:3930,App
SAME_CONTEXT_SAME_PAIR_SHORT,P0699,cp_01M3NX2265F3T8KB1GF1NS5CJR,spin-the-wheel-ruby-zone/shared/free-spin/cta,2,CONSUMER:4138,Spin for free
SAME_CONTEXT_SAME_PAIR_SHORT,P0699,cp_01M3NX226CFF3A91J2MMC8B6TW,spin-the-wheel-ruby-zone/shared/free-spin/cta-2,2,CONSUMER:4186,Spin for free
SAME_CONTEXT_SAME_PAIR_SHORT,P0700,cp_01M3NX227JFAK83VTJR2CDAY3Q,call-shield/shared/main/cta-3,2,CONSUMER:4440,Got it
SAME_CONTEXT_SAME_PAIR_SHORT,P0700,cp_01M3NX227KF1DBS2NWS7W7XK57,call-shield/shared/main/cta-4,2,CONSUMER:4444,Got it
SAME_CONTEXT_SAME_PAIR_SHORT,P0701,cp_01M3NX2282F78BA7M6C69FXNDS,groupinvitation/entry-point/main/title,2,CONSUMER:4553,Group invitation
SAME_CONTEXT_SAME_PAIR_SHORT,P0701,cp_01M3NX2282F4QVASDD3XJ7BFPN,geniereminder/group/main/title,2,CONSUMER:4556,Group invitation
SAME_CONTEXT_SAME_PAIR_SHORT,P0702,cp_01M3NX228GFV4R44Q3JZMWMKD1,creationflow/addgroupdetails/placeholder-typename/text,2,CONSUMER:4633,Enter group name
SAME_CONTEXT_SAME_PAIR_SHORT,P0702,cp_01M3NX228QEG0ADFFG4FHCQBJB,existinggroup/selection/searchplaceholder/text,2,CONSUMER:4673,Enter group name
SAME_CONTEXT_SAME_PAIR_LONG_KEY_DIFF,P0703,cp_01M3NX2293EX6VXZ9BNDK1XKNT,confirmation/leave/main/description,2,CONSUMER:4732,Here's what changes if you leave:
SAME_CONTEXT_SAME_PAIR_LONG_KEY_DIFF,P0703,cp_01M3NX2298EQRT168HRXNTNPPZ,confirmation/leavedelete/main/description,2,CONSUMER:4757,Here's what changes if you leave:
SAME_CONTEXT_SAME_PAIR_SHORT,P0704,cp_01M3NX229MEA1BKFCDCXKGSQEV,memberleft/clickoldpn/main/cta,5,CONSUMER:4821,Got it
SAME_CONTEXT_SAME_PAIR_SHORT,P0704,cp_01M3NX229MF5ZBWR1RZFMZ4REG,memberdetail/notinthegroup/main/cta,5,CONSUMER:4825,Got it
SAME_CONTEXT_SAME_PAIR_SHORT,P0704,cp_01M3NX229PF379RNAQ2VATGTW2,group-platform/users-already-left-kicked-out/main/text-got,5,CONSUMER:4834,Got it
SAME_CONTEXT_SAME_PAIR_SHORT,P0704,cp_01M3NX229QFGZ8G3XH6S9NQAW4,invite/memberalreadyinvited/main/cta,5,CONSUMER:4838,Got it
SAME_CONTEXT_SAME_PAIR_SHORT,P0704,cp_01M3NX22A2FQ483CMREQZ0JSAC,nameviolation/users-already-left-kicked-out/main/cta,5,CONSUMER:4889,Got it
SAME_CONTEXT_SAME_PAIR_SHORT,P0705,cp_01M3NX22AGFRZSBWVGHRXCVHHP,creationflow/selectmembers/toomanyselected/cta,2,CONSUMER:4941,Got it
SAME_CONTEXT_SAME_PAIR_SHORT,P0705,cp_01M3NX22AHEM8TQ11Y2MD848RS,memberjoined/clickpn/main/cta,2,CONSUMER:4945,Got it
SAME_CONTEXT_SAME_PAIR_SHORT,P0706,cp_01M3NX22AHEE3B2X09NKMMN0PP,addmember/memberfull/main/title,2,CONSUMER:4947,The group is full
SAME_CONTEXT_SAME_PAIR_SHORT,P0706,cp_01M3NX22AJF0CSX4670TZV5DK7,memberjoin/groupfull/main/title,2,CONSUMER:4951,The group is full
SAME_CONTEXT_SAME_PAIR_SHORT,P0707,cp_01M3NX22AHFVPTXA3J8FZ24WTF,addmember/memberfull/main/cta,5,CONSUMER:4949,Got it
SAME_CONTEXT_SAME_PAIR_SHORT,P0707,cp_01M3NX22AJE1NTDV3KRRSTQ43K,memberjoin/groupfull/main/cta,5,CONSUMER:4953,Got it
SAME_CONTEXT_SAME_PAIR_SHORT,P0707,cp_01M3NX22AMEAKV3SC44Y62MMWC,failedtoadd/members-in-the-group-already/main/cta,5,CONSUMER:4957,Got it
SAME_CONTEXT_SAME_PAIR_SHORT,P0707,cp_01M3NX22ANEXWTF57T6FNV1PYV,failedtoadd/somemembers/main/cta,5,CONSUMER:4961,Got it
SAME_CONTEXT_SAME_PAIR_SHORT,P0707,cp_01M3NX22ANFT0TNAE453R99NXY,group-platform/members-in-the-group-already/main/text-got,5,CONSUMER:4965,Got it
SAME_CONTEXT_SAME_PAIR_SHORT,P0708,cp_01M3NX22B5EVM9MKAE0JS20MBA,3pd-alert/shared/main/text-me,2,CONSUMER:5039,This is me
SAME_CONTEXT_SAME_PAIR_SHORT,P0708,cp_01M3NX22BBFPWVGX9K1TH1NMK9,3pd-alert/shared/main/text-me-2,2,CONSUMER:5073,This is me
SAME_CONTEXT_SAME_PAIR_SHORT,P0709,cp_01M3NX22BCFDH95CXQAWQFPT5D,3pd-alert/shared/main/text-wait-moment,2,CONSUMER:5077,Wait for a moment
SAME_CONTEXT_SAME_PAIR_SHORT,P0709,cp_01M3NX22BCEFCVV8B8GAFD7MB1,3pd-alert/shared/main/text-wait-moment-2,2,CONSUMER:5080,Wait for a moment
SAME_CONTEXT_SAME_PAIR_SHORT,P0710,cp_01M3NX22BRE76TC2CJMFMH13C5,phase-gojek-gopay-sync/empty-state-on-each-tab/main/text-create-group,2,CONSUMER:5161,Create group
SAME_CONTEXT_SAME_PAIR_SHORT,P0710,cp_01M3NX22BVENAVYXWGYVV5A1D8,phase-gojek-gopay-sync/empty-state-on-each-tab/main/text-create-group-2,2,CONSUMER:5176,Create group
SAME_CONTEXT_SAME_PAIR_SHORT,P0711,cp_01M3NX22BYE4NBR9GSBQSZ9EWF,social-mission/genie/main/text-reward-mission,2,CONSUMER:5200,Reward mission
SAME_CONTEXT_SAME_PAIR_SHORT,P0711,cp_01M3NX22C9FYXTTWES44Z4K85E,social-mission/genie/main/text-reward-mission-2,2,CONSUMER:5247,Reward mission
SAME_CONTEXT_SAME_PAIR_SHORT,P0712,cp_01M3NX22CPE3Y8DGJ6XEAB49FE,social-mission/push-notif/main/text-got,3,CONSUMER:5321,Got it
SAME_CONTEXT_SAME_PAIR_SHORT,P0712,cp_01M3NX22CQEQNTQT7YD089741Z,social-mission/push-notif/main/text-got-2,3,CONSUMER:5325,Got it
SAME_CONTEXT_SAME_PAIR_SHORT,P0712,cp_01M3NX22CRFG5TSRBY12Q4XC60,social-mission/push-notif/main/text-got-3,3,CONSUMER:5329,Got it
SAME_CONTEXT_SAME_PAIR_LONG_KEY_DIFF,P0713,cp_01M3NX22CZECGS4GZWKBS55S0W,settingspage/entrypoint/main/title,2,CONSUMER:5371,Notification preference
SAME_CONTEXT_SAME_PAIR_LONG_KEY_DIFF,P0713,cp_01M3NX22CZFX0B9PYAZP4S4KG6,detailpage/shared/main/title,2,CONSUMER:5374,Notification preference
SAME_CONTEXT_SAME_PAIR_SHORT,P0714,cp_01M3NX22ECE8WBE6AYQ3W855RD,expense-management/graph-when-clicked-on-a-week/main/text-weekly-expense-chart,2,MONEY:84,Weekly expense chart
SAME_CONTEXT_SAME_PAIR_SHORT,P0714,cp_01M3NX22EGEDK942BBW9NW1GYY,expense-management/graph-when-clicked-on-a-week/main/text-weekly-expense-chart-3,2,MONEY:107,Weekly expense chart
SAME_CONTEXT_SAME_PAIR_SHORT,P0715,cp_01M3NX22FYE7M84GTB2143EEDP,gopay-diary/gd-recap/period/text,2,MONEY:327,{month} {year}
SAME_CONTEXT_SAME_PAIR_SHORT,P0715,cp_01M3NX22G0FR6TYXRATJGX5PK4,gopay-diary/gd-recap/period/text-month-year,2,MONEY:334,{month} {year}
SAME_CONTEXT_SAME_PAIR_SHORT,P0716,cp_01M3NX22GDEJZRWR3XRGB3FFBJ,transaction-history-list-view/transaction-history-list-view/main/text-method,5,MONEY:404,Method
SAME_CONTEXT_SAME_PAIR_SHORT,P0716,cp_01M3NX22GFERXRZCB2PQD2D3ZV,transaction-history-list-view/transaction-history-list-view/main/text-method-2,5,MONEY:409,Method
SAME_CONTEXT_SAME_PAIR_SHORT,P0716,cp_01M3NX22GGEY4RM8NKY7AK62CT,transaction-history-list-view/transaction-history-list-view/main/text-method-3,5,MONEY:414,Method
SAME_CONTEXT_SAME_PAIR_SHORT,P0716,cp_01M3NX22GJEWSRGCHFYT41QZYE,transaction-history-list-view/transaction-history-list-view/main/text-method-4,5,MONEY:419,Method
SAME_CONTEXT_SAME_PAIR_SHORT,P0716,cp_01M3NX22GKFM6S0GJFXJ891RH6,transaction-history-list-view/transaction-history-list-view/main/text-method-5,5,MONEY:424,Method
SAME_CONTEXT_SAME_PAIR_SHORT,P0717,cp_01M3NX22GKEDC9PWSST0D0T98P,transaction-receipt-detail-view/shared/cash-out-amount/value,3,MONEY:429,Rp1.000.000
SAME_CONTEXT_SAME_PAIR_SHORT,P0717,cp_01M3NX22GPFGSRXYQG789BA0NB,transaction-receipt-detail-view/shared/cash-out-amount/value-2,3,MONEY:440,Rp1.000.000
SAME_CONTEXT_SAME_PAIR_SHORT,P0717,cp_01M3NX22GSFWEAVFDPEQ2Z5T80,transaction-receipt-detail-view/shared/cash-out-amount/value-3,3,MONEY:451,Rp1.000.000
SAME_CONTEXT_SAME_PAIR_SHORT,P0718,cp_01M3NX22GMEMBVPDZY8C4F5AHK,transaction-receipt-detail-view/shared/cash-out/description,3,MONEY:430,Withdraw at BCA ATM
SAME_CONTEXT_SAME_PAIR_SHORT,P0718,cp_01M3NX22GPE46RQQE4CWCKN1T5,transaction-receipt-detail-view/shared/cash-out/description-2,3,MONEY:441,Withdraw at BCA ATM
SAME_CONTEXT_SAME_PAIR_SHORT,P0718,cp_01M3NX22GSEJCR4ZR1D6SM64H5,transaction-receipt-detail-view/shared/cash-out/description-3,3,MONEY:452,Withdraw at BCA ATM
SAME_CONTEXT_SAME_PAIR_SHORT,P0719,cp_01M3NX22H2FVJ9T60QCE7GBSS7,va-transfer-improvements-dec-22/select-virtual-account/admin-fee-info/helper,2,MONEY:489,Admin fee Rp2.500
SAME_CONTEXT_SAME_PAIR_SHORT,P0719,cp_01M3NX22H3EH4AR0GTHCTRDWWJ,va-transfer-improvements-dec-22/select-virtual-account/admin-fee-info/helper-3,2,MONEY:496,Admin fee Rp2.500
SAME_CONTEXT_SAME_PAIR_SHORT,P0720,cp_01M3NX22H3EFTTE61HJYD6B9VW,va-transfer-improvements-dec-22/select-virtual-account/main/text,3,MONEY:493,Admin fee Rp2.500
SAME_CONTEXT_SAME_PAIR_SHORT,P0720,cp_01M3NX22H4FHYSZBNBAAB3P318,va-transfer-improvements-dec-22/select-virtual-account/main/text-admin-fee-rp2-500,3,MONEY:500,Admin fee Rp2.500
SAME_CONTEXT_SAME_PAIR_SHORT,P0720,cp_01M3NX22H5FH3A9ETH3KVM2F47,va-transfer-improvements-dec-22/select-virtual-account/main/text-admin-fee-rp2-500-2,3,MONEY:504,Admin fee Rp2.500
SAME_CONTEXT_SAME_PAIR_SHORT,P0721,cp_01M3NX22JMF3TR97YM3CNJ18GY,self-transfer-speed-dial/shared/main/text-admin-fee-rp2-500,2,MONEY:771,Admin fee Rp2.500
SAME_CONTEXT_SAME_PAIR_SHORT,P0721,cp_01M3NX22JNEFZT5T1VVZBFPHME,self-transfer-speed-dial/shared/main/text-admin-fee-rp2-500-2,2,MONEY:776,Admin fee Rp2.500
SAME_CONTEXT_SAME_PAIR_SHORT,P0722,cp_01M3NX22KCFJS9HK4GZ6YPRPQ7,coming-soon/shared/main/cta,2,MONEY:893,Okay
SAME_CONTEXT_SAME_PAIR_SHORT,P0722,cp_01M3NX22KDERMB7ES8KRHZ5Q65,coming-soon/shared/main/cta-2,2,MONEY:899,Okay
SAME_CONTEXT_SAME_PAIR_SHORT,P0723,cp_01M3NX22NDENX8NFYE371DJ1FH,withdraw/homescreen/main/text-free-atms,2,MONEY:1264,Free from ATMs
SAME_CONTEXT_SAME_PAIR_SHORT,P0723,cp_01M3NX22NFFDYS6RB9TSFRS1SX,withdraw/homescreen/main/text-free-atms-2,2,MONEY:1272,Free from ATMs
SAME_CONTEXT_SAME_PAIR_SHORT,P0724,cp_01M3NX22P3FGW9BG0F4TYED799,withdraw-at-minimart/transaction-history-order-list/main/cta,2,MONEY:1348,Adjust amount
SAME_CONTEXT_SAME_PAIR_SHORT,P0724,cp_01M3NX22P4ER99S00S5YC2E28V,withdraw-at-minimart/transaction-history-order-list/main/cta-2,2,MONEY:1360,Adjust amount
SAME_CONTEXT_SAME_PAIR_SHORT,P0725,cp_01M3NX22Q6F3JVVRDAVBNYW9EV,error-states-and-confirmation/shared/main/text-got,2,MONEY:1529,Got it
SAME_CONTEXT_SAME_PAIR_SHORT,P0725,cp_01M3NX22Q9FN6S1SPR4YX7WZ3H,error-states-and-confirmation/shared/main/text-got-3,2,MONEY:1541,Got it
SAME_CONTEXT_SAME_PAIR_SHORT,P0726,cp_01M3NX22QQE6V8E26W1W6W90M2,top-up/shared/main/cta-2,3,MONEY:1601,View X more
SAME_CONTEXT_SAME_PAIR_SHORT,P0726,cp_01M3NX22QSEMCR3TCJTWHYD5RV,top-up/shared/main/cta-3,3,MONEY:1606,View X more
SAME_CONTEXT_SAME_PAIR_SHORT,P0726,cp_01M3NX22QTERFTRQ7PRVXVTV9X,top-up/shared/main/cta-5,3,MONEY:1610,View X more
SAME_CONTEXT_SAME_PAIR_SHORT,P0727,cp_01M3NX22R0F9VABXXH5A3E8ZQ4,saving-tabungan-user/shared/main/text,2,MONEY:1632,Free 5x/month
SAME_CONTEXT_SAME_PAIR_SHORT,P0727,cp_01M3NX22R4EBJBZMF735QB80QA,saving-tabungan-user/shared/main/text-free-5x-month,2,MONEY:1648,Free 5x/month
SAME_CONTEXT_SAME_PAIR_SHORT,P0728,cp_01M3NX22R1E07AJAGJH6NXZ2QY,saving-tabungan-user/shared/main/text-free-2x-month,2,MONEY:1634,Free 2x/month
SAME_CONTEXT_SAME_PAIR_SHORT,P0728,cp_01M3NX22R3EWB97B6X2MRY155G,saving-tabungan-user/shared/main/text-free-2x-month-2,2,MONEY:1646,Free 2x/month
SAME_CONTEXT_SAME_PAIR_SHORT,P0729,cp_01M3NX22R4FYHV7YRQJGPDEY7P,saving-tabungan-user/shared/main/cta-2,2,MONEY:1649,View X more
SAME_CONTEXT_SAME_PAIR_SHORT,P0729,cp_01M3NX22R5FKCVJE1K2HBR57ME,saving-tabungan-user/shared/main/cta-3,2,MONEY:1652,View X more
SAME_CONTEXT_SAME_PAIR_SHORT,P0730,cp_01M3NX22RXFWASXMV262J469H1,top-up-with-debit-card/shared/main/cta,2,MONEY:1751,Link
SAME_CONTEXT_SAME_PAIR_SHORT,P0730,cp_01M3NX22RYFHGTVX5MX7SWEP27,top-up-with-debit-card/shared/main/cta-2,2,MONEY:1755,Link
SAME_CONTEXT_SAME_PAIR_SHORT,P0731,cp_01M3NX22SQFPBAA77Z3ERZRHP8,top-up/main/merchant/text,2,MONEY:1876,Merchant
SAME_CONTEXT_SAME_PAIR_SHORT,P0731,cp_01M3NX22SVE53B0WXM8D3RF4W4,top-up/main/merchant/text-merchant,2,MONEY:1896,Merchant
SAME_CONTEXT_SAME_PAIR_SHORT,P0732,cp_01M3NX22XTFJPTDG9J0M0QHS2D,receiver-gopay-user/envelope-home/main/text-expires-7-days,2,MONEY:2486,Expires in 7 days
SAME_CONTEXT_SAME_PAIR_SHORT,P0732,cp_01M3NX22ZXF3F9VBC6SHP2RMRD,receiver-gopay-user/envelope-home/main/text-expires-7-days-2,2,MONEY:2798,Expires in 7 days
SAME_CONTEXT_SAME_PAIR_SHORT,P0733,cp_01M3NX22XVFJERESDZCHSA0D9K,receiver-gopay-user/envelope-home/main/text-opened-date,2,MONEY:2487,Opened on {date}
SAME_CONTEXT_SAME_PAIR_SHORT,P0733,cp_01M3NX22ZYEX2R0VF9XGETTX9W,receiver-gopay-user/envelope-home/main/text-opened-date-2,2,MONEY:2799,Opened on {date}
SAME_CONTEXT_SAME_PAIR_SHORT,P0734,cp_01M3NX22XXE11B0M91XJX0BYVT,receiver-gopay-user/push-notif/main/text-naveesh-sent,2,MONEY:2495,Naveesh sent you
SAME_CONTEXT_SAME_PAIR_SHORT,P0734,cp_01M3NX2301EB89W6G28CKNDWJY,envelope/details/senderdetails/title,2,MONEY:2814,Naveesh sent you
SAME_CONTEXT_SAME_PAIR_SHORT,P0735,cp_01M3NX22XXE10R76H6VC2WN7NY,receiver-gopay-user/push-notif/main/text-date-time,2,MONEY:2496,{date} {time}
SAME_CONTEXT_SAME_PAIR_SHORT,P0735,cp_01M3NX2302F5CSVH4TNV6WENX2,receiver-gopay-user/push-notif/main/text-date-time-2,2,MONEY:2815,{date} {time}
SAME_CONTEXT_SAME_PAIR_SHORT,P0736,cp_01M3NX22XYFZYSJJ289R6WDCVA,receiver-gopay-user/push-notif/main/text-send-back,2,MONEY:2500,Send back
SAME_CONTEXT_SAME_PAIR_SHORT,P0736,cp_01M3NX2303EPTAB691RVQT023P,envelope/openedenvelope/sendback/cta,2,MONEY:2818,Send back
SAME_CONTEXT_SAME_PAIR_SHORT,P0737,cp_01M3NX231MERQAGHS254YFG3FX,envelope-on-genie/shared/main/cta,2,MONEY:3044,Open
SAME_CONTEXT_SAME_PAIR_SHORT,P0737,cp_01M3NX231PE40AH9T4ES8Z8572,envelope-on-genie/shared/main/cta-2,2,MONEY:3050,Open
SAME_CONTEXT_SAME_PAIR_LONG_KEY_DIFF,P0738,cp_01M3NX232EEX28BZS8S9HQDGZ3,envelope/nonassigned/expired-details-notclaimed/description,2,MONEY:3148,That means the receiver didn't get the money.
SAME_CONTEXT_SAME_PAIR_LONG_KEY_DIFF,P0738,cp_01M3NX232EERPTWKRK9XGE2NXE,envelope/nonassigned/canceled-details-notclaimed/description,2,MONEY:3151,That means the receiver didn't get the money.
SAME_CONTEXT_SAME_PAIR_SHORT,P0739,cp_01M3NX233CFF9VYM319G370DBD,receiver-pov/shared/main/text-gift-receivers,2,MONEY:3276,Gift receivers
SAME_CONTEXT_SAME_PAIR_SHORT,P0739,cp_01M3NX233DE8NT91EW0KNFRDAA,envelope/receiver/group-envelopedetails/title,2,MONEY:3279,Gift receivers
SAME_CONTEXT_SAME_PAIR_SHORT,P0740,cp_01M3NX234YF3VVDCYZ1X78NJ1W,gopay-and-tabungan/shared/gps-not-activated-pill/badge,2,MONEY:3498,Grow money by 2.5%
SAME_CONTEXT_SAME_PAIR_SHORT,P0740,cp_01M3NX23EMF3CBPKVX55QZNTBM,gopay-and-tabungan/shared/gps-not-activated-pill/badge-2,2,MONEY:5051,Grow money by 2.5%
SAME_CONTEXT_SAME_PAIR_SHORT,P0741,cp_01M3NX2353EBYAW8DVQ1X6HS16,gopay-and-tabungan/paylater/virgin-users-not-activated/text,2,MONEY:3514,Activate PayLater
SAME_CONTEXT_SAME_PAIR_SHORT,P0741,cp_01M3NX23EZE2PTRA43WA0MSNCQ,gopay-and-tabungan/paylater/virgin-users-not-activated/text-activate-paylater,2,MONEY:5086,Activate PayLater
SAME_CONTEXT_SAME_PAIR_SHORT,P0742,cp_01M3NX2353EKGVTC1KBJXR7E4H,gopay-and-tabungan/paylater/have-activated/text,2,MONEY:3515,PayLater: Rp{amount}
SAME_CONTEXT_SAME_PAIR_SHORT,P0742,cp_01M3NX23EZF5883645G3MD9Z9D,gopay-and-tabungan/paylater/have-activated/text-paylater-rp-amount,2,MONEY:5087,PayLater: Rp{amount}
SAME_CONTEXT_SAME_PAIR_SHORT,P0743,cp_01M3NX2354ESNSM5SC3C3HHAEN,gopay-and-tabungan/pinjam/virgin-users-not-activated/text,2,MONEY:3521,Get loan
SAME_CONTEXT_SAME_PAIR_SHORT,P0743,cp_01M3NX23F0F97VYXTT3VKCTZTT,gopay-and-tabungan/pinjam/virgin-users-not-activated/text-get-loan,2,MONEY:5093,Get loan
SAME_CONTEXT_SAME_PAIR_SHORT,P0744,cp_01M3NX2355FFT9YSFAACR8STXB,gopay-and-tabungan/pinjam/have-activated/text,2,MONEY:3522,Pinjam: Rp{amount}
SAME_CONTEXT_SAME_PAIR_SHORT,P0744,cp_01M3NX23F1E7KBFE13QK7WYVEJ,gopay-and-tabungan/pinjam/have-activated/text-pinjam-rp-amount,2,MONEY:5094,Pinjam: Rp{amount}
SAME_CONTEXT_SAME_PAIR_SHORT,P0745,cp_01M3NX2357FV4VMCWKS5VG8KRF,gopay-and-tabungan/insurance/virgin-users-not-activated/text,2,MONEY:3528,Get insured
SAME_CONTEXT_SAME_PAIR_SHORT,P0745,cp_01M3NX23F2EDBV8CN5KBFZQHG9,gopay-and-tabungan/insurance/virgin-users-not-activated/text-get-insured,2,MONEY:5100,Get insured
SAME_CONTEXT_SAME_PAIR_SHORT,P0746,cp_01M3NX2357F7J8YRSQDWTJ7V0T,gopay-and-tabungan/insurance/have-activated/text,2,MONEY:3529,See my policy
SAME_CONTEXT_SAME_PAIR_SHORT,P0746,cp_01M3NX23F3E6WVG6ET1A5CKFC7,gopay-and-tabungan/insurance/have-activated/text-see-my-policy,2,MONEY:5101,See my policy
SAME_CONTEXT_SAME_PAIR_SHORT,P0747,cp_01M3NX2357E0P8B91RWZ6PGGPH,gopay-and-tabungan/insurance/grace-period/text,2,MONEY:3531,In grace period
SAME_CONTEXT_SAME_PAIR_SHORT,P0747,cp_01M3NX23F3FHG8R2X50GHM7KT1,gopay-and-tabungan/insurance/grace-period/text-grace-period,2,MONEY:5103,In grace period
SAME_CONTEXT_SAME_PAIR_SHORT,P0748,cp_01M3NX2358EVT8TE3108Z88D88,gopay-and-tabungan/insurance/terminated/text,2,MONEY:3532,Policy terminated
SAME_CONTEXT_SAME_PAIR_SHORT,P0748,cp_01M3NX23F4FRN8ZYYSW71ZD9Z3,gopay-and-tabungan/insurance/terminated/text-policy-terminated,2,MONEY:5104,Policy terminated
SAME_CONTEXT_SAME_PAIR_SHORT,P0749,cp_01M3NX2358F04SCFRKY8HCHMEH,gopay-and-tabungan/coins/balance/text,2,MONEY:3536,{n} Coins
SAME_CONTEXT_SAME_PAIR_SHORT,P0749,cp_01M3NX23EQF148AADHX6R099HJ,gopay-and-tabungan/coins/balance/text-n-coins,2,MONEY:5061,{n} Coins
SAME_CONTEXT_SAME_PAIR_SHORT,P0750,cp_01M3NX2359EZ5TN5MVVDZ5DGET,gopay-and-tabungan/gopay-saldo/balance/text,2,MONEY:3539,Rp{amount}
SAME_CONTEXT_SAME_PAIR_SHORT,P0750,cp_01M3NX23ESFH8SZFBKX5E5K1FH,gopay-and-tabungan/gopay-saldo/balance/text-rp-amount,2,MONEY:5065,Rp{amount}
SAME_CONTEXT_SAME_PAIR_SHORT,P0751,cp_01M3NX235FFSXBMKW36J9NJDFH,money/shared/main/cta,2,MONEY:3568,Add
SAME_CONTEXT_SAME_PAIR_SHORT,P0751,cp_01M3NX235TET6RQP3EQNBY26Z4,money/shared/main/cta-2,2,MONEY:3607,Add
SAME_CONTEXT_SAME_PAIR_SHORT,P0752,cp_01M3NX23AKFYFTYVD3BPQ7Q5S5,term-deposit/shared/main/text-open-deposito,2,MONEY:4390,Open Deposito
SAME_CONTEXT_SAME_PAIR_SHORT,P0752,cp_01M3NX23B2E83R0H7E6V6CNH5T,term-deposit/shared/main/text-open-deposito-2,2,MONEY:4462,Open Deposito
SAME_CONTEXT_SAME_PAIR_SHORT,P0753,cp_01M3NX23ANERR8SW2DAAW7YTVZ,term-deposit/shared/main/text-interest-rate,3,MONEY:4398,Interest rate
SAME_CONTEXT_SAME_PAIR_SHORT,P0753,cp_01M3NX23B8ETX97779DWP9QM1S,term-deposit/shared/main/text-interest-rate-2,3,MONEY:4489,Interest rate
SAME_CONTEXT_SAME_PAIR_SHORT,P0753,cp_01M3NX23BJEJZTKMBFX9PT8GYD,term-deposit/shared/main/text-interest-rate-3,3,MONEY:4544,Interest rate
SAME_CONTEXT_SAME_PAIR_SHORT,P0754,cp_01M3NX23ARFZJB4GGK8H9XW831,term-deposit/shared/main/text-deposit-period,2,MONEY:4412,Deposit period
SAME_CONTEXT_SAME_PAIR_SHORT,P0754,cp_01M3NX23B0EFHSDX9F6ZYS071W,term-deposit/shared/main/text-deposit-period-2,2,MONEY:4448,Deposit period
SAME_CONTEXT_SAME_PAIR_SHORT,P0755,cp_01M3NX23ASEF8AWZ1G23TYE4K4,term-deposit/shared/main/text-starting-date,2,MONEY:4414,Starting date
SAME_CONTEXT_SAME_PAIR_SHORT,P0755,cp_01M3NX23BCEYTRB0EKC7BKTYVW,term-deposit/shared/main/text-starting-date-2,2,MONEY:4504,Starting date
SAME_CONTEXT_SAME_PAIR_SHORT,P0756,cp_01M3NX23ASFMBAGBYE8E922P0D,term-deposit/shared/main/text-maturity-date,3,MONEY:4415,Maturity date
SAME_CONTEXT_SAME_PAIR_SHORT,P0756,cp_01M3NX23B0E5N8Q8AGP53PK8AA,term-deposit/shared/main/text-maturity-date-2,3,MONEY:4449,Maturity date
SAME_CONTEXT_SAME_PAIR_SHORT,P0756,cp_01M3NX23BCEESTMCREQKB1Z70T,term-deposit/shared/main/text-maturity-date-3,3,MONEY:4505,Maturity date
SAME_CONTEXT_SAME_PAIR_SHORT,P0757,cp_01M3NX23AXFP6S0TRQZXDBRQA1,term-deposit/shared/main/text-renew-principal-only,3,MONEY:4434,Renew principal only
SAME_CONTEXT_SAME_PAIR_SHORT,P0757,cp_01M3NX23B1ETB88GJTXKCVTQST,term-deposit/shared/main/text-renew-principal-only-2,3,MONEY:4453,Renew principal only
SAME_CONTEXT_SAME_PAIR_SHORT,P0757,cp_01M3NX23BCFVCSE19CZ6QXZ24C,term-deposit/shared/main/text-renew-principal-only-3,3,MONEY:4508,Renew principal only
SAME_CONTEXT_SAME_PAIR_SHORT,P0758,cp_01M3NX23AZE6KADGXXVW64NHWP,term-deposit/shared/main/text-principal-balance,2,MONEY:4444,Principal balance
SAME_CONTEXT_SAME_PAIR_SHORT,P0758,cp_01M3NX23B8EFX9CBGF0FN4MXAK,term-deposit/shared/main/text-principal-balance-2,2,MONEY:4488,Principal balance
SAME_CONTEXT_SAME_PAIR_SHORT,P0759,cp_01M3NX23B1EGDSANHAGTY2S2KH,term-deposit/shared/iteration/text-payout-method,2,MONEY:4458,Payout method
SAME_CONTEXT_SAME_PAIR_SHORT,P0759,cp_01M3NX23B6F309CX0D7TWSF3YG,term-deposit/shared/iteration/text-payout-method-2,2,MONEY:4481,Payout method
SAME_CONTEXT_SAME_PAIR_SHORT,P0760,cp_01M3NX23CVF9WVBRHTM7SEMN1R,goal-based-saving/shared/main/text,2,MONEY:4749,Add target
SAME_CONTEXT_SAME_PAIR_SHORT,P0760,cp_01M3NX23CXER1TMRT79MYA6TWT,goal-based-saving/shared/main/text-add-target,2,MONEY:4759,Add target
SAME_CONTEXT_SAME_PAIR_SHORT,P0761,cp_01M3NX23DBFBGV34TFB14NSZK9,general-error/dialog-card/main/text-got,2,MONEY:4854,Got it
SAME_CONTEXT_SAME_PAIR_SHORT,P0761,cp_01M3NX23DCFSCB45Y3WNS94JXS,general-error/dialog-card/main/text-got-2,2,MONEY:4858,Got it
SAME_CONTEXT_SAME_PAIR_SHORT,P0762,cp_01M3NX23G7F19R8S18DZYPSXD3,transfer-cross-border-remittance/usa/format/error,2,MONEY:5245,Use numbers only
SAME_CONTEXT_SAME_PAIR_SHORT,P0762,cp_01M3NX23G9FMGVFW80ZG6P9C0A,transfer-cross-border-remittance/usa/format/error-2,2,MONEY:5251,Use numbers only
SAME_CONTEXT_SAME_PAIR_SHORT,P0763,cp_01M3NX23MBECNTA0QPVJ980FDM,auto-sweep-removal/shared/main/text-see-how,2,MONEY:5732,See how
SAME_CONTEXT_SAME_PAIR_SHORT,P0763,cp_01M3NX23MCFGVBS2BV007RQ10X,auto-sweep-removal/shared/main/text-see-how-2,2,MONEY:5736,See how
SAME_CONTEXT_SAME_PAIR_SHORT,P0764,cp_01M3NX23MEFTCAK0Q8NZ5S3PA0,auto-sweep-removal/shared/main/text-move-automatically,2,MONEY:5741,Move automatically
SAME_CONTEXT_SAME_PAIR_SHORT,P0764,cp_01M3NX23MMF5EVPDBF9Z96N8J5,auto-sweep-removal/shared/main/text-move-automatically-2,2,MONEY:5761,Move automatically
SAME_CONTEXT_SAME_PAIR_SHORT,P0765,cp_01M3NX23MFEQKAEWRMM1RPA2MM,auto-sweep-removal/shared/main/text-move-manually,2,MONEY:5744,Move manually
SAME_CONTEXT_SAME_PAIR_SHORT,P0765,cp_01M3NX23MQEN8SD27NRVN3A27A,auto-sweep-removal/shared/main/text-move-manually-2,2,MONEY:5772,Move manually
SAME_CONTEXT_SAME_PAIR_SHORT,P0766,cp_01M3NX23MXF6ZR7C51R3226DYK,withdraw-merchant-location/shared/main/text,2,MONEY:5795,Cash withdrawal
SAME_CONTEXT_SAME_PAIR_SHORT,P0766,cp_01M3NX23N2FT5VRXD684BXH66Y,withdraw/amountpage/pagetitle/text,2,MONEY:5820,Cash withdrawal
SAME_CONTEXT_SAME_PAIR_SHORT,P0767,cp_01M3NX23NFFB7ARVNZ7YCHJRSV,error-cases/bottomsheet/main/text-got,3,MONEY:5866,Got it
SAME_CONTEXT_SAME_PAIR_SHORT,P0767,cp_01M3NX23NHER0R9V29X928RSP8,error-cases/bottomsheet/main/text-got-2,3,MONEY:5870,Got it
SAME_CONTEXT_SAME_PAIR_SHORT,P0767,cp_01M3NX23NJFZ7V3E852GCXEXZX,error-cases/bottomsheet/main/text-got-3,3,MONEY:5874,Got it
SAME_CONTEXT_SAME_PAIR_SHORT,P0768,cp_01M3NX23Q0EQ8BAPRXWBD24S6K,scratch-card-p2p-campaign/oh-shortcut-after-user/main/text-get-up-50k,2,MONEY:6041,Get up to 50k
SAME_CONTEXT_SAME_PAIR_SHORT,P0768,cp_01M3NX23Q2F239HJJFNH3P23Q1,scratch-card-p2p-campaign/oh-shortcut-after-user/main/text-get-up-50k-2,2,MONEY:6046,Get up to 50k
SAME_CONTEXT_SAME_PAIR_SHORT,P0769,cp_01M3NX23Q1FQGTHFRTCZJ1BB23,scratch-card-p2p-campaign/oh-shortcut-after-user/24h/text,2,MONEY:6042,Expires today
SAME_CONTEXT_SAME_PAIR_SHORT,P0769,cp_01M3NX23Q3FCPBCRHRCAKTRK5Y,scratch-card-p2p-campaign/oh-shortcut-after-user/24h/text-expires-today,2,MONEY:6047,Expires today
SAME_CONTEXT_SAME_PAIR_SHORT,P0770,cp_01M3NX23W8FEDAXKF211QTJZ05,request-qris-tuntas/main-request/main/cta-2,2,MONEY:6588,View all
SAME_CONTEXT_SAME_PAIR_SHORT,P0770,cp_01M3NX23WCECV8AT91N93PNBGV,request-qris-tuntas/main-request/main/cta-3,2,MONEY:6595,View all
SAME_SECTION_SAME_PAIR_DIFF_SCREEN_OR_CONTEXT,P0771,cp_01M3NX2027FMY9AC8DFHAM6TA6,investment-landing-homepage/homepage/main/text-return-per-year,2,INVESTMENT:42,Return per year
SAME_SECTION_SAME_PAIR_DIFF_SCREEN_OR_CONTEXT,P0771,cp_01M3NX2028FM9B3XNPS7VVM809,investment-landing-homepage/dialogue-card/main/text-return-per-year,2,INVESTMENT:54,Return per year
SAME_SECTION_SAME_PAIR_DIFF_SCREEN_OR_CONTEXT,P0772,cp_01M3NX2028FDPA1MSD4WFXYC32,crypto/oboarding/gopay-plus-failed-with-reason/text,2,INVESTMENT:216,Verification failed
SAME_SECTION_SAME_PAIR_DIFF_SCREEN_OR_CONTEXT,P0772,cp_01M3NX2028FZV8XNQ0JM3RMG3W,crypto/oboarding/gopay-plus-failed-generic-reason/text,2,INVESTMENT:220,Verification failed
SAME_SECTION_SAME_PAIR_DIFF_SCREEN_OR_CONTEXT,P0773,cp_01M3NX2029EQS8BV0JYHV8FK6G,crypto/rejection-nik-not-found-phone/main/text-try-again,2,INVESTMENT:285,Try again
SAME_SECTION_SAME_PAIR_DIFF_SCREEN_OR_CONTEXT,P0773,cp_01M3NX2029F8EB352BPNHBWTWV,crypto/rejection-nik-found-phone-number/main/text-try-again,2,INVESTMENT:292,Try again
SAME_SECTION_SAME_PAIR_DIFF_SCREEN_OR_CONTEXT,P0774,cp_01M3NX2029FTJ8RBPDE70B96A1,crypto/withdraw-flow/main/title,2,INVESTMENT:320,Withdraw trading balance
SAME_SECTION_SAME_PAIR_DIFF_SCREEN_OR_CONTEXT,P0774,cp_01M3NX2029E3ERJXQAG4VFHM3J,crypto/review-payment/main/title,2,INVESTMENT:330,Withdraw trading balance
SAME_SECTION_SAME_PAIR_DIFF_SCREEN_OR_CONTEXT,P0775,cp_01M3NX2029F4B81FWYMB5KAWVK,crypto/input-amount/main/text,4,INVESTMENT:321,Rp{amount}
SAME_SECTION_SAME_PAIR_DIFF_SCREEN_OR_CONTEXT,P0775,cp_01M3NX2029FR09M0VCC50D0550,crypto/review-payment/main/text,4,INVESTMENT:331,Rp{amount}
SAME_SECTION_SAME_PAIR_DIFF_SCREEN_OR_CONTEXT,P0775,cp_01M3NX2029F6HREH8MW19K7Z1C,crypto/input-amount/main/text-rp-amount,4,INVESTMENT:370,Rp{amount}
SAME_SECTION_SAME_PAIR_DIFF_SCREEN_OR_CONTEXT,P0775,cp_01M3NX2029EEERVFM7ZVNBWCX3,crypto/review-payment/main/text-rp-amount,4,INVESTMENT:380,Rp{amount}
SAME_SECTION_SAME_PAIR_DIFF_SCREEN_OR_CONTEXT,P0776,cp_01M3NX2029EF6VV5JX6WZB3K3Z,crypto/input-amount/main/text-review-payment,2,INVESTMENT:377,Review payment
SAME_SECTION_SAME_PAIR_DIFF_SCREEN_OR_CONTEXT,P0776,cp_01M3NX2029E73S1J3MW97CAZ62,crypto/review-payment/main/title-2,2,INVESTMENT:379,Review payment
SAME_SECTION_SAME_PAIR_DIFF_SCREEN_OR_CONTEXT,P0777,cp_01M3NX202AFXMRDY7W0GXPD1KW,mutual-fund-landing/homepage-money-market-fund/value-card/value,2,INVESTMENT:577,Mutual fund
SAME_SECTION_SAME_PAIR_DIFF_SCREEN_OR_CONTEXT,P0777,cp_01M3NX202AE53VSJ2T99KN33GP,mutual-fund-landing/homepage-money-market-fund/main/text-mutual-fund,2,INVESTMENT:584,Mutual fund
SAME_SECTION_SAME_PAIR_DIFF_SCREEN_OR_CONTEXT,P0778,cp_01M3NX202AF5PBEEKJVWXDY9ST,buy/transaction-buy/main/text,2,INVESTMENT:607,Latest fund price
SAME_SECTION_SAME_PAIR_DIFF_SCREEN_OR_CONTEXT,P0778,cp_01M3NX202AE78VKSANH140MCTZ,buy/review-payment/main/text,2,INVESTMENT:616,Latest fund price
SAME_SECTION_SAME_PAIR_DIFF_SCREEN_OR_CONTEXT,P0779,cp_01M3NX202AFWN8GNBRMT1EBD7A,sell/transaction-buy/main/text,2,INVESTMENT:672,Latest fund price
SAME_SECTION_SAME_PAIR_DIFF_SCREEN_OR_CONTEXT,P0779,cp_01M3NX202BFYX9G00FJ47BMFE9,sell/selling-payment/main/text,2,INVESTMENT:702,Latest fund price
SAME_SECTION_SAME_PAIR_DIFF_SCREEN_OR_CONTEXT,P0780,cp_01M3NX202BEAW8Z6PXNEA50R5N,mutualfund/reviewpage/sell-detailsection/title,2,INVESTMENT:704,Receiving account
SAME_SECTION_SAME_PAIR_DIFF_SCREEN_OR_CONTEXT,P0780,cp_01M3NX202BE4QV2FVV57N1HD7W,sell/detail-transaction/main/text-receiving-account,2,INVESTMENT:738,Receiving account
SAME_SECTION_SAME_PAIR_DIFF_SCREEN_OR_CONTEXT,P0781,cp_01M3NX202GFCBRR85J5J88QQRA,entry-points/gps-banner/price-dipping/text,2,INVESTMENT:1302,Gold price is lower today
SAME_SECTION_SAME_PAIR_DIFF_SCREEN_OR_CONTEXT,P0781,cp_01M3NX202GE1N93KSKANDE0786,entry-points/investment-home-pill/price-dipping/text,2,INVESTMENT:1306,Gold price is lower today
SAME_SECTION_SAME_PAIR_DIFF_SCREEN_OR_CONTEXT,P0782,cp_01M3NX202NEP7B4GKX2H2PMCK1,installment-simulation/shared/main/text-price-simulation,2,INVESTMENT:1770;INVESTMENT:1806;INVESTMENT:3203;INVESTMENT:3239,The price is for simulation purposes. The actual price will be shown when you place your order.
SAME_SECTION_SAME_PAIR_DIFF_SCREEN_OR_CONTEXT,P0782,cp_01M3NX202NFVDR0G6EVM18XJ5N,installment-simulation/shared/note/helper,2,INVESTMENT:1785;INVESTMENT:3218,The price is for simulation purposes. The actual price will be shown when you place your order.
SAME_SECTION_SAME_PAIR_DIFF_SCREEN_OR_CONTEXT,P0783,cp_01M3NX202RF0GTEMAMTXGKVMS4,loan-application-purchase-flow/dialogue-card/redirected-state-if-approve/text,2,INVESTMENT:2023,Estimated time 00:03 seconds
SAME_SECTION_SAME_PAIR_DIFF_SCREEN_OR_CONTEXT,P0783,cp_01M3NX202REAMBT1TSQX7AHPHN,loan-application-purchase-flow/dialogue-card/main/text-estimated-time-00-03,2,INVESTMENT:2042,Estimated time 00:03 seconds
SAME_SECTION_SAME_PAIR_DIFF_SCREEN_OR_CONTEXT,P0784,cp_01M3NX202RFECTP56BCFZH52FY,loan-application-drop-off/continue-your-purchase-section/price-updated/text,3,INVESTMENT:2096,10 g
SAME_SECTION_SAME_PAIR_DIFF_SCREEN_OR_CONTEXT,P0784,cp_01M3NX202RFEPV08Q5XBMYJQA1,loan-application-drop-off/continue-your-purchase-section/price-expired/text,3,INVESTMENT:2104,10 g
SAME_SECTION_SAME_PAIR_DIFF_SCREEN_OR_CONTEXT,P0784,cp_01M3NX202SEDWVSB5V7QQYM05D,loan-application-drop-off/continue-your-purchase-section/drop-off-after-signing/text,3,INVESTMENT:2112,10 g
SAME_SECTION_SAME_PAIR_DIFF_SCREEN_OR_CONTEXT,P0785,cp_01M3NX202REF5A43BW690V0K5D,loan-application-drop-off/continue-your-purchase-section/has-not-expired/text,2,INVESTMENT:2097,Need to sign contract
SAME_SECTION_SAME_PAIR_DIFF_SCREEN_OR_CONTEXT,P0785,cp_01M3NX202SF8ATW7MR23S6JPSX,loan-application-drop-off/continue-your-purchase-section/drop-off-before-signing/text-need-sign-contract,2,INVESTMENT:2105,Need to sign contract
SAME_SECTION_SAME_PAIR_DIFF_SCREEN_OR_CONTEXT,P0786,cp_01M3NX202RF01AY6PAWAEH6SDH,loan-application-drop-off/continue-your-purchase-section/drop-off-before-signing/text,2,INVESTMENT:2098,48 months tenor
SAME_SECTION_SAME_PAIR_DIFF_SCREEN_OR_CONTEXT,P0786,cp_01M3NX202SEM0TJCF1NFNZF4FA,loan-application-drop-off/continue-your-purchase-section/main/text-48-months-tenor,2,INVESTMENT:2106,48 months tenor
SAME_SECTION_SAME_PAIR_DIFF_SCREEN_OR_CONTEXT,P0787,cp_01M3NX202SFR4BJ805M8B0EJ2D,loan-application-drop-off/continue-your-purchase-section/main/text-rp20-000-000,3,INVESTMENT:2115,Rp20.000.000
SAME_SECTION_SAME_PAIR_DIFF_SCREEN_OR_CONTEXT,P0787,cp_01M3NX203GE9R9MC87NQZAEENY,loan-application-drop-off/shared/main/text-rp20-000-000,3,INVESTMENT:3531,Rp20.000.000
SAME_SECTION_SAME_PAIR_DIFF_SCREEN_OR_CONTEXT,P0787,cp_01M3NX203GEDBS00SY70VBJDVT,loan-application-drop-off/shared/main/text-rp20-000-000-2,3,INVESTMENT:3546,Rp20.000.000
SAME_SECTION_SAME_PAIR_DIFF_SCREEN_OR_CONTEXT,P0788,cp_01M3NX202SE08A9V7YE8SPKN6R,loan-application-drop-off/continue-your-purchase-section/main/text-12-months-tenor,3,INVESTMENT:2117,<12> months tenor
SAME_SECTION_SAME_PAIR_DIFF_SCREEN_OR_CONTEXT,P0788,cp_01M3NX203GE9K8ZQEFGJMK9YHY,loan-application-drop-off/shared/main/text-12-months-tenor,3,INVESTMENT:3534,<12> months tenor
SAME_SECTION_SAME_PAIR_DIFF_SCREEN_OR_CONTEXT,P0788,cp_01M3NX203HEX8S670HE0VD5FDQ,loan-application-drop-off/shared/main/text-12-months-tenor-2,3,INVESTMENT:3549,<12> months tenor
SAME_SECTION_SAME_PAIR_DIFF_SCREEN_OR_CONTEXT,P0789,cp_01M3NX202SEBF89276HN0TX32Q,loan-application-status/shared/loan-rejected-permanent/text,2,INVESTMENT:2127;INVESTMENT:3573,Gold installment not approved
SAME_SECTION_SAME_PAIR_DIFF_SCREEN_OR_CONTEXT,P0789,cp_01M3NX202SEW9ANCSDKB4GTP0H,loan-application-status/shared/loan-rejected-temporary/text,2,INVESTMENT:2135;INVESTMENT:3581,Gold installment not approved
SAME_SECTION_SAME_PAIR_DIFF_SCREEN_OR_CONTEXT,P0790,cp_01M3NX202WFWT9M8YNXPB0G85Z,gold-on-gojek-app/card/alt-1/text,2,INVESTMENT:2356,Gold
SAME_SECTION_SAME_PAIR_DIFF_SCREEN_OR_CONTEXT,P0790,cp_01M3NX202WEFMR18G6YW7C476A,gold-on-gojek-app/card/alt-2/text,2,INVESTMENT:2359,Gold
SAME_SECTION_SAME_PAIR_DIFF_SCREEN_OR_CONTEXT,P0791,cp_01M3NX203CFG88SC22A7AWBJBB,credit-application-status/shared/application-rejected-permanent/text,2,INVESTMENT:3299,Account opening not approved
SAME_SECTION_SAME_PAIR_DIFF_SCREEN_OR_CONTEXT,P0791,cp_01M3NX203CFG6TFFMCDXYKKP9D,credit-application-status/shared/application-rejected-temporary/text,2,INVESTMENT:3307,Account opening not approved
SAME_SECTION_SAME_PAIR_DIFF_SCREEN_OR_CONTEXT,P0792,cp_01M3NX203PEAETJ5F7AM2A3F7F,investment-leaderboard/closed-joined-verifying/main/text-got,3,INVESTMENT:3815,Got it
SAME_SECTION_SAME_PAIR_DIFF_SCREEN_OR_CONTEXT,P0792,cp_01M3NX203PF9TATDG6SWTDFD72,investment-leaderboard/closed-joined-verifying-non/main/text-got,3,INVESTMENT:3823,Got it
SAME_SECTION_SAME_PAIR_DIFF_SCREEN_OR_CONTEXT,P0792,cp_01M3NX203PE7WTS8PEZQCKA1NB,investment-leaderboard/closed-not-joined/main/text-got,3,INVESTMENT:3827,Got it
SAME_SECTION_SAME_PAIR_DIFF_SCREEN_OR_CONTEXT,P0793,cp_01M3NX203QFRDBET4Z1ACSD95J,investment-leaderboard/error-api/bottom-card-joining/text,5,INVESTMENT:3837,Your rank #X
SAME_SECTION_SAME_PAIR_DIFF_SCREEN_OR_CONTEXT,P0793,cp_01M3NX203SFCSSEM55J68N1WBE,investment-leaderboard/verifying/main/text,5,INVESTMENT:3893,Your rank #X
SAME_SECTION_SAME_PAIR_DIFF_SCREEN_OR_CONTEXT,P0793,cp_01M3NX203SF39AFHBA26HZXKHE,investment-leaderboard/verified-top-rank/main/text,5,INVESTMENT:3896,Your rank #X
SAME_SECTION_SAME_PAIR_DIFF_SCREEN_OR_CONTEXT,P0793,cp_01M3NX203SEZEA79ZGSD6B4H6Y,investment-leaderboard/verified-middle-rank/main/text,5,INVESTMENT:3899,Your rank #X
SAME_SECTION_SAME_PAIR_DIFF_SCREEN_OR_CONTEXT,P0793,cp_01M3NX203SF18VKS093ENMH5P7,investment-leaderboard/verified-low-rank/main/text,5,INVESTMENT:3902,Your rank #X
SAME_SECTION_SAME_PAIR_DIFF_SCREEN_OR_CONTEXT,P0794,cp_01M3NX203VFZQVQRMSJJXQVW7P,coins-to-gold/shared/generic-applicable-to-all/text,2,INVESTMENT:3987,More ways to invest
SAME_SECTION_SAME_PAIR_DIFF_SCREEN_OR_CONTEXT,P0794,cp_01M3NX203VE00BKJ3KN9YNCD7Q,coins-to-gold/shared/main/text-more-ways-invest,2,INVESTMENT:4015,More ways to invest
SAME_SECTION_SAME_PAIR_DIFF_SCREEN_OR_CONTEXT,P0795,cp_01M3NX203XE9B9YD9C218VTWP8,kredit-pintar/pre-routing/main/text-tips,4,LENDING:35,Tips for you
SAME_SECTION_SAME_PAIR_DIFF_SCREEN_OR_CONTEXT,P0795,cp_01M3NX203YEZ0R8DT6A53E09QD,kredit-pintar/post-routing/main/text,4,LENDING:87,Tips for you
SAME_SECTION_SAME_PAIR_DIFF_SCREEN_OR_CONTEXT,P0795,cp_01M3NX203ZF4TT88H1GEAPC6Y6,kredit-pintar/processing/main/text-tips,4,LENDING:131,Tips for you
SAME_SECTION_SAME_PAIR_DIFF_SCREEN_OR_CONTEXT,P0795,cp_01M3NX203ZFYBB5HYX8DPRC57X,kredit-pintar/reapply-active/main/text-tips,4,LENDING:157,Tips for you
SAME_SECTION_SAME_PAIR_DIFF_SCREEN_OR_CONTEXT,P0796,cp_01M3NX203XF5NSSES8V48CDFD5,kredit-pintar/pre-routing/main/text-ensure-personal,2,LENDING:37,Ensure your personal details are correct
SAME_SECTION_SAME_PAIR_DIFF_SCREEN_OR_CONTEXT,P0796,cp_01M3NX203YFKR8YYXG5W9NSY47,kredit-pintar/same-with-pre-routing/main/text,2,LENDING:88,Ensure your personal details are correct
SAME_SECTION_SAME_PAIR_DIFF_SCREEN_OR_CONTEXT,P0797,cp_01M3NX203XFWNR1WWHMQZE4NST,kredit-pintar/pre-routing/main/text-increase-chance,2,LENDING:38,This will increase your chance of approval
SAME_SECTION_SAME_PAIR_DIFF_SCREEN_OR_CONTEXT,P0797,cp_01M3NX203YFHP9F0WRNTEDG0K5,kredit-pintar/same-with-pre-routing/main/text-increase-chance,2,LENDING:89,This will increase your chance of approval
SAME_SECTION_SAME_PAIR_DIFF_SCREEN_OR_CONTEXT,P0798,cp_01M3NX203XECH9YZZ42M6M63WV,kredit-pintar/pre-routing/main/text-complete-process,2,LENDING:40,Complete the process as soon as possible
SAME_SECTION_SAME_PAIR_DIFF_SCREEN_OR_CONTEXT,P0798,cp_01M3NX203YEQFRSBPS4SR1YWTW,kredit-pintar/same-with-pre-routing/main/text-complete-process,2,LENDING:90,Complete the process as soon as possible
SAME_SECTION_SAME_PAIR_DIFF_SCREEN_OR_CONTEXT,P0799,cp_01M3NX203XFQE9G9NQMRWY4MAT,kredit-pintar/pre-routing/main/text-faster-disbursement,2,LENDING:41,For faster disbursement if approved
SAME_SECTION_SAME_PAIR_DIFF_SCREEN_OR_CONTEXT,P0799,cp_01M3NX203YE89B3XJRB06RF0BY,kredit-pintar/same-with-pre-routing/main/text-faster-disbursement,2,LENDING:91,For faster disbursement if approved
SAME_SECTION_SAME_PAIR_DIFF_SCREEN_OR_CONTEXT,P0800,cp_01M3NX203XFZYVVNWP10H3ZH24,kredit-pintar/pre-routing/main/text-how-quickly-i,3,LENDING:45,How quickly will I receive a loan offer?
SAME_SECTION_SAME_PAIR_DIFF_SCREEN_OR_CONTEXT,P0800,cp_01M3NX203YF3BVMFGGXFTPSDAJ,kredit-pintar/post-routing/main/text-how-quickly-i,3,LENDING:93;LENDING:115,How quickly will I receive a loan offer?
SAME_SECTION_SAME_PAIR_DIFF_SCREEN_OR_CONTEXT,P0800,cp_01M3NX203ZFP097NGV06JSY57V,kredit-pintar/processing/main/text-how-quickly-i,3,LENDING:164,How quickly will I receive a loan offer?
SAME_SECTION_SAME_PAIR_DIFF_SCREEN_OR_CONTEXT,P0801,cp_01M3NX203XEWYT6Q6MFAAF2772,kredit-pintar/pre-routing/main/text-ll-typically-receive,3,LENDING:46,"You'll typically receive potential loan offers within minutes. However, some applications may requir"
SAME_SECTION_SAME_PAIR_DIFF_SCREEN_OR_CONTEXT,P0801,cp_01M3NX203YFXAAH26KRFPXARPR,kredit-pintar/same-with-pre-routing-faq/main/text,3,LENDING:94;LENDING:116,"You'll typically receive potential loan offers within minutes. However, some applications may requir"
SAME_SECTION_SAME_PAIR_DIFF_SCREEN_OR_CONTEXT,P0801,cp_01M3NX203ZFHAAXPNBEKME698E,kredit-pintar/same-with-pre-routing/main/text-ll-typically-receive,3,LENDING:165,"You'll typically receive potential loan offers within minutes. However, some applications may requir"
SAME_SECTION_SAME_PAIR_DIFF_SCREEN_OR_CONTEXT,P0802,cp_01M3NX203XFTVV9FW887XCYN3A,kredit-pintar/pre-routing/main/text-need-immediate,2,LENDING:54,Need your immediate action
SAME_SECTION_SAME_PAIR_DIFF_SCREEN_OR_CONTEXT,P0802,cp_01M3NX203ZEG8AYJP8KS8M5S6M,kredit-pintar/same-with-pre-routing/main/text-need-immediate,2,LENDING:170,Need your immediate action
SAME_SECTION_SAME_PAIR_DIFF_SCREEN_OR_CONTEXT,P0803,cp_01M3NX203XEJDAT4XWCVEK2K4S,kredit-pintar/post-routing/loading-tray/text,2,LENDING:76,Great! We got you an offer from
SAME_SECTION_SAME_PAIR_DIFF_SCREEN_OR_CONTEXT,P0803,cp_01M3NX203YFH8R11Q9TD52XXP0,kredit-pintar/post-routing/pop-up/text,2,LENDING:81,Great! We got you an offer from
SAME_SECTION_SAME_PAIR_DIFF_SCREEN_OR_CONTEXT,P0804,cp_01M3NX203XEAZSF7T9S32JN4CZ,kredit-pintar/success/main/text,4,LENDING:77;LENDING:82,Pinjaman by Kredit Pintar
SAME_SECTION_SAME_PAIR_DIFF_SCREEN_OR_CONTEXT,P0804,cp_01M3NX203YEES8WE4QVKDXPQNJ,kredit-pintar/within-sla/main/text-pinjaman-kredit,4,LENDING:123,Pinjaman by Kredit Pintar
SAME_SECTION_SAME_PAIR_DIFF_SCREEN_OR_CONTEXT,P0804,cp_01M3NX2040E45RVBNA44DMTEFQ,kredit-pintar/activated/main/text,4,LENDING:176;LENDING:194;LENDING:203;LENDING:210,Pinjaman by Kredit Pintar
SAME_SECTION_SAME_PAIR_DIFF_SCREEN_OR_CONTEXT,P0804,cp_01M3NX2041FYN9H47KG4ME6XD9,kredit-pintar/need-update/main/text-pinjaman-kredit,4,LENDING:267;LENDING:274;LENDING:280;LENDING:303,Pinjaman by Kredit Pintar
SAME_SECTION_SAME_PAIR_DIFF_SCREEN_OR_CONTEXT,P0805,cp_01M3NX203YFWAVKN80TAN506KC,kredit-pintar/failed-to-get-an-offer/main/text-retry-available-date,2,LENDING:101,Retry available on {date}
SAME_SECTION_SAME_PAIR_DIFF_SCREEN_OR_CONTEXT,P0805,cp_01M3NX2041FMM8VFC2Q0R4KAZE,kredit-pintar/need-update/main/text-retry-available-date,2,LENDING:272,Retry available on {date}
SAME_SECTION_SAME_PAIR_DIFF_SCREEN_OR_CONTEXT,P0806,cp_01M3NX2040E49TXC9SBC6Z43D6,kredit-pintar/activated/main/text-available-limit,13,LENDING:177,Available limit
SAME_SECTION_SAME_PAIR_DIFF_SCREEN_OR_CONTEXT,P0806,cp_01M3NX2040F2RS5SJYDE7G48XZ,kredit-pintar/activated/main/text-available-limit-3,13,LENDING:195,Available limit
SAME_SECTION_SAME_PAIR_DIFF_SCREEN_OR_CONTEXT,P0806,cp_01M3NX2040FCZSZ54QHAE71RG5,kredit-pintar/activated/main/text-available-limit-4,13,LENDING:204,Available limit
SAME_SECTION_SAME_PAIR_DIFF_SCREEN_OR_CONTEXT,P0806,cp_01M3NX2040FFKS85DZ51H2SY31,kredit-pintar/activated/main/text-available-limit-5,13,LENDING:211,Available limit
SAME_SECTION_SAME_PAIR_DIFF_SCREEN_OR_CONTEXT,P0806,cp_01M3NX2040F9N8QVE6JFDP006K,kredit-pintar/activated/main/text-available-limit-6,13,LENDING:219,Available limit
SAME_SECTION_SAME_PAIR_DIFF_SCREEN_OR_CONTEXT,P0806,cp_01M3NX2040F9D9QRXB26Z0298C,kredit-pintar/limit-reached/main/text,13,LENDING:227,Available limit
SAME_SECTION_SAME_PAIR_DIFF_SCREEN_OR_CONTEXT,P0806,cp_01M3NX2041FYG8MGB7NB3R7TDN,kredit-pintar/revolving/main/text,13,LENDING:234,Available limit
SAME_SECTION_SAME_PAIR_DIFF_SCREEN_OR_CONTEXT,P0806,cp_01M3NX2041ER6V0YZW92XY49J1,kredit-pintar/restricted/main/text,13,LENDING:242,Available limit
SAME_SECTION_SAME_PAIR_DIFF_SCREEN_OR_CONTEXT,P0806,cp_01M3NX2041FNHSE9XQ9M7RT263,kredit-pintar/kyc-rejected/main/text,13,LENDING:251,Available limit
SAME_SECTION_SAME_PAIR_DIFF_SCREEN_OR_CONTEXT,P0806,cp_01M3NX2041F0TBMCGRBF6XSMXD,kredit-pintar/need-update/main/text,13,LENDING:261,Available limit
SAME_SECTION_SAME_PAIR_DIFF_SCREEN_OR_CONTEXT,P0806,cp_01M3NX2041EDZV6YQHTWECTNJ8,kredit-pintar/need-update/main/text-available-limit-2,13,LENDING:268,Available limit
SAME_SECTION_SAME_PAIR_DIFF_SCREEN_OR_CONTEXT,P0806,cp_01M3NX2042EWES5F3418BDEXX3,kredit-pintar/need-update/main/text-available-limit-3,13,LENDING:275,Available limit
SAME_SECTION_SAME_PAIR_DIFF_SCREEN_OR_CONTEXT,P0806,cp_01M3NX2042EHQSY5DMN40AGHDD,kredit-pintar/need-update/main/text-available-limit-4,13,LENDING:281,Available limit
SAME_SECTION_SAME_PAIR_DIFF_SCREEN_OR_CONTEXT,P0807,cp_01M3NX2040ERH9G6W4AJZP3YJY,kredit-pintar/activated/main/text-withdraw-maximize,2,LENDING:179;LENDING:197;LENDING:206;LENDING:213,Withdraw and maximize your available limit
SAME_SECTION_SAME_PAIR_DIFF_SCREEN_OR_CONTEXT,P0807,cp_01M3NX2041FJSTGYMYB7YRRAMQ,kredit-pintar/need-update/main/text-withdraw-maximize,2,LENDING:263;LENDING:270,Withdraw and maximize your available limit
SAME_SECTION_SAME_PAIR_DIFF_SCREEN_OR_CONTEXT,P0808,cp_01M3NX2040F6WVNS2Y1XYF1649,kredit-pintar/activated/main/text-dues,3,LENDING:185,Your dues
SAME_SECTION_SAME_PAIR_DIFF_SCREEN_OR_CONTEXT,P0808,cp_01M3NX2042FFRS9AS1827J5XRY,thirdparty/loanactivatedstate/due-section-error-api-failed/title,3,LENDING:287,Your dues
SAME_SECTION_SAME_PAIR_DIFF_SCREEN_OR_CONTEXT,P0808,cp_01M3NX2042EG4VKAQEY537HA5F,thirdparty/loanactivatedstate/transactionhistory-page-title/text,3,LENDING:296,Your dues
SAME_SECTION_SAME_PAIR_DIFF_SCREEN_OR_CONTEXT,P0809,cp_01M3NX2040EZJTCBRZ2PD22GF9,kredit-pintar/activated/main/text-view-all,4,LENDING:190,View all
SAME_SECTION_SAME_PAIR_DIFF_SCREEN_OR_CONTEXT,P0809,cp_01M3NX2042F218WMKNKDCC424T,kredit-pintar/need-update/main/text-view-all,4,LENDING:302,View all
SAME_SECTION_SAME_PAIR_DIFF_SCREEN_OR_CONTEXT,P0809,cp_01M3NX2042F61ASXZW5JVZB9Y8,kredit-pintar/need-update/main/text-view-all-2,4,LENDING:309,View all
SAME_SECTION_SAME_PAIR_DIFF_SCREEN_OR_CONTEXT,P0809,cp_01M3NX2042F4D9KNDHHTZS7MNV,kredit-pintar/need-update/main/text-view-all-3,4,LENDING:316,View all
SAME_SECTION_SAME_PAIR_DIFF_SCREEN_OR_CONTEXT,P0810,cp_01M3NX2041E4DS9RCCREKJ5Y57,kredit-pintar/revolving/main/text-used-used-value,4,LENDING:236,You have used {used_value} limit
SAME_SECTION_SAME_PAIR_DIFF_SCREEN_OR_CONTEXT,P0810,cp_01M3NX2041FPCBF01D4DFDFNJN,kredit-pintar/restricted/main/text-used-used-value,4,LENDING:244,You have used {used_value} limit
SAME_SECTION_SAME_PAIR_DIFF_SCREEN_OR_CONTEXT,P0810,cp_01M3NX2041F2JBDXC06N11GZF7,kredit-pintar/kyc-rejected/main/text-used-used-value,4,LENDING:253,You have used {used_value} limit
SAME_SECTION_SAME_PAIR_DIFF_SCREEN_OR_CONTEXT,P0810,cp_01M3NX2042ENXA69R9658ENH6T,kredit-pintar/need-update/main/text-used-used-value,4,LENDING:277,You have used {used_value} limit
SAME_SECTION_SAME_PAIR_DIFF_SCREEN_OR_CONTEXT,P0811,cp_01M3NX2043EV8TT5WCX1HNVKWS,registration-form/progress-tracker/main/text,2,LENDING:392,Personal info
SAME_SECTION_SAME_PAIR_DIFF_SCREEN_OR_CONTEXT,P0811,cp_01M3NX2043FGW9GEF1GAMJ3069,registration-form/registration-form/main/text,2,LENDING:397,Personal info
SAME_SECTION_SAME_PAIR_DIFF_SCREEN_OR_CONTEXT,P0812,cp_01M3NX2043ESXTTSKVDS0TBC8A,registration-form/progress-tracker/main/text-employment-details,4,LENDING:393,Employment details
SAME_SECTION_SAME_PAIR_DIFF_SCREEN_OR_CONTEXT,P0812,cp_01M3NX2044FX6TXSP6GZ4870N1,registration-form/registration-form/main/text-employment-details,4,LENDING:401,Employment details
SAME_SECTION_SAME_PAIR_DIFF_SCREEN_OR_CONTEXT,P0812,cp_01M3NX2046EDJVTYNZ63DS3AR7,registration-form/title/main/text-employment-details,4,LENDING:486,Employment details
SAME_SECTION_SAME_PAIR_DIFF_SCREEN_OR_CONTEXT,P0812,cp_01M3NX2049FNS8MAN2EEP0R9RZ,registration-form/title/main/text-employment-details-2,4,LENDING:562,Employment details
SAME_SECTION_SAME_PAIR_DIFF_SCREEN_OR_CONTEXT,P0813,cp_01M3NX2043EMPSFEHS14XMAFJ1,registration-form/progress-tracker/main/text-emergency-contact,2,LENDING:394,Emergency contact
SAME_SECTION_SAME_PAIR_DIFF_SCREEN_OR_CONTEXT,P0813,cp_01M3NX2044EE7THY5W4P05W5JR,registration-form/registration-form/main/text-emergency-contact,2,LENDING:405,Emergency contact
SAME_SECTION_SAME_PAIR_DIFF_SCREEN_OR_CONTEXT,P0814,cp_01M3NX2043FSYTBD40BVP2Y67Z,registration-form/progress-tracker/main/text-residential-info,3,LENDING:395,Residential info
SAME_SECTION_SAME_PAIR_DIFF_SCREEN_OR_CONTEXT,P0814,cp_01M3NX2044E75RNS596KZ5T2T8,registration-form/registration-form/main/text-residential-info,3,LENDING:409,Residential info
SAME_SECTION_SAME_PAIR_DIFF_SCREEN_OR_CONTEXT,P0814,cp_01M3NX204AFM7RW5CW2JKEY20C,registration-form/title/main/text-residential-info,3,LENDING:595,Residential info
SAME_SECTION_SAME_PAIR_DIFF_SCREEN_OR_CONTEXT,P0815,cp_01M3NX2043EV2T4WG3BF9CWGZP,registration-form/personal-info/main/text,4,LENDING:398,Please fill all the required data below to proceed with your application.
SAME_SECTION_SAME_PAIR_DIFF_SCREEN_OR_CONTEXT,P0815,cp_01M3NX2044EVXA6NY1A6R7YYG4,registration-form/employment-detail/main/text,4,LENDING:402,Please fill all the required data below to proceed with your application.
SAME_SECTION_SAME_PAIR_DIFF_SCREEN_OR_CONTEXT,P0815,cp_01M3NX2044E4Y93FGT7DJG4DTK,registration-form/emergency-contact/main/text,4,LENDING:406,Please fill all the required data below to proceed with your application.
SAME_SECTION_SAME_PAIR_DIFF_SCREEN_OR_CONTEXT,P0815,cp_01M3NX2044E04AC4F202B0SAH5,registration-form/residential-info/main/text,4,LENDING:410,Please fill all the required data below to proceed with your application.
SAME_SECTION_SAME_PAIR_DIFF_SCREEN_OR_CONTEXT,P0816,cp_01M3NX2044ERDSH6KHQ2DD1YP3,registration-form/placeholder/main/text,10,LENDING:424,Please choose one
SAME_SECTION_SAME_PAIR_DIFF_SCREEN_OR_CONTEXT,P0816,cp_01M3NX2045FG1BQF1393PMJQ43,registration-form/placeholder/main/text-choose-one,10,LENDING:439,Please choose one
SAME_SECTION_SAME_PAIR_DIFF_SCREEN_OR_CONTEXT,P0816,cp_01M3NX2045E1VAKWHYVPTWE9G8,registration-form/answer/main/text-choose-one,10,LENDING:448,Please choose one
SAME_SECTION_SAME_PAIR_DIFF_SCREEN_OR_CONTEXT,P0816,cp_01M3NX2045F6BARFW2FBZFXD53,registration-form/placeholder/main/text-choose-one-2,10,LENDING:464,Please choose one
SAME_SECTION_SAME_PAIR_DIFF_SCREEN_OR_CONTEXT,P0816,cp_01M3NX2046ENWVKXEV7M3TDY0S,registration-form/placeholder/main/text-choose-one-3,10,LENDING:475,Please choose one
SAME_SECTION_SAME_PAIR_DIFF_SCREEN_OR_CONTEXT,P0816,cp_01M3NX2047EZGATYG7W09CXGSK,registration-form/placeholder/main/text-choose-one-4,10,LENDING:498,Please choose one
SAME_SECTION_SAME_PAIR_DIFF_SCREEN_OR_CONTEXT,P0816,cp_01M3NX2047E23BD3KRJNQYT832,registration-form/placeholder/main/text-choose-one-5,10,LENDING:518,Please choose one
SAME_SECTION_SAME_PAIR_DIFF_SCREEN_OR_CONTEXT,P0816,cp_01M3NX2048EE8TSEXP9TJ3V2N3,registration-form/placeholder/main/text-choose-one-6,10,LENDING:531,Please choose one
SAME_SECTION_SAME_PAIR_DIFF_SCREEN_OR_CONTEXT,P0816,cp_01M3NX204AFJXVS25Z6XCN31WS,registration-form/placeholder/main/text-choose-one-7,10,LENDING:581,Please choose one
SAME_SECTION_SAME_PAIR_DIFF_SCREEN_OR_CONTEXT,P0816,cp_01M3NX204BFA09WXZHYZVJS38S,registration-form/placeholder/main/text-choose-one-8,10,LENDING:611,Please choose one
SAME_SECTION_SAME_PAIR_DIFF_SCREEN_OR_CONTEXT,P0817,cp_01M3NX204CF0PBY0EZ078XWBZ9,kyc-flow/shared/main/title,2,LENDING:662,Link to GoPay Plus
SAME_SECTION_SAME_PAIR_DIFF_SCREEN_OR_CONTEXT,P0817,cp_01M3NX204DET590RX82AFPJWVQ,kyc-flow/shared/main/cta-primary,2,LENDING:677,Link to GoPay Plus
SAME_SECTION_SAME_PAIR_DIFF_SCREEN_OR_CONTEXT,P0818,cp_01M3NX204GF8FVPD633WD7Z3X4,health-insurance-pre-ut/shared/onboarding-educational-alt-1/text,2,INSURANCE:6,GoPay Asuransi
SAME_SECTION_SAME_PAIR_DIFF_SCREEN_OR_CONTEXT,P0818,cp_01M3NX204REYCVCN4WHZDY8H79,health-insurance-pre-ut/ha-and-cancer/hero-copy/text,2,INSURANCE:239,GoPay Asuransi
SAME_SECTION_SAME_PAIR_DIFF_SCREEN_OR_CONTEXT,P0819,cp_01M3NX204HFVQ9NDGC61PM6RWM,health-insurance-pre-ut/shared/havent-bought-yet/text,3,INSURANCE:33,GoPay Insurance
SAME_SECTION_SAME_PAIR_DIFF_SCREEN_OR_CONTEXT,P0819,cp_01M3NX204NFAVRVTZKT652PTNV,health-insurance-pre-ut/shared/main/text-gopay-insurance-3,3,INSURANCE:146,GoPay Insurance
SAME_SECTION_SAME_PAIR_DIFF_SCREEN_OR_CONTEXT,P0819,cp_01M3NX204NEQ8SGNQYDBZW85ND,health-insurance-pre-ut/shared/already-bought-and-got-card/text,3,INSURANCE:161,GoPay Insurance
SAME_SECTION_SAME_PAIR_DIFF_SCREEN_OR_CONTEXT,P0820,cp_01M3NX204HEZX8YM5X9KNAHN59,health-insurance-pre-ut/shared/main/text-protected,3,INSURANCE:36,Not protected
SAME_SECTION_SAME_PAIR_DIFF_SCREEN_OR_CONTEXT,P0820,cp_01M3NX204QETKAM2HZC4WGY8F1,health-insurance-pre-ut/ha-and-cancer/status-insurance/text,3,INSURANCE:234,Not protected
SAME_SECTION_SAME_PAIR_DIFF_SCREEN_OR_CONTEXT,P0820,cp_01M3NX204VE1V8HX4D044GS0MC,health-insurance-pre-ut/ha-and-cancer/main/text-protected,3,INSURANCE:337,Not protected
SAME_SECTION_SAME_PAIR_DIFF_SCREEN_OR_CONTEXT,P0821,cp_01M3NX204HER9SDNG080KFAAFX,health-insurance-pre-ut/shared/main/text-select-protection,2,INSURANCE:38;INSURANCE:64,Select protection package
SAME_SECTION_SAME_PAIR_DIFF_SCREEN_OR_CONTEXT,P0821,cp_01M3NX204YFJN9YKZWYHR41BH6,health-insurance-pre-ut/ha-and-cancer/main/text-select-protection,2,INSURANCE:469,Select protection package
SAME_SECTION_SAME_PAIR_DIFF_SCREEN_OR_CONTEXT,P0822,cp_01M3NX204KESZBTM1S2GN3QN8Z,health-insurance-pre-ut/shared/validation/error-2,2,INSURANCE:101,No alphabetic chracters allowed
SAME_SECTION_SAME_PAIR_DIFF_SCREEN_OR_CONTEXT,P0822,cp_01M3NX2051FDQRR4EWX5VHAGP5,health-insurance-pre-ut/ha-and-cancer/validation/error-2,2,INSURANCE:564,No alphabetic chracters allowed
SAME_SECTION_SAME_PAIR_DIFF_SCREEN_OR_CONTEXT,P0823,cp_01M3NX204MFV08MR14FNKAZYJJ,health-insurance-pre-ut/shared/validation-failed/error,2,INSURANCE:114,Couldn’t submit the form
SAME_SECTION_SAME_PAIR_DIFF_SCREEN_OR_CONTEXT,P0823,cp_01M3NX2052EHMRT0BRH6DKF0NY,health-insurance-pre-ut/ha-and-cancer/validation-failed/error,2,INSURANCE:592,Couldn’t submit the form
SAME_SECTION_SAME_PAIR_DIFF_SCREEN_OR_CONTEXT,P0824,cp_01M3NX204MEPW8RYQ3PGRDFRKS,health-insurance-pre-ut/shared/main/text-got,10,INSURANCE:116,Got it
SAME_SECTION_SAME_PAIR_DIFF_SCREEN_OR_CONTEXT,P0824,cp_01M3NX204MEQC8D0ABMDWR5KZ5,health-insurance-pre-ut/shared/main/text-got-2,10,INSURANCE:121,Got it
SAME_SECTION_SAME_PAIR_DIFF_SCREEN_OR_CONTEXT,P0824,cp_01M3NX204MF18SGZND7XH2FVDZ,health-insurance-pre-ut/shared/main/text-got-3,10,INSURANCE:126,Got it
SAME_SECTION_SAME_PAIR_DIFF_SCREEN_OR_CONTEXT,P0824,cp_01M3NX204QFPW8G94A54BXD2GG,health-insurance-pre-ut/shared/main/text-got-4,10,INSURANCE:206,Got it
SAME_SECTION_SAME_PAIR_DIFF_SCREEN_OR_CONTEXT,P0824,cp_01M3NX2050F92VC33SGSE7WK77,health-insurance-pre-ut/ha-and-cancer/main/text-got,10,INSURANCE:508,Got it
SAME_SECTION_SAME_PAIR_DIFF_SCREEN_OR_CONTEXT,P0824,cp_01M3NX2052F7R8X3J8XBRAZ2DG,health-insurance-pre-ut/ha-and-cancer/main/text-got-2,10,INSURANCE:594,Got it
SAME_SECTION_SAME_PAIR_DIFF_SCREEN_OR_CONTEXT,P0824,cp_01M3NX2052EAZ87J3148CY7XNV,health-insurance-pre-ut/ha-and-cancer/main/text-got-3,10,INSURANCE:599,Got it
SAME_SECTION_SAME_PAIR_DIFF_SCREEN_OR_CONTEXT,P0824,cp_01M3NX2053FSHTS6CB1X9JC6XM,health-insurance-pre-ut/ha-and-cancer/main/text-got-4,10,INSURANCE:609,Got it
SAME_SECTION_SAME_PAIR_DIFF_SCREEN_OR_CONTEXT,P0824,cp_01M3NX2053F6JSHGTG1V0YW178,health-insurance-pre-ut/ha-and-cancer/main/text-got-5,10,INSURANCE:613,Got it
SAME_SECTION_SAME_PAIR_DIFF_SCREEN_OR_CONTEXT,P0824,cp_01M3NX2053FNX9TS6XPNGZ8E75,health-insurance-pre-ut/ha-and-cancer/main/text-got-6,10,INSURANCE:618,Got it
SAME_SECTION_SAME_PAIR_DIFF_SCREEN_OR_CONTEXT,P0825,cp_01M3NX204MEMYA6P2BMYT4VMM0,health-insurance-pre-ut/shared/nik-registered/text,2,INSURANCE:118,You already registered
SAME_SECTION_SAME_PAIR_DIFF_SCREEN_OR_CONTEXT,P0825,cp_01M3NX2052EJD91WZWRZ9KNKDA,health-insurance-pre-ut/ha-and-cancer/nik-registered/text,2,INSURANCE:596,You already registered
SAME_SECTION_SAME_PAIR_DIFF_SCREEN_OR_CONTEXT,P0826,cp_01M3NX204ME5ETCK6E18TWJ89P,health-insurance-pre-ut/shared/main/text-only-get-one-policy,2,INSURANCE:119,You can only get one policy per ID number. Please enter other ID number.
SAME_SECTION_SAME_PAIR_DIFF_SCREEN_OR_CONTEXT,P0826,cp_01M3NX2052EJDSSJ0YEMDX8RQ0,health-insurance-pre-ut/ha-and-cancer/main/text-only-get-one-policy,2,INSURANCE:597,You can only get one policy per ID number. Please enter other ID number.
SAME_SECTION_SAME_PAIR_DIFF_SCREEN_OR_CONTEXT,P0827,cp_01M3NX204ME9XAH9CJBMTX5W11,health-insurance-pre-ut/shared/main/text-help,4,INSURANCE:120,Help
SAME_SECTION_SAME_PAIR_DIFF_SCREEN_OR_CONTEXT,P0827,cp_01M3NX204MERGVQMTNXJGR2BHX,health-insurance-pre-ut/shared/main/text-help-2,4,INSURANCE:125,Help
SAME_SECTION_SAME_PAIR_DIFF_SCREEN_OR_CONTEXT,P0827,cp_01M3NX2052F1WAW7THNB4056PB,health-insurance-pre-ut/ha-and-cancer/main/text-help,4,INSURANCE:598,Help
SAME_SECTION_SAME_PAIR_DIFF_SCREEN_OR_CONTEXT,P0827,cp_01M3NX2053EMVT62DYMXH2374R,health-insurance-pre-ut/ha-and-cancer/main/text-help-2,4,INSURANCE:608,Help
SAME_SECTION_SAME_PAIR_DIFF_SCREEN_OR_CONTEXT,P0828,cp_01M3NX204MFT1VEVGJXYR7ZYE9,health-insurance-pre-ut/shared/guideline/text,3,INSURANCE:123,Couldn’t register to insurance
SAME_SECTION_SAME_PAIR_DIFF_SCREEN_OR_CONTEXT,P0828,cp_01M3NX2053FQ6VNJG7YBKZ6P17,health-insurance-pre-ut/ha-and-cancer/edge-case/text-couldn-t-register,3,INSURANCE:601,Couldn’t register to insurance
SAME_SECTION_SAME_PAIR_DIFF_SCREEN_OR_CONTEXT,P0828,cp_01M3NX2053E6YBX3F0DWEJG75M,health-insurance-pre-ut/ha-and-cancer/guideline/text,3,INSURANCE:606,Couldn’t register to insurance
SAME_SECTION_SAME_PAIR_DIFF_SCREEN_OR_CONTEXT,P0829,cp_01M3NX204MEAC9HFZ76SBZPMBG,health-insurance-pre-ut/shared/main/text-insured-party,2,INSURANCE:130,Insured party
SAME_SECTION_SAME_PAIR_DIFF_SCREEN_OR_CONTEXT,P0829,cp_01M3NX2053F7ASKJJ48QVXFWPR,health-insurance-pre-ut/ha-and-cancer/main/text-insured-party,2,INSURANCE:622,Insured party
SAME_SECTION_SAME_PAIR_DIFF_SCREEN_OR_CONTEXT,P0830,cp_01M3NX204NFSVBY8TQ91RA1DBW,health-insurance-pre-ut/shared/main/text-protection-package,2,INSURANCE:142,Protection package
SAME_SECTION_SAME_PAIR_DIFF_SCREEN_OR_CONTEXT,P0830,cp_01M3NX2054FGMAD0FKS0WAD3PF,health-insurance-pre-ut/ha-and-cancer/main/text-protection-package,2,INSURANCE:631,Protection package
SAME_SECTION_SAME_PAIR_DIFF_SCREEN_OR_CONTEXT,P0831,cp_01M3NX204NE46SS51YR6VE3HZV,health-insurance-pre-ut/shared/main/text-i-read-agree-terms,2,INSURANCE:143,I have read and agree to the Terms and Conditions and Privacy Policy.
SAME_SECTION_SAME_PAIR_DIFF_SCREEN_OR_CONTEXT,P0831,cp_01M3NX2054FBVRHN1KK5WB5FFG,health-insurance-pre-ut/ha-and-cancer/main/text-i-read-agree-terms,2,INSURANCE:632,I have read and agree to the Terms and Conditions and Privacy Policy.
SAME_SECTION_SAME_PAIR_DIFF_SCREEN_OR_CONTEXT,P0832,cp_01M3NX204NE7FTCXP1R3AJG7JX,health-insurance-pre-ut/shared/main/text-essential-protection,3,INSURANCE:164,Essential protection
SAME_SECTION_SAME_PAIR_DIFF_SCREEN_OR_CONTEXT,P0832,cp_01M3NX204QFNWSHC2Q707FGXKK,health-insurance-pre-ut/ha-and-cancer/main/text-essential-protection,3,INSURANCE:236,Essential protection
SAME_SECTION_SAME_PAIR_DIFF_SCREEN_OR_CONTEXT,P0832,cp_01M3NX204VFZ6856HVHW5ST62F,health-insurance-pre-ut/ha-and-cancer/main/text-essential-protection-2,3,INSURANCE:339,Essential protection
SAME_SECTION_SAME_PAIR_DIFF_SCREEN_OR_CONTEXT,P0833,cp_01M3NX204PFHJ9ST8GEVNFKX1X,health-insurance-pre-ut/shared/main/text-policy-holder,3,INSURANCE:190,Policy holder
SAME_SECTION_SAME_PAIR_DIFF_SCREEN_OR_CONTEXT,P0833,cp_01M3NX2055E2JVAJKSY1CTCBAE,health-insurance-pre-ut/ha-and-cancer/main/text-policy-holder,3,INSURANCE:657,Policy holder
SAME_SECTION_SAME_PAIR_DIFF_SCREEN_OR_CONTEXT,P0833,cp_01M3NX2055EYTTK8V6KQCGFMZA,health-insurance-pre-ut/ha-and-cancer/main/text-policy-holder-2,3,INSURANCE:666,Policy holder
SAME_SECTION_SAME_PAIR_DIFF_SCREEN_OR_CONTEXT,P0834,cp_01M3NX204PFF0TNTCHF4RWYNPB,health-insurance-pre-ut/shared/first-purchase/text,2,INSURANCE:191,Insurance period
SAME_SECTION_SAME_PAIR_DIFF_SCREEN_OR_CONTEXT,P0834,cp_01M3NX2055E93A855T4KW71G76,health-insurance-pre-ut/ha-and-cancer/main/text-insurance-period,2,INSURANCE:658,Insurance period
SAME_SECTION_SAME_PAIR_DIFF_SCREEN_OR_CONTEXT,P0835,cp_01M3NX204PFXYV89CHP61TKNFA,health-insurance-pre-ut/shared/main/text-1-year,2,INSURANCE:192,1 year
SAME_SECTION_SAME_PAIR_DIFF_SCREEN_OR_CONTEXT,P0835,cp_01M3NX2055E88SJBB8Q4X0WP14,health-insurance-pre-ut/ha-and-cancer/main/text-1-year,2,INSURANCE:659,1 year
SAME_SECTION_SAME_PAIR_DIFF_SCREEN_OR_CONTEXT,P0836,cp_01M3NX204PEB0V9GKDF9C3GX10,health-insurance-pre-ut/shared/main/text-payment-frequency,2,INSURANCE:193,Payment frequency
SAME_SECTION_SAME_PAIR_DIFF_SCREEN_OR_CONTEXT,P0836,cp_01M3NX2055ERXR65K52E25DYEY,health-insurance-pre-ut/ha-and-cancer/main/text-payment-frequency,2,INSURANCE:660,Payment frequency
SAME_SECTION_SAME_PAIR_DIFF_SCREEN_OR_CONTEXT,P0837,cp_01M3NX204QFDJAJMBPD8GGDPC2,health-insurance-pre-ut/shared/main/text-total-insured,3,INSURANCE:197,Total insured
SAME_SECTION_SAME_PAIR_DIFF_SCREEN_OR_CONTEXT,P0837,cp_01M3NX2055FK8889GZV3W0DBJT,health-insurance-pre-ut/ha-and-cancer/main/text-total-insured,3,INSURANCE:663,Total insured
SAME_SECTION_SAME_PAIR_DIFF_SCREEN_OR_CONTEXT,P0837,cp_01M3NX2055FN1S7DCQJZFTQNTN,health-insurance-pre-ut/ha-and-cancer/main/text-total-insured-2,3,INSURANCE:669,Total insured
SAME_SECTION_SAME_PAIR_DIFF_SCREEN_OR_CONTEXT,P0838,cp_01M3NX204QFMFBMQS0DF3G6GBC,health-insurance-pre-ut/shared/main/text-once-any-pay-here,2,INSURANCE:205,"Once you have any, you can pay it from here"
SAME_SECTION_SAME_PAIR_DIFF_SCREEN_OR_CONTEXT,P0838,cp_01M3NX2057EY9BZPNWA5BZVJTX,health-insurance-pre-ut/edge-case/main/text,2,INSURANCE:726,"Once you have any, you can pay it from here"
SAME_SECTION_SAME_PAIR_DIFF_SCREEN_OR_CONTEXT,P0839,cp_01M3NX204QFV0RAJTPBF9SHCPQ,health-insurance-pre-ut/shared/entry-point-on-money/text,2,INSURANCE:223,Check your policy here
SAME_SECTION_SAME_PAIR_DIFF_SCREEN_OR_CONTEXT,P0839,cp_01M3NX204QEAJ86VD22EPTSFJ1,health-insurance-pre-ut/ha-and-cancer/entry-point-on-money/text,2,INSURANCE:232,Check your policy here
SAME_SECTION_SAME_PAIR_DIFF_SCREEN_OR_CONTEXT,P0840,cp_01M3NX2055F6QTE4A6YK7SSBYF,health-insurance-pre-ut/ha-and-cancer/main/text-insurance-plan,2,INSURANCE:656,Insurance plan
SAME_SECTION_SAME_PAIR_DIFF_SCREEN_OR_CONTEXT,P0840,cp_01M3NX2055E9WSHPB5VZDJEPQJ,health-insurance-pre-ut/ha-and-cancer/monthly-payment/text,2,INSURANCE:665,Insurance plan
SAME_SECTION_SAME_PAIR_DIFF_SCREEN_OR_CONTEXT,P0841,cp_01M3NX2056EXZSQYV28KSJ9YXY,health-insurance-pre-ut/pn/d-3-insurance-lapse/text,2,INSURANCE:705,Your insurance will lapse soon
SAME_SECTION_SAME_PAIR_DIFF_SCREEN_OR_CONTEXT,P0841,cp_01M3NX2057F8985MKAB6G9M5GM,health-insurance-pre-ut/pn/d-2-insurance-lapse/text,2,INSURANCE:708,Your insurance will lapse soon
SAME_SECTION_SAME_PAIR_DIFF_SCREEN_OR_CONTEXT,P0842,cp_01M3NX2058FY5TT6T7KWSGE1PM,health-insurance-m2/shared/entrypoint-in-card/text,2,INSURANCE:752,Manage insurance
SAME_SECTION_SAME_PAIR_DIFF_SCREEN_OR_CONTEXT,P0842,cp_01M3NX2058FR8TQD7BEFQQ4C0N,health-insurance-m2/shared/main/title,2,INSURANCE:756,Manage insurance
SAME_SECTION_SAME_PAIR_DIFF_SCREEN_OR_CONTEXT,P0843,cp_01M3NX205AF209ZWHHBA58JNQ3,health-insurance-m2/shared/main/placeholder,2,INSURANCE:801,Tell us your reason here
SAME_SECTION_SAME_PAIR_DIFF_SCREEN_OR_CONTEXT,P0843,cp_01M3NX205AFWP97AKAJKZWP2HE,health-insurance-m2/shared/main/text-tell-us-reason-here,2,INSURANCE:807,Tell us your reason here
SAME_SECTION_SAME_PAIR_DIFF_SCREEN_OR_CONTEXT,P0844,cp_01M3NX205BE9ETKSCDGVGCDRBG,health-insurance-m2/shared/push-notif-got-refund/text,2,INSURANCE:835,Insurance successfully canceled
SAME_SECTION_SAME_PAIR_DIFF_SCREEN_OR_CONTEXT,P0844,cp_01M3NX205BETY9FTYGD7Y6ZWKK,health-insurance-m2/shared/push-notif-not-refund/text,2,INSURANCE:838,Insurance successfully canceled
SAME_SECTION_SAME_PAIR_DIFF_SCREEN_OR_CONTEXT,P0845,cp_01M3NX205CFKJ8VRRAH7Q5QXB1,health-insurance-m2/shared/push-notif-cancel-failed/text,2,INSURANCE:851,Insurance cancellation failed
SAME_SECTION_SAME_PAIR_DIFF_SCREEN_OR_CONTEXT,P0845,cp_01M3NX205CFHNS6252AMMJT3G9,health-insurance-m2/shared/main/text-insurance,2,INSURANCE:857,Insurance cancellation failed
SAME_SECTION_SAME_PAIR_DIFF_SCREEN_OR_CONTEXT,P0846,cp_01M3NX205CE7TVQ2N1Z8TE127X,health-insurance-m2/shared/main/text-ok,2,INSURANCE:871,Ok
SAME_SECTION_SAME_PAIR_DIFF_SCREEN_OR_CONTEXT,P0846,cp_01M3NX205FFAKAWPW7JMA3YP7C,health-insurance-m2/promo/main/text-ok,2,INSURANCE:949,Ok
SAME_SECTION_SAME_PAIR_DIFF_SCREEN_OR_CONTEXT,P0847,cp_01M3NX205EFVJBGKSNJ8ZKF79K,health-insurance-m2/promo/8-aug-banner/banner,2,INSURANCE:912,Apply for insurance only needs 2 minutes
SAME_SECTION_SAME_PAIR_DIFF_SCREEN_OR_CONTEXT,P0847,cp_01M3NX205EFF5RD9V7ZXD3VXYP,health-insurance-m2/promo/26-aug-banner/banner,2,INSURANCE:930,Apply for insurance only needs 2 minutes
SAME_SECTION_SAME_PAIR_DIFF_SCREEN_OR_CONTEXT,P0848,cp_01M3NX205FEMJ8E259WRV6AMA7,health-insurance-m2/promo/card/text,2,INSURANCE:941,Get it now before it runs out🏃🏻♀️
SAME_SECTION_SAME_PAIR_DIFF_SCREEN_OR_CONTEXT,P0848,cp_01M3NX205GETJ97TRP6ZW2NQEP,health-insurance-m2/promo/sdui-card-home/text,2,INSURANCE:984,Get it now before it runs out🏃🏻♀️
SAME_SECTION_SAME_PAIR_DIFF_SCREEN_OR_CONTEXT,P0849,cp_01M3NX205NF2TS571Y00RG1RTX,promo-usecase/promo-banner-on-homepage/main/text,4,INSURANCE:1105,20% discount for you
SAME_SECTION_SAME_PAIR_DIFF_SCREEN_OR_CONTEXT,P0849,cp_01M3NX205NEY6T3SS3DEJDVDQV,promo-usecase/promo-banner-on-homepage/main/text-20-discount,4,INSURANCE:1113,20% discount for you
SAME_SECTION_SAME_PAIR_DIFF_SCREEN_OR_CONTEXT,P0849,cp_01M3NX205NEFQBG8KVS4J492QP,promo-usecase/promo-banner-on-homepage/main/text-20-discount-2,4,INSURANCE:1116,20% discount for you
SAME_SECTION_SAME_PAIR_DIFF_SCREEN_OR_CONTEXT,P0849,cp_01M3NX205PFSRTNYV6ZYYK5YND,promo-usecase/promo-banner-on-fill-out-form/main/text,4,INSURANCE:1130,20% discount for you
SAME_SECTION_SAME_PAIR_DIFF_SCREEN_OR_CONTEXT,P0850,cp_01M3NX205PFD1T67SEVGX9R1F9,homepage/shared/main/text-low-price-complete,2,INSURANCE:1150,Low price complete coverage.
SAME_SECTION_SAME_PAIR_DIFF_SCREEN_OR_CONTEXT,P0850,cp_01M3NX205QFWRTMJN5FBNF0XPK,homepage/shared/alt/text-low-price-complete,2,INSURANCE:1172,Low price complete coverage.
SAME_SECTION_SAME_PAIR_DIFF_SCREEN_OR_CONTEXT,P0851,cp_01M3NX205QE5ABT683BMMQ2PG7,homepage/shared/if-theres-discount/text,2,INSURANCE:1189,Yuk bayar asuransi jantungmu
SAME_SECTION_SAME_PAIR_DIFF_SCREEN_OR_CONTEXT,P0851,cp_01M3NX205RE0CS8G5AWGDAKYFS,homepage/shared/main/text-yuk-bayar-asuransi-2,2,INSURANCE:1194,Yuk bayar asuransi jantungmu
SAME_SECTION_SAME_PAIR_DIFF_SCREEN_OR_CONTEXT,P0852,cp_01M3NX205RF5QVXSF6GYPEN8CB,homepage/shared/if-no-discount/text,2,INSURANCE:1190,Yuk bayar asuransi kankermu
SAME_SECTION_SAME_PAIR_DIFF_SCREEN_OR_CONTEXT,P0852,cp_01M3NX205RE46T61R51ZX54QHZ,homepage/shared/main/text-yuk-bayar-asuransi-3,2,INSURANCE:1195,Yuk bayar asuransi kankermu
SAME_SECTION_SAME_PAIR_DIFF_SCREEN_OR_CONTEXT,P0853,cp_01M3NX205SFDV9AXDSQ94NHVVG,homepage-for-cancer-heart-attack/shared/why-necessary-heart-attack/text,2,INSURANCE:1244,Why this insurance is necessary
SAME_SECTION_SAME_PAIR_DIFF_SCREEN_OR_CONTEXT,P0853,cp_01M3NX205TEG2SD7ZDFXE945Z2,homepage-for-cancer-heart-attack/shared/why-necessary-cancer/text,2,INSURANCE:1252,Why this insurance is necessary
SAME_SECTION_SAME_PAIR_DIFF_SCREEN_OR_CONTEXT,P0854,cp_01M3NX205WFX4R5JC946VKFKYY,homepage-for-cancer-heart-attack/cross-sell/bottom-card/title,2,INSURANCE:1317,Sign up in just 30 seconds!
SAME_SECTION_SAME_PAIR_DIFF_SCREEN_OR_CONTEXT,P0854,cp_01M3NX205WE2BAEYCPYWWK63BF,homepage-for-cancer-heart-attack/cross-sell/bottom-card/title-2,2,INSURANCE:1332,Sign up in just 30 seconds!
SAME_SECTION_SAME_PAIR_DIFF_SCREEN_OR_CONTEXT,P0855,cp_01M3NX205XFZ8B123JZ9YQYD8H,autodebit-insurance/shared/banner-to-activate-autodebit/banner,2,INSURANCE:1343,💡 Set autopay to avoid unexpected expenses.
SAME_SECTION_SAME_PAIR_DIFF_SCREEN_OR_CONTEXT,P0855,cp_01M3NX205XFTAAP3H1J424PM7E,autodebit-insurance/landing-autopay/post-purchase-banner/banner,2,INSURANCE:1370,💡 Set autopay to avoid unexpected expenses.
SAME_SECTION_SAME_PAIR_DIFF_SCREEN_OR_CONTEXT,P0856,cp_01M3NX205XEQ5SSAB6QYC6NHZM,autodebit-insurance/shared/on-insurance-card-in-homepage/cta,2,INSURANCE:1345,Set auto debit
SAME_SECTION_SAME_PAIR_DIFF_SCREEN_OR_CONTEXT,P0856,cp_01M3NX205XEGWVZYPQFM31FMZZ,autodebit-insurance/landing-autopay/main/text-set-auto-debit,2,INSURANCE:1360,Set auto debit
SAME_SECTION_SAME_PAIR_DIFF_SCREEN_OR_CONTEXT,P0857,cp_01M3NX206JF4D96QDEMRR2R148,income-protection/shared/package-1/text-reguler,2,INSURANCE:1933,Reguler
SAME_SECTION_SAME_PAIR_DIFF_SCREEN_OR_CONTEXT,P0857,cp_01M3NX206JFX5AXD11B9EN9NGV,income-protection/shared/tab/tab-2,2,INSURANCE:1949,Reguler
SAME_SECTION_SAME_PAIR_DIFF_SCREEN_OR_CONTEXT,P0858,cp_01M3NX206QFHGVB3TN6RTY2XRB,priority-transfer/shared/112/text,2,INSURANCE:2076,Can’t continue this transaction
SAME_SECTION_SAME_PAIR_DIFF_SCREEN_OR_CONTEXT,P0858,cp_01M3NX206QFWC8BPEGH7MGB3D8,priority-transfer/shared/825/text,2,INSURANCE:2080,Can’t continue this transaction
SAME_SECTION_SAME_PAIR_DIFF_SCREEN_OR_CONTEXT,P0859,cp_01M3NX206VE9FBATCP2AF3XF5H,crack-insurance-non-contextual/landing-cracked/main/text-how-insurance-cover,2,INSURANCE:2170,How this insurance will cover you
SAME_SECTION_SAME_PAIR_DIFF_SCREEN_OR_CONTEXT,P0859,cp_01M3NX2070F40BD5Y4RGYE70DZ,crack-insurance-non-contextual/post-purchase-cracked/main/text,2,INSURANCE:2319,How this insurance will cover you
SAME_SECTION_SAME_PAIR_DIFF_SCREEN_OR_CONTEXT,P0860,cp_01M3NX206VEWYR3QE9F3GGJRG5,crack-insurance-non-contextual/how-this-product-works-section/main/text-insurance-cover,2,INSURANCE:2173,"This insurance will cover the costs of screen repair up to your plan's annual limit, after you have "
SAME_SECTION_SAME_PAIR_DIFF_SCREEN_OR_CONTEXT,P0860,cp_01M3NX2070F01TR02A6P94D5V7,crack-insurance-non-contextual/post-purchase-cracked/main/text-insurance-cover,2,INSURANCE:2322,"This insurance will cover the costs of screen repair up to your plan's annual limit, after you have "
SAME_SECTION_SAME_PAIR_DIFF_SCREEN_OR_CONTEXT,P0861,cp_01M3NX206VEJV8EFW2WJVWSQPJ,crack-insurance-non-contextual/how-this-product-works-section/main/text-go-polis-prodiginow,2,INSURANCE:2184;INSURANCE:2334,"Go to polis.prodiginow.com, then register or log in using the phone number linked to your GoPay acco"
SAME_SECTION_SAME_PAIR_DIFF_SCREEN_OR_CONTEXT,P0861,cp_01M3NX206WER5R0H95Z81G5441,crack-insurance-non-contextual/faq-cracked/main/text-go-polis-prodiginow,2,INSURANCE:2212,"Go to polis.prodiginow.com, then register or log in using the phone number linked to your GoPay acco"
SAME_SECTION_SAME_PAIR_DIFF_SCREEN_OR_CONTEXT,P0862,cp_01M3NX206ZED8SN7K6K0NQN42R,crack-insurance-non-contextual/declaration/main/text-phone-brand,2,INSURANCE:2277,Phone brand
SAME_SECTION_SAME_PAIR_DIFF_SCREEN_OR_CONTEXT,P0862,cp_01M3NX2070EZ4AQH13RFBBGJ8S,screencrack/registration/form-field-phonebrand/title,2,INSURANCE:2349,Phone brand
SAME_SECTION_SAME_PAIR_DIFF_SCREEN_OR_CONTEXT,P0863,cp_01M3NX206ZEJHTM8QVSZHH1AHM,crack-insurance-non-contextual/declaration/main/text-phone-model,2,INSURANCE:2278,Phone model
SAME_SECTION_SAME_PAIR_DIFF_SCREEN_OR_CONTEXT,P0863,cp_01M3NX2070F5YABED96ZXJE430,screencrack/registration/form-field-phonemodel/title,2,INSURANCE:2353,Phone model
SAME_SECTION_SAME_PAIR_DIFF_SCREEN_OR_CONTEXT,P0864,cp_01M3NX2070F09TZKN99GH8VGA6,screencrack/registration/form-field-phonebrand/placeholder,2,INSURANCE:2350,Select brand
SAME_SECTION_SAME_PAIR_DIFF_SCREEN_OR_CONTEXT,P0864,cp_01M3NX2070FJSB56625AQ3FD4D,screencrack/registration/tray-selectbrand/title,2,INSURANCE:2364,Select brand
SAME_SECTION_SAME_PAIR_DIFF_SCREEN_OR_CONTEXT,P0865,cp_01M3NX2070FHJSTEG4EZ8KFD6Y,screencrack/registration/form-entrypoint-howtocheckimei/text,2,INSURANCE:2362,How to check your IMEI number
SAME_SECTION_SAME_PAIR_DIFF_SCREEN_OR_CONTEXT,P0865,cp_01M3NX2070FE9VNA3RFB1AT80R,screencrack/registration/tray-howtocheckimei/title,2,INSURANCE:2366,How to check your IMEI number
SAME_SECTION_SAME_PAIR_DIFF_SCREEN_OR_CONTEXT,P0866,cp_01M3NX2071F9EACDNH62EPFRMR,crack-insurance-contextual/no-insurance-subscription/main/text,2,INSURANCE:2411,Get coverage for up to Rp500.000
SAME_SECTION_SAME_PAIR_DIFF_SCREEN_OR_CONTEXT,P0866,cp_01M3NX2072FJXSY45KBW5XAQJB,crack-insurance-contextual/has-1-insurance-subscription/main/text-get-coverage-up,2,INSURANCE:2430,Get coverage for up to Rp500.000
SAME_SECTION_SAME_PAIR_DIFF_SCREEN_OR_CONTEXT,P0867,cp_01M3NX207GEVXBP1N0G3NY76HF,child-insurance-full-release/insurance-detail/main/text-limit-unlimited,2,INSURANCE:2830,Limit: Unlimited
SAME_SECTION_SAME_PAIR_DIFF_SCREEN_OR_CONTEXT,P0867,cp_01M3NX207GFTXVHBZESP8Y7G41,child-insurance-full-release/coverage/main/text,2,INSURANCE:2846,Limit: Unlimited
SAME_SECTION_SAME_PAIR_DIFF_SCREEN_OR_CONTEXT,P0868,cp_01M3NX207GE27BCX9DFTRF8A5P,child-insurance-full-release/insurance-detail/main/text-limit-available,3,INSURANCE:2834,Limit: Not available
SAME_SECTION_SAME_PAIR_DIFF_SCREEN_OR_CONTEXT,P0868,cp_01M3NX207HFE3VM33C00DEXJHS,child-insurance-full-release/coverage/main/text-limit-available,3,INSURANCE:2866,Limit: Not available
SAME_SECTION_SAME_PAIR_DIFF_SCREEN_OR_CONTEXT,P0868,cp_01M3NX207PEC9TKTK4MZGR1XP4,child-insurance-full-release/outpatient-detail-essential/main/text-limit-available,3,INSURANCE:2974,Limit: Not available
SAME_SECTION_SAME_PAIR_DIFF_SCREEN_OR_CONTEXT,P0869,cp_01M3NX207KF599DTNQ6RFQ8D1N,child-insurance-full-release/parent-guardian-input-their-own/main/text-got,3,INSURANCE:2914,Got it
SAME_SECTION_SAME_PAIR_DIFF_SCREEN_OR_CONTEXT,P0869,cp_01M3NX207KE1CTMG0RN1AT08J5,child-insurance-full-release/child-already-registered-in-a/main/text-got,3,INSURANCE:2918,Got it
SAME_SECTION_SAME_PAIR_DIFF_SCREEN_OR_CONTEXT,P0869,cp_01M3NX207ME7C8VQ80K36DNA4Q,child-insurance-full-release/children-age-must-be-between-30/main/text-got,3,INSURANCE:2922,Got it
SAME_SECTION_SAME_PAIR_DIFF_SCREEN_OR_CONTEXT,P0870,cp_01M3NX207PFJGBYPBSFZXHGQGH,registration-form-child-health/registration-form-parent-data/message/description-2,2,INSURANCE:2988,Must contain 2-60 characters
SAME_SECTION_SAME_PAIR_DIFF_SCREEN_OR_CONTEXT,P0870,cp_01M3NX207REJ78HWDHBNFXKAWR,child/health/registration-form-child-field/description-2,2,INSURANCE:3014,Must contain 2-60 characters
SAME_SECTION_SAME_PAIR_DIFF_SCREEN_OR_CONTEXT,P0871,cp_01M3NX207QEC2B90B15TY2RYW4,registration-form-child-health/registration-form-parent-data/message/description-4,2,INSURANCE:2994,No alphabetic characters allowed
SAME_SECTION_SAME_PAIR_DIFF_SCREEN_OR_CONTEXT,P0871,cp_01M3NX207REPNSEHAFTHR2EBYR,child/health/registration-form-child-field/description-4,2,INSURANCE:3020,No alphabetic characters allowed
SAME_SECTION_SAME_PAIR_DIFF_SCREEN_OR_CONTEXT,P0872,cp_01M3NX207QE94AGM7MTN5EHBE3,registration-form-child-health/registration-form-parent-data/message/description-5,2,INSURANCE:2995,NIK must have 16 numbers
SAME_SECTION_SAME_PAIR_DIFF_SCREEN_OR_CONTEXT,P0872,cp_01M3NX207RFKM929E005ER9V6K,child/health/registration-form-child-field/description-5,2,INSURANCE:3021,NIK must have 16 numbers
SAME_SECTION_SAME_PAIR_DIFF_SCREEN_OR_CONTEXT,P0873,cp_01M3NX2085FTWB34JKJFCGE328,how-long-is-the-coverage-period/duplicate-nik-under-same-family/main/text-got,3,INSURANCE:3340,Got it
SAME_SECTION_SAME_PAIR_DIFF_SCREEN_OR_CONTEXT,P0873,cp_01M3NX2086FCZT7QXC10QWMGC9,how-long-is-the-coverage-period/a-member-is-already-included-in/main/text-got,3,INSURANCE:3344,Got it
SAME_SECTION_SAME_PAIR_DIFF_SCREEN_OR_CONTEXT,P0873,cp_01M3NX2086EF2VCPQDK844SND6,how-long-is-the-coverage-period/children-age-must-be-between-30/main/text-got,3,INSURANCE:3348,Got it
SAME_SECTION_SAME_PAIR_DIFF_SCREEN_OR_CONTEXT,P0874,cp_01M3NX2086EAE98KYW56J9ADVB,crack-insurance-contextual-gojek/free-trial/main/text,2,INSURANCE:3354,Get coverage for up to Rp500.000
SAME_SECTION_SAME_PAIR_DIFF_SCREEN_OR_CONTEXT,P0874,cp_01M3NX2086E8VVHP7SYC6ZW2JG,crack-insurance-contextual-gojek/insurance-widget/main/text,2,INSURANCE:3366,Get coverage for up to Rp500.000
SAME_SECTION_SAME_PAIR_DIFF_SCREEN_OR_CONTEXT,P0875,cp_01M3NX2088EZNA645F99856AF4,cyber-security-insurance/faq/main/text-what-does-insurance,2,INSURANCE:3413,What does this insurance policy cover?
SAME_SECTION_SAME_PAIR_DIFF_SCREEN_OR_CONTEXT,P0875,cp_01M3NX208GF0FV6NZ3ED8WG987,cyber-security-insurance/faq-section/main/text-what-does-insurance,2,INSURANCE:3550,What does this insurance policy cover?
SAME_SECTION_SAME_PAIR_DIFF_SCREEN_OR_CONTEXT,P0876,cp_01M3NX2088F7GTC4NY1M4ZA1TE,cyber-security-insurance/faq/main/text-insurance-protects,2,INSURANCE:3414,"This insurance protects you from financial losses related to cyber fraud or digital crimes, includin"
SAME_SECTION_SAME_PAIR_DIFF_SCREEN_OR_CONTEXT,P0876,cp_01M3NX208GFTQ9CT9ZCPC388D0,cyber-security-insurance/faq-section/main/text-insurance-protects,2,INSURANCE:3551,"This insurance protects you from financial losses related to cyber fraud or digital crimes, includin"
SAME_SECTION_SAME_PAIR_DIFF_SCREEN_OR_CONTEXT,P0877,cp_01M3NX2089EXMSXPVH7CHXQ5HD,cyber-security-insurance/faq/main/text-who-eligible-buy,2,INSURANCE:3415,Who is eligible to buy this insurance policy?
SAME_SECTION_SAME_PAIR_DIFF_SCREEN_OR_CONTEXT,P0877,cp_01M3NX208GEWN8N8PH88S2ZPHA,cyber-security-insurance/faq-section/main/text-who-eligible-buy,2,INSURANCE:3552,Who is eligible to buy this insurance policy?
SAME_SECTION_SAME_PAIR_DIFF_SCREEN_OR_CONTEXT,P0878,cp_01M3NX2089EXJAC4107SY3043J,cyber-security-insurance/faq/main/text-how-long-validity,2,INSURANCE:3417,How long is the validity of this insurance policy?
SAME_SECTION_SAME_PAIR_DIFF_SCREEN_OR_CONTEXT,P0878,cp_01M3NX208GFW2S2K2C9V9K20MP,cyber-security-insurance/faq-section/main/text-how-long-validity,2,INSURANCE:3554,How long is the validity of this insurance policy?
SAME_SECTION_SAME_PAIR_DIFF_SCREEN_OR_CONTEXT,P0879,cp_01M3NX2089FQ6R15AHGY7SGRZ3,cyber-security-insurance/faq/main/text-policy-valid-1-year,2,INSURANCE:3418,The policy is valid for 1 year with monthly premium payments
SAME_SECTION_SAME_PAIR_DIFF_SCREEN_OR_CONTEXT,P0879,cp_01M3NX208GEPW9RMD2P6P6KQSP,cyber-security-insurance/faq-section/main/text-policy-valid-1-year,2,INSURANCE:3555,The policy is valid for 1 year with monthly premium payments
SAME_SECTION_SAME_PAIR_DIFF_SCREEN_OR_CONTEXT,P0880,cp_01M3NX208AEVGBY5780YYAEVTF,cyber-security-insurance/plan-details/main/text-unauthorized-fund,2,INSURANCE:3454,Unauthorized fund transfer
SAME_SECTION_SAME_PAIR_DIFF_SCREEN_OR_CONTEXT,P0880,cp_01M3NX208KE13AF7XT4KBGV4SD,cyber-security-insurance/insurance-coverage/main/text-unauthorized-fund,2,INSURANCE:3587,Unauthorized fund transfer
SAME_SECTION_SAME_PAIR_DIFF_SCREEN_OR_CONTEXT,P0881,cp_01M3NX208AETAAV7HSPKV770MS,cyber-security-insurance/plan-details/main/text-online-retail-fraud,2,INSURANCE:3455,Online retail fraud
SAME_SECTION_SAME_PAIR_DIFF_SCREEN_OR_CONTEXT,P0881,cp_01M3NX208KF6M9713709AMSHNY,cyber-security-insurance/insurance-coverage/main/text-online-retail-fraud,2,INSURANCE:3588,Online retail fraud
SAME_SECTION_SAME_PAIR_DIFF_SCREEN_OR_CONTEXT,P0882,cp_01M3NX208AFQTAENSN1ZMF4JSF,cyber-security-insurance/plan-details/main/text-identity-theft,2,INSURANCE:3456,Identity theft
SAME_SECTION_SAME_PAIR_DIFF_SCREEN_OR_CONTEXT,P0882,cp_01M3NX208KFJAVY3WJ6V30Y0JP,cyber-security-insurance/insurance-coverage/main/text-identity-theft,2,INSURANCE:3589,Identity theft
SAME_SECTION_SAME_PAIR_DIFF_SCREEN_OR_CONTEXT,P0883,cp_01M3NX208SFCYRQ0HXD6K3K72W,post-purchase/toggle-on/main/text-learn-how-works,3,INSURANCE:3677,Learn how this works
SAME_SECTION_SAME_PAIR_DIFF_SCREEN_OR_CONTEXT,P0883,cp_01M3NX208SEFXB85AAZ7H2XHQG,post-purchase/toggle-off/main/text-learn-how-works,3,INSURANCE:3681,Learn how this works
SAME_SECTION_SAME_PAIR_DIFF_SCREEN_OR_CONTEXT,P0883,cp_01M3NX208SENS9Q3FHB2PVP06N,post-purchase/loading/main/text-learn-how-works,3,INSURANCE:3685,Learn how this works
SAME_SECTION_SAME_PAIR_DIFF_SCREEN_OR_CONTEXT,P0884,cp_01M3NX208XF4FBDV2GNNBY62HM,reminder/insurance-d-minus-2-terminate/main/text-pay-product-name,2,INSURANCE:3751,"Pay your $PRODUCT_NAME premium now to keep your coverage active. Once in grace period, claims won’t "
SAME_SECTION_SAME_PAIR_DIFF_SCREEN_OR_CONTEXT,P0884,cp_01M3NX208XEF2AXM000254VHN5,reminder/insurance-d-minus-3-terminate/main/text-pay-product-name,2,INSURANCE:3754,"Pay your $PRODUCT_NAME premium now to keep your coverage active. Once in grace period, claims won’t "
SAME_SECTION_SAME_PAIR_DIFF_SCREEN_OR_CONTEXT,P0885,cp_01M3NX2098F6X84KJAQS0A9N8H,billing-plus-e-money-insurance/bill-payment-review/main/text-mencakup-kerugian,2,INSURANCE:3935,"Mencakup kerugian akibat kebakaran, perampokan, & gangguan listrik"
SAME_SECTION_SAME_PAIR_DIFF_SCREEN_OR_CONTEXT,P0885,cp_01M3NX2099EC3AXZXXAAX4QJPD,billing-plus-e-money-insurance/has-history-of-purchase/main/text,2,INSURANCE:3947;INSURANCE:3953,"Mencakup kerugian akibat kebakaran, perampokan, & gangguan listrik"
SAME_SECTION_SAME_PAIR_DIFF_SCREEN_OR_CONTEXT,P0886,cp_01M3NX2098EGZSQS0ZYVMJ5ANH,billing-plus-e-money-insurance/e-money-payment-review/main/text-get-coverage,2,INSURANCE:3941;INSURANCE:3976;INSURANCE:3982,Get coverage from accident and death
SAME_SECTION_SAME_PAIR_DIFF_SCREEN_OR_CONTEXT,P0886,cp_01M3NX2099F6HBF42ZKG00HVSQ,billing-plus-e-money-insurance/has-history-of-purchase/main/text-get-coverage,2,INSURANCE:3960;INSURANCE:3966,Get coverage from accident and death
SAME_SECTION_SAME_PAIR_DIFF_SCREEN_OR_CONTEXT,P0887,cp_01M3NX2099FE78ED58ET31PE2M,billing-plus-e-money-insurance/free-trial-bill-payment-review/main/text-covers-damage-fire,2,INSURANCE:3973,"Covers damage from fire, burglary, & electricity disturbances"
SAME_SECTION_SAME_PAIR_DIFF_SCREEN_OR_CONTEXT,P0887,cp_01M3NX209AEAMB7BGHHFPATNF9,billing-plus-e-money-insurance/bill-payment-review/main/text-covers-damage-fire,2,INSURANCE:3979,"Covers damage from fire, burglary, & electricity disturbances"
SAME_SECTION_SAME_PAIR_DIFF_SCREEN_OR_CONTEXT,P0888,cp_01M3NX209AE1E8T6015SNA1SQT,billing-plus-e-money-insurance/bill/main/text-covers-30-days-one,2,INSURANCE:3989,Covers you for 30 days with a one-time claim benefit.
SAME_SECTION_SAME_PAIR_DIFF_SCREEN_OR_CONTEXT,P0888,cp_01M3NX209AE0GR6X9R04XHQHFX,billing-plus-e-money-insurance/e-money/main/text-covers-30-days-one,2,INSURANCE:3993,Covers you for 30 days with a one-time claim benefit.
SAME_SECTION_SAME_PAIR_DIFF_SCREEN_OR_CONTEXT,P0889,cp_01M3NX209CERASQ2F8VRBSBC7H,billing-plus-e-money-insurance/bill/main/text-house-wifi-insurance,2,INSURANCE:4022,House & WiFi insurance
SAME_SECTION_SAME_PAIR_DIFF_SCREEN_OR_CONTEXT,P0889,cp_01M3NX209ME63VTRVGRHW5RQ5R,billing-plus-e-money-insurance/billing/main/text,2,INSURANCE:4136,House & WiFi insurance
SAME_SECTION_SAME_PAIR_DIFF_SCREEN_OR_CONTEXT,P0890,cp_01M3NX209FET9AGBKZ1X32PJYK,billing-plus-e-money-insurance/exceptions-billing/main/text-criminal-illegal,2,INSURANCE:4063,Criminal and Illegal Acts
SAME_SECTION_SAME_PAIR_DIFF_SCREEN_OR_CONTEXT,P0890,cp_01M3NX209HESVSPXAJ57E90EN4,billing-plus-e-money-insurance/exceptions-e-money/main/text-criminal-illegal,2,INSURANCE:4090,Criminal and Illegal Acts
SAME_SECTION_SAME_PAIR_DIFF_SCREEN_OR_CONTEXT,P0891,cp_01M3NX209MF5181E751TF0RSND,billing-plus-e-money-insurance/landing-post-purchase-insurance/main/text,2,INSURANCE:4159,Turn on auto-add? . Rp750
SAME_SECTION_SAME_PAIR_DIFF_SCREEN_OR_CONTEXT,P0891,cp_01M3NX209NESZAX4T95XMBZ9S6,billing-plus-e-money-insurance/emoney/main/text,2,INSURANCE:4162,Turn on auto-add? . Rp750
SAME_SECTION_SAME_PAIR_DIFF_SCREEN_OR_CONTEXT,P0892,cp_01M3NX20A0FX08H9TSW8TASPK8,homepage-m1/health-insurance/main/text-outpatient-up-6mio,2,INSURANCE:4367,Outpatient up to 6mio
SAME_SECTION_SAME_PAIR_DIFF_SCREEN_OR_CONTEXT,P0892,cp_01M3NX20A1FCYTPFKHHV5VSHXP,homepage-m1/child-health-insurance/main/text-outpatient-up-6mio,2,INSURANCE:4377,Outpatient up to 6mio
SAME_SECTION_SAME_PAIR_DIFF_SCREEN_OR_CONTEXT,P0893,cp_01M3NX20A1FC3B82E66C8P05HM,homepage-m1/health-insurance/main/text-up-unlimited,2,INSURANCE:4368,Up to unlimited inpatient coverage
SAME_SECTION_SAME_PAIR_DIFF_SCREEN_OR_CONTEXT,P0893,cp_01M3NX20A1FWVB9R2FCKP2WZ76,homepage-m1/child-health-insurance/main/text-up-unlimited,2,INSURANCE:4378,Up to unlimited inpatient coverage
SAME_SECTION_SAME_PAIR_DIFF_SCREEN_OR_CONTEXT,P0894,cp_01M3NX20A1EFSRJBQN4FYGS7SD,homepage-m1/health-insurance/main/text-1-300-hospital,2,INSURANCE:4369,"1,300+ hospital partners"
SAME_SECTION_SAME_PAIR_DIFF_SCREEN_OR_CONTEXT,P0894,cp_01M3NX20A2F96V7WRVMMEGGSYG,homepage-m1/child-health-insurance/main/text-1-300-hospital,2,INSURANCE:4379,"1,300+ hospital partners"
SAME_SECTION_SAME_PAIR_DIFF_SCREEN_OR_CONTEXT,P0895,cp_01M3NX20A2EC0ASFRNBP195QGB,homepage-m1/hospital-cash-plan/main/text-online-claim-process,5,INSURANCE:4389,Online claim process
SAME_SECTION_SAME_PAIR_DIFF_SCREEN_OR_CONTEXT,P0895,cp_01M3NX20A3EJ79H01JSJDAZQCV,homepage-m1/heart-attack-insurance/main/text-online-claim-process,5,INSURANCE:4394,Online claim process
SAME_SECTION_SAME_PAIR_DIFF_SCREEN_OR_CONTEXT,P0895,cp_01M3NX20A3F76TY7C4KZGKJ0P8,homepage-m1/cancer-insurance/main/text-online-claim-process,5,INSURANCE:4399,Online claim process
SAME_SECTION_SAME_PAIR_DIFF_SCREEN_OR_CONTEXT,P0895,cp_01M3NX20A4EVY8YM9415X413R4,homepage-m1/phone-protection/main/text-online-claim-process,5,INSURANCE:4409,Online claim process
SAME_SECTION_SAME_PAIR_DIFF_SCREEN_OR_CONTEXT,P0895,cp_01M3NX20A4FXWR7FTP3Y477ZJ0,homepage-m1/motorcycle-insurance/main/text-online-claim-process,5,INSURANCE:4414,Online claim process
SAME_SECTION_SAME_PAIR_DIFF_SCREEN_OR_CONTEXT,P0896,cp_01M3NX20A2EA0T8S54QWNE5EGY,homepage-m1/heart-attack-insurance/main/text-covers-both-smokers,2,INSURANCE:4392,Covers both smokers & non-smokers
SAME_SECTION_SAME_PAIR_DIFF_SCREEN_OR_CONTEXT,P0896,cp_01M3NX20A3EJMAD51S21H5BSH5,homepage-m1/cancer-insurance/main/text-covers-both-smokers,2,INSURANCE:4397,Covers both smokers & non-smokers
SAME_SECTION_SAME_PAIR_DIFF_SCREEN_OR_CONTEXT,P0897,cp_01M3NX20A3E29A81BX8S5ZDH6Z,homepage-m1/heart-attack-insurance/main/text-cash-benefit-up,2,INSURANCE:4393,Cash benefit up to 100mio
SAME_SECTION_SAME_PAIR_DIFF_SCREEN_OR_CONTEXT,P0897,cp_01M3NX20A3FHYTGAWY3A74FXCY,homepage-m1/cancer-insurance/main/text-cash-benefit-up,2,INSURANCE:4398,Cash benefit up to 100mio
SAME_SECTION_SAME_PAIR_DIFF_SCREEN_OR_CONTEXT,P0898,cp_01M3NX20A9E0YATF9KM8TGTQVT,homepage-m2/health-insurance/main/text-myth,9,INSURANCE:4502,Myth
SAME_SECTION_SAME_PAIR_DIFF_SCREEN_OR_CONTEXT,P0898,cp_01M3NX20A9FEHVKGTS9QJRZQSR,homepage-m2/life-insurance/main/text-myth,9,INSURANCE:4506,Myth
SAME_SECTION_SAME_PAIR_DIFF_SCREEN_OR_CONTEXT,P0898,cp_01M3NX20A9E28R05SSX1NC6WNH,homepage-m2/child-health-insurance/main/text-myth,9,INSURANCE:4510,Myth
SAME_SECTION_SAME_PAIR_DIFF_SCREEN_OR_CONTEXT,P0898,cp_01M3NX20AAF2J8S244PJ155609,homepage-m2/personal-accident-insurance/main/text-myth,9,INSURANCE:4514,Myth
SAME_SECTION_SAME_PAIR_DIFF_SCREEN_OR_CONTEXT,P0898,cp_01M3NX20AAE6JBWCVJ9GEH19RB,homepage-m2/hospital-cash-plan/main/text-myth,9,INSURANCE:4518,Myth
SAME_SECTION_SAME_PAIR_DIFF_SCREEN_OR_CONTEXT,P0898,cp_01M3NX20ABEJ1AVRXKB2WTJPHF,homepage-m2/heart-attack-insurance/main/text-myth,9,INSURANCE:4522,Myth
SAME_SECTION_SAME_PAIR_DIFF_SCREEN_OR_CONTEXT,P0898,cp_01M3NX20ABEMCVEWFTRJ3BK5D2,homepage-m2/cancer-insurance/main/text-myth,9,INSURANCE:4526,Myth
SAME_SECTION_SAME_PAIR_DIFF_SCREEN_OR_CONTEXT,P0898,cp_01M3NX20ACFTR9F07HSEQQYJA6,homepage-m2/digital-fraud-insurance/main/text-myth,9,INSURANCE:4530,Myth
SAME_SECTION_SAME_PAIR_DIFF_SCREEN_OR_CONTEXT,P0898,cp_01M3NX20ACEPH9S0E0JC4672T7,homepage-m2/phone-protection/main/text-myth,9,INSURANCE:4534,Myth
SAME_SECTION_SAME_PAIR_DIFF_SCREEN_OR_CONTEXT,P0899,cp_01M3NX20A9EXFTV5K2G0P8DX31,homepage-m2/health-insurance/main/text-fact,9,INSURANCE:4504,Fact
SAME_SECTION_SAME_PAIR_DIFF_SCREEN_OR_CONTEXT,P0899,cp_01M3NX20A9FF2T9W53N9NSTFJB,homepage-m2/life-insurance/main/text-fact,9,INSURANCE:4508,Fact
SAME_SECTION_SAME_PAIR_DIFF_SCREEN_OR_CONTEXT,P0899,cp_01M3NX20AAEW5T212M2H24XVTV,homepage-m2/child-health-insurance/main/text-fact,9,INSURANCE:4512,Fact
SAME_SECTION_SAME_PAIR_DIFF_SCREEN_OR_CONTEXT,P0899,cp_01M3NX20AAEV48FE5KN8540S34,homepage-m2/personal-accident-insurance/main/text-fact,9,INSURANCE:4516,Fact
SAME_SECTION_SAME_PAIR_DIFF_SCREEN_OR_CONTEXT,P0899,cp_01M3NX20ABEAYTBQBC10H1EB0V,homepage-m2/hospital-cash-plan/main/text-fact,9,INSURANCE:4520,Fact
SAME_SECTION_SAME_PAIR_DIFF_SCREEN_OR_CONTEXT,P0899,cp_01M3NX20ABFMMA14SHEAZM0PPW,homepage-m2/heart-attack-insurance/main/text-fact,9,INSURANCE:4524,Fact
SAME_SECTION_SAME_PAIR_DIFF_SCREEN_OR_CONTEXT,P0899,cp_01M3NX20ABE8E8ER9133CZA5JW,homepage-m2/cancer-insurance/main/text-fact,9,INSURANCE:4528,Fact
SAME_SECTION_SAME_PAIR_DIFF_SCREEN_OR_CONTEXT,P0899,cp_01M3NX20ACFAJAR4QS7QV5K95T,homepage-m2/digital-fraud-insurance/main/text-fact,9,INSURANCE:4532,Fact
SAME_SECTION_SAME_PAIR_DIFF_SCREEN_OR_CONTEXT,P0899,cp_01M3NX20ACEEN9YJ1A52JA3WDC,homepage-m2/phone-protection/main/text-fact,9,INSURANCE:4536,Fact
SAME_SECTION_SAME_PAIR_DIFF_SCREEN_OR_CONTEXT,P0900,cp_01M3NX20AHFCB88T9WV3TKTZCD,motorcycle/registrationform/vehicledetails-fieldtitle-model/text,2,INSURANCE:4649,Vehicle model
SAME_SECTION_SAME_PAIR_DIFF_SCREEN_OR_CONTEXT,P0900,cp_01M3NX20B0F38B9M4MGK5S82C8,motorcycle-insurance/payment-review/main/text-vehicle-model,2,INSURANCE:4833,Vehicle model
SAME_SECTION_SAME_PAIR_DIFF_SCREEN_OR_CONTEXT,P0901,cp_01M3NX20AJE25V1EWEWKXZZFYZ,motorcycle/registrationform/vehicledetails-fieldtitle/text,2,INSURANCE:4652,Manufacturing year
SAME_SECTION_SAME_PAIR_DIFF_SCREEN_OR_CONTEXT,P0901,cp_01M3NX20B0FSBT7ZTCCWZV0W20,motorcycle-insurance/payment-review/main/text-manufacturing-year,2,INSURANCE:4834,Manufacturing year
SAME_SECTION_SAME_PAIR_DIFF_SCREEN_OR_CONTEXT,P0902,cp_01M3NX20AJEHYBDD0N7KH1ANH8,motorcycle/registrationform/vehicledetails-fieldtitle/text-plate-number,2,INSURANCE:4655,Plate number
SAME_SECTION_SAME_PAIR_DIFF_SCREEN_OR_CONTEXT,P0902,cp_01M3NX20B1FAYBWTXT9KTAYA8X,motorcycle-insurance/payment-review/main/text-plate-number,2,INSURANCE:4836,Plate number
SAME_SECTION_SAME_PAIR_DIFF_SCREEN_OR_CONTEXT,P0903,cp_01M3NX20APEV1S07P8TE71WQ9Q,motorcycle-insurance/plan-selection-section/main/text-loss-due-theft,2,INSURANCE:4706,Loss due to theft
SAME_SECTION_SAME_PAIR_DIFF_SCREEN_OR_CONTEXT,P0903,cp_01M3NX20ARFEMB18P0TT1WY1WP,motorcycle-insurance/topic-tabbing/main/text-loss-due-theft,2,INSURANCE:4751,Loss due to theft
SAME_SECTION_SAME_PAIR_DIFF_SCREEN_OR_CONTEXT,P0904,cp_01M3NX20APFBVB5RNQM1WTW58S,motorcycle-insurance/plan-selection-section/main/text-damage-due-accident,2,INSURANCE:4708,Damage due to accident
SAME_SECTION_SAME_PAIR_DIFF_SCREEN_OR_CONTEXT,P0904,cp_01M3NX20ASFAFV96NNC87E1TM7,motorcycle-insurance/topic-tabbing/main/text-damage-due-accident,2,INSURANCE:4762,Damage due to accident
SAME_SECTION_SAME_PAIR_DIFF_SCREEN_OR_CONTEXT,P0905,cp_01M3NX20B9FAQ94EGZ70QGST1H,error-messages/webview-url-blocked/main/text-got,3,INSURANCE:5003,Got it
SAME_SECTION_SAME_PAIR_DIFF_SCREEN_OR_CONTEXT,P0905,cp_01M3NX20BAF98SFKMF4ZZZXE9J,error-messages/webview-error/main/text-got,3,INSURANCE:5007,Got it
SAME_SECTION_SAME_PAIR_DIFF_SCREEN_OR_CONTEXT,P0905,cp_01M3NX20BAFJGVZ43QPWE54BNY,error-messages/ssl-error/main/text-got,3,INSURANCE:5011,Got it
SAME_SECTION_SAME_PAIR_DIFF_SCREEN_OR_CONTEXT,P0906,cp_01M3NX20BYFE2AX101ETZMDP09,travel-insurance/highlight-card-content/main/text,4,INSURANCE:5296,Travel insurance
SAME_SECTION_SAME_PAIR_DIFF_SCREEN_OR_CONTEXT,P0906,cp_01M3NX20BYF90A28AYZFAWMJ6V,travel-insurance/highlight-card-content/main/text-travel-insurance,4,INSURANCE:5300,Travel insurance
SAME_SECTION_SAME_PAIR_DIFF_SCREEN_OR_CONTEXT,P0906,cp_01M3NX20BZEJ5RWFC6TCYXWGVE,travel-insurance/plan-selection-section/main/text,4,INSURANCE:5314,Travel insurance
SAME_SECTION_SAME_PAIR_DIFF_SCREEN_OR_CONTEXT,P0906,cp_01M3NX20CPFCR9Y6H1D2ZP7R49,travel-insurance/payment-review/main/text-travel-insurance,4,INSURANCE:5549,Travel insurance
SAME_SECTION_SAME_PAIR_DIFF_SCREEN_OR_CONTEXT,P0907,cp_01M3NX20BYEKST4VNHFA1NVMB8,travel-insurance/highlight-card-content/main/text-all-one-protection,2,INSURANCE:5298,All-in-one protection for your travel
SAME_SECTION_SAME_PAIR_DIFF_SCREEN_OR_CONTEXT,P0907,cp_01M3NX20BYE629XWD1EMHZ8S9V,travel-insurance/header-and-description/main/text,2,INSURANCE:5305,All-in-one protection for your travel
SAME_SECTION_SAME_PAIR_DIFF_SCREEN_OR_CONTEXT,P0908,cp_01M3NX20D7F3XSCKHFSSX84H3N,generic-pn-audit/policy-is-lapsed/main/text,2,INSURANCE:5765,Your insurance is no longer active
SAME_SECTION_SAME_PAIR_DIFF_SCREEN_OR_CONTEXT,P0908,cp_01M3NX20D7FZ7R0R050ZQ1Q812,generic-pn-audit/policy-is-lapsed-failed-payment/main/text,2,INSURANCE:5768,Your insurance is no longer active
SAME_SECTION_SAME_PAIR_DIFF_SCREEN_OR_CONTEXT,P0909,cp_01M3NX20DDEFDSXESS53W57SCT,adhoc-auto-pay-auto-debit/push-notification/auto-pay-users/text,2,INSURANCE:5898,Your $PRODUCT_NAME policy will renew automatically!
SAME_SECTION_SAME_PAIR_DIFF_SCREEN_OR_CONTEXT,P0909,cp_01M3NX20DDF3DA5YQ5ZSYP0RXY,adhoc-auto-pay-auto-debit/push-notification/non-auto-pay-users/text,2,INSURANCE:5901,Your $PRODUCT_NAME policy will renew automatically!
SAME_SECTION_SAME_PAIR_DIFF_SCREEN_OR_CONTEXT,P0910,cp_01M3NX20DDFBP89VBBF2WX7G6Z,flood-and-fire-insurance/bill-payment-review/main/text-mencakup-kerugian,2,INSURANCE:5908,"Mencakup kerugian akibat kebakaran, perampokan, & gangguan listrik"
SAME_SECTION_SAME_PAIR_DIFF_SCREEN_OR_CONTEXT,P0910,cp_01M3NX20DEFKW87BBQ3QHD8VY7,flood-and-fire-insurance/has-history-of-purchase/main/text,2,INSURANCE:5917,"Mencakup kerugian akibat kebakaran, perampokan, & gangguan listrik"
SAME_SECTION_SAME_PAIR_DIFF_SCREEN_OR_CONTEXT,P0911,cp_01M3NX20DEFF59VYZTPZBCJABD,flood-and-fire-insurance/bill-payment-review-free-trial/main/text-covers-damage-fire,2,INSURANCE:5911,"Covers damage from fire, burglary, & electricity disturbances"
SAME_SECTION_SAME_PAIR_DIFF_SCREEN_OR_CONTEXT,P0911,cp_01M3NX20DEFJS9ZNGQPYFAPAYH,flood-and-fire-insurance/bill-payment-review-toggled-on/main/text-covers-damage-fire,2,INSURANCE:5914,"Covers damage from fire, burglary, & electricity disturbances"
SAME_SECTION_SAME_PAIR_DIFF_SCREEN_OR_CONTEXT,P0912,cp_01M3NX20DHFQ3V6QK28QHY3AGB,flood-and-fire-insurance/landing-insurance-widget-turned/main/text-added-automatically,2,INSURANCE:5945,Added automatically every time you pay bills
SAME_SECTION_SAME_PAIR_DIFF_SCREEN_OR_CONTEXT,P0912,cp_01M3NX20DHEVY8S6ER7JX8VTND,flood-and-fire-insurance/landing-insurance-widget-turned/main/text-added-automatically-2,2,INSURANCE:5953,Added automatically every time you pay bills
SAME_SECTION_SAME_PAIR_DIFF_SCREEN_OR_CONTEXT,P0913,cp_01M3NX20DPEADA2NVK87XTT30T,personal-accident-contextual-on/payment-review/main/text-get-coverage,4,INSURANCE:6014,Get coverage from accident and death
SAME_SECTION_SAME_PAIR_DIFF_SCREEN_OR_CONTEXT,P0913,cp_01M3NX20DPFBYVMG6MXTCNYGPA,personal-accident-contextual-on/payment-review-free-trial/main/text-get-coverage,4,INSURANCE:6017,Get coverage from accident and death
SAME_SECTION_SAME_PAIR_DIFF_SCREEN_OR_CONTEXT,P0913,cp_01M3NX20DPFT2VS8273SJ7JZGW,personal-accident-contextual-on/payment-review-toggled-on/main/text-get-coverage,4,INSURANCE:6020,Get coverage from accident and death
SAME_SECTION_SAME_PAIR_DIFF_SCREEN_OR_CONTEXT,P0913,cp_01M3NX20DQFC6ADD4394YCDS10,personal-accident-contextual-on/has-history-of-purchase/main/text,4,INSURANCE:6023,Get coverage from accident and death
SAME_SECTION_SAME_PAIR_DIFF_SCREEN_OR_CONTEXT,P0914,cp_01M3NX20DSESNR8Y5EZV8NZDKX,personal-accident-contextual-on/landing-insurance-widget-turned/main/text-added-automatically,2,INSURANCE:6051,Added automatically every time you top up e-money
SAME_SECTION_SAME_PAIR_DIFF_SCREEN_OR_CONTEXT,P0914,cp_01M3NX20DTFQ0SGG4MPAVG86N9,personal-accident-contextual-on/landing-insurance-widget-turned/main/text-added-automatically-2,2,INSURANCE:6059,Added automatically every time you top up e-money
SAME_SECTION_SAME_PAIR_DIFF_SCREEN_OR_CONTEXT,P0915,cp_01M3NX20E3FJM8TJGPD7ZP8SEK,prepurchase/heart-attack-insurance/asuransi-serangan-jantung/text,2,INSURANCE:6186,Protection from high medical costs
SAME_SECTION_SAME_PAIR_DIFF_SCREEN_OR_CONTEXT,P0915,cp_01M3NX20E3EZ1RDQB7QE52SFWQ,prepurchase/cancer-insurance/asuransi-kanker/text,2,INSURANCE:6189,Protection from high medical costs
SAME_SECTION_SAME_PAIR_DIFF_SCREEN_OR_CONTEXT,P0916,cp_01M3NX20FEF0PS4WS6W3ARDT6P,mpm/camera-access/main/cta,3,PAYMENT:7,"Sure, go ahead"
SAME_SECTION_SAME_PAIR_DIFF_SCREEN_OR_CONTEXT,P0916,cp_01M3NX20FMFZSS8CFE8RGTPGQM,mpm/gallery-access/main/cta,3,PAYMENT:70,"Sure, go ahead"
SAME_SECTION_SAME_PAIR_DIFF_SCREEN_OR_CONTEXT,P0916,cp_01M3NX20FNEC5RQE9P0J81ZGXE,mpm/contact-access/main/cta,3,PAYMENT:79,"Sure, go ahead"
SAME_SECTION_SAME_PAIR_DIFF_SCREEN_OR_CONTEXT,P0917,cp_01M3NX20FKE6GRNQKGEGACQ3FA,mpm/input-nominal/main/cta,2,PAYMENT:63,Review payment
SAME_SECTION_SAME_PAIR_DIFF_SCREEN_OR_CONTEXT,P0917,cp_01M3NX20FKF7JRS9QQNJ9TAYA7,mpm/review-payment/main/title,2,PAYMENT:65,Review payment
SAME_SECTION_SAME_PAIR_DIFF_SCREEN_OR_CONTEXT,P0918,cp_01M3NX20FNFE99153JB3ZPFTM6,mpm/gopay-blocked/main/cta,2,PAYMENT:83,Help
SAME_SECTION_SAME_PAIR_DIFF_SCREEN_OR_CONTEXT,P0918,cp_01M3NX20FWF7389NAYWYHTVNJ2,mpm/payment-failed/main/cta-2,2,PAYMENT:173,Help
SAME_SECTION_SAME_PAIR_DIFF_SCREEN_OR_CONTEXT,P0919,cp_01M3NX20FQE1DAYZ8MFAWFQNW3,mpm/qr-not-registered-acquirer-not/main/cta,2,PAYMENT:104,Got it
SAME_SECTION_SAME_PAIR_DIFF_SCREEN_OR_CONTEXT,P0919,cp_01M3NX20FSEA2RARCYFJX8QRYE,cantopencode/cant-read-the-code/main/cta-gotit,2,PAYMENT:125,Got it
SAME_SECTION_SAME_PAIR_DIFF_SCREEN_OR_CONTEXT,P0920,cp_01M3NX20FRF9TSNGKXJKPSQW72,redirectiondialogue/universal-scanner-non-payment-qr/main/cta-goback,2,PAYMENT:110,Go back
SAME_SECTION_SAME_PAIR_DIFF_SCREEN_OR_CONTEXT,P0920,cp_01M3NX20FWFGVBE6VG2NJ76GDQ,mpm/payment-failed/main/cta,2,PAYMENT:172,Go back
SAME_SECTION_SAME_PAIR_DIFF_SCREEN_OR_CONTEXT,P0921,cp_01M3NX20FRF4G9QNXBEZZQRNHX,mpm/universal-scanner-contact/main/cta-secondary,2,PAYMENT:116,Don't allow
SAME_SECTION_SAME_PAIR_DIFF_SCREEN_OR_CONTEXT,P0921,cp_01M3NX20FSE878NCYT5W4KQ4VQ,mpm/universal-scanner-calendar/main/cta-secondary,2,PAYMENT:121,Don't allow
SAME_SECTION_SAME_PAIR_DIFF_SCREEN_OR_CONTEXT,P0922,cp_01M3NX20FTF4CATFKT3130ZEVN,mpm/processing-payment/main/title,2,PAYMENT:138,Processing your payment
SAME_SECTION_SAME_PAIR_DIFF_SCREEN_OR_CONTEXT,P0922,cp_01M3NX20FTF7EV8TY6B2S09KBK,mpm/payment-status-pop-up/main/title,2,PAYMENT:153,Processing your payment
SAME_SECTION_SAME_PAIR_DIFF_SCREEN_OR_CONTEXT,P0923,cp_01M3NX20FTFSBS4MKYXWE53AV7,mpm/processing-payment/amount-percent/value,2,PAYMENT:140,Rp100.000
SAME_SECTION_SAME_PAIR_DIFF_SCREEN_OR_CONTEXT,P0923,cp_01M3NX20FTEDVVY6JQ7K0F93A4,mpm/payment-status-pop-up/amount/value,2,PAYMENT:155,Rp100.000
SAME_SECTION_SAME_PAIR_DIFF_SCREEN_OR_CONTEXT,P0924,cp_01M3NX20FXEERSC9798N3SBGZA,mpm/retry-exhausted/main/cta-2,2,PAYMENT:184,Check history
SAME_SECTION_SAME_PAIR_DIFF_SCREEN_OR_CONTEXT,P0924,cp_01M3NX20FYEAVSYNE585YTVDTP,mpm/concurrency-handling-in-order/main/cta-2,2,PAYMENT:189,Check history
SAME_SECTION_SAME_PAIR_DIFF_SCREEN_OR_CONTEXT,P0925,cp_01M3NX20FYE6HA5A3K72E2538N,mpm/toast-failed/main/text,2,PAYMENT:192,Payment failed
SAME_SECTION_SAME_PAIR_DIFF_SCREEN_OR_CONTEXT,P0925,cp_01M3NX20FZF2ERVBXMAQQZ2ZYC,mpm/push-notification-failed/main/title,2,PAYMENT:199,Payment failed
SAME_SECTION_SAME_PAIR_DIFF_SCREEN_OR_CONTEXT,P0926,cp_01M3NX20FZFR2T6SQ4MG3SN479,cc-dc-restriction/network-restriction/payment-listing/text,2,PAYMENT:207,Can’t be used for this transaction
SAME_SECTION_SAME_PAIR_DIFF_SCREEN_OR_CONTEXT,P0926,cp_01M3NX20G0FW2RTJW8H493T42S,cc-dc-restriction/country-issuer-restriction/payment-listing/text,2,PAYMENT:219,Can’t be used for this transaction
SAME_SECTION_SAME_PAIR_DIFF_SCREEN_OR_CONTEXT,P0927,cp_01M3NX20G0F2KTQSDJTEAWH90R,cc-dc-restriction/network-restriction/main/cta,2,PAYMENT:211,Use other method
SAME_SECTION_SAME_PAIR_DIFF_SCREEN_OR_CONTEXT,P0927,cp_01M3NX20G1F9SSAE9ZAFCVPXH3,cc-dc-restriction/country-issuer-restriction/main/cta,2,PAYMENT:223,Use other method
SAME_SECTION_SAME_PAIR_DIFF_SCREEN_OR_CONTEXT,P0928,cp_01M3NX20G8FEFRARDY8R5WPME2,cpm/code-expired-pn/main/title,2,PAYMENT:293,You have a failed payment
SAME_SECTION_SAME_PAIR_DIFF_SCREEN_OR_CONTEXT,P0928,cp_01M3NX20GAFCY8V0WBFFH26549,cpm/error-payment-method/main/title-2,2,PAYMENT:321,You have a failed payment
SAME_SECTION_SAME_PAIR_DIFF_SCREEN_OR_CONTEXT,P0929,cp_01M3NX20GDF0SB7REV3G3HNEZ7,cpm/cant-use-gopaylater-at-selected/main/title,2,PAYMENT:345,Can’t continue with GoPay Later
SAME_SECTION_SAME_PAIR_DIFF_SCREEN_OR_CONTEXT,P0929,cp_01M3NX20GDESNTJ4RTV5TJQYKY,cpm/user-blocked-to-use-pl/main/title,2,PAYMENT:349,Can’t continue with GoPay Later
SAME_SECTION_SAME_PAIR_DIFF_SCREEN_OR_CONTEXT,P0930,cp_01M3NX20GDF25TR8EZG699Z65R,cpm/cant-use-gopaylater-at-selected/main/cta,2,PAYMENT:347,Choose other method
SAME_SECTION_SAME_PAIR_DIFF_SCREEN_OR_CONTEXT,P0930,cp_01M3NX20GDE1S9A4F2CP7D9T8B,cpm/user-blocked-to-use-pl/main/cta,2,PAYMENT:351,Choose other method
SAME_SECTION_SAME_PAIR_DIFF_SCREEN_OR_CONTEXT,P0931,cp_01M3NX20GHF7KV7Y1HDR2JAGQT,2fa/methodauth/main/cta,2,PAYMENT:392,Verify
SAME_SECTION_SAME_PAIR_DIFF_SCREEN_OR_CONTEXT,P0931,cp_01M3NX20GHF3CBBWRP27QY5FT5,2fa/genericdefault/main/cta,2,PAYMENT:396,Verify
SAME_SECTION_SAME_PAIR_DIFF_SCREEN_OR_CONTEXT,P0932,cp_01M3NX20GJE24SF4CEY1H5VGG1,merchant-account-integration/enter-phone-number/navbar/text,3,PAYMENT:400,Link GoPay
SAME_SECTION_SAME_PAIR_DIFF_SCREEN_OR_CONTEXT,P0932,cp_01M3NX20GJEAFTVBJZFHW8GH6D,merchant-account-integration/enter-otp/navbar/text,3,PAYMENT:407,Link GoPay
SAME_SECTION_SAME_PAIR_DIFF_SCREEN_OR_CONTEXT,P0932,cp_01M3NX20GMEN8ASYS61KSWXNXN,merchant-account-integration/enter-pin/navbar/text,3,PAYMENT:416,Link GoPay
SAME_SECTION_SAME_PAIR_DIFF_SCREEN_OR_CONTEXT,P0933,cp_01M3NX20GKESVBZEQN5KDXSEVM,merchant-account-integration/enter-otp/main/cta,2,PAYMENT:413,Confirm
SAME_SECTION_SAME_PAIR_DIFF_SCREEN_OR_CONTEXT,P0933,cp_01M3NX20GQEG08GTCCW7BCZP96,merchant-account-integration/t-and-c-summary/main/cta,2,PAYMENT:441,Confirm
SAME_SECTION_SAME_PAIR_DIFF_SCREEN_OR_CONTEXT,P0934,cp_01M3NX20GRFFPAK7E1X0GRPD65,merchant-account-integration/success-animation/gopay-accountsafety-linkedapps/text-unlink-merchant,2,PAYMENT:465,Unlink {merchant} from GoPay?
SAME_SECTION_SAME_PAIR_DIFF_SCREEN_OR_CONTEXT,P0934,cp_01M3NX20GSFRPA1E2P272BN3BE,merchant-account-integration/success-animation/gopay-accountsafety-linkedapps/text-unlink-merchant-2,2,PAYMENT:469,Unlink {merchant} from GoPay?
SAME_SECTION_SAME_PAIR_DIFF_SCREEN_OR_CONTEXT,P0935,cp_01M3NX20GSE4N88Q2GS5R65M6B,merchant-account-integration/success-animation/gopay-accountsafety-linkedapps/text-yes-unlink,2,PAYMENT:467,"Yes, unlink"
SAME_SECTION_SAME_PAIR_DIFF_SCREEN_OR_CONTEXT,P0935,cp_01M3NX20GSF6CT5B4R385EEQ17,merchant-account-integration/success-animation/gopay-accountsafety-linkedapps/text-yes-unlink-2,2,PAYMENT:471,"Yes, unlink"
SAME_SECTION_SAME_PAIR_DIFF_SCREEN_OR_CONTEXT,P0936,cp_01M3NX20H4E6F93AQXBWZQYCAA,webview/otp-challenge-old/main/title,2,PAYMENT:585,Enter OTP code
SAME_SECTION_SAME_PAIR_DIFF_SCREEN_OR_CONTEXT,P0936,cp_01M3NX20H5FEV8TMH8Z2MCMZNF,webview/otp-challenge/main/title,2,PAYMENT:592,Enter OTP code
SAME_SECTION_SAME_PAIR_DIFF_SCREEN_OR_CONTEXT,P0937,cp_01M3NX20H5F5GT2FFADBD5Q4Q1,webview/otp-challenge-old/main/cta,2,PAYMENT:590,Confirm
SAME_SECTION_SAME_PAIR_DIFF_SCREEN_OR_CONTEXT,P0937,cp_01M3NX20H5FYGV9CFYB16T0GEN,webview/otp-challenge/main/cta,2,PAYMENT:597,Confirm
SAME_SECTION_SAME_PAIR_DIFF_SCREEN_OR_CONTEXT,P0938,cp_01M3NX20H5FJ2S0BRQ9PA2E1VT,webview/otp-challenge/resend/text,2,PAYMENT:595,Resend via SMS
SAME_SECTION_SAME_PAIR_DIFF_SCREEN_OR_CONTEXT,P0938,cp_01M3NX20H6FEZSG5A2V8DFCENZ,webview/enter-otp-via-wa/resend/cta,2,PAYMENT:602,Resend via SMS
SAME_SECTION_SAME_PAIR_DIFF_SCREEN_OR_CONTEXT,P0939,cp_01M3NX20H6E9V8Z088AC4P8HKQ,success/success/idle-info/helper,2,PAYMENT:609,"If nothing happens, tap the button below"
SAME_SECTION_SAME_PAIR_DIFF_SCREEN_OR_CONTEXT,P0939,cp_01M3NX20HJEZ3S7EJHQFDKCFP2,success/gojek-success/idle-info/helper,2,PAYMENT:751,"If nothing happens, tap the button below"
SAME_SECTION_SAME_PAIR_DIFF_SCREEN_OR_CONTEXT,P0940,cp_01M3NX20HJFYCS5XX3CYWG9ME5,all-error-cases-copies-for/timeout-trx-attempt/main/title,2,PAYMENT:757,Your transaction is no longer valid
SAME_SECTION_SAME_PAIR_DIFF_SCREEN_OR_CONTEXT,P0940,cp_01M3NX20HKF56TPS8DKAPR4C56,all-error-cases-copies-for/timeout-trx-attempt/main/title-2,2,PAYMENT:761,Your transaction is no longer valid
SAME_SECTION_SAME_PAIR_DIFF_SCREEN_OR_CONTEXT,P0941,cp_01M3NX20HKE1DTRK95S9VDKQD5,all-error-cases-copies-for/timeout-trx-attempt/main/cta,2,PAYMENT:759,Back to merchant
SAME_SECTION_SAME_PAIR_DIFF_SCREEN_OR_CONTEXT,P0941,cp_01M3NX20HKETFV2YDQWA3P5RSK,all-error-cases-copies-for/timeout-trx-attempt/main/cta-2,2,PAYMENT:765,Back to merchant
SAME_SECTION_SAME_PAIR_DIFF_SCREEN_OR_CONTEXT,P0942,cp_01M3NX20HMF87SA4NV87X2Q06R,gopay-later-error/selected-installment-option-no/main/cta,2,PAYMENT:770,Go back to merchant
SAME_SECTION_SAME_PAIR_DIFF_SCREEN_OR_CONTEXT,P0942,cp_01M3NX20HNF578N1WT15CTPJBB,gopay-later-error/user-is-blocked-to-transact-on/main/cta-2,2,PAYMENT:778,Go back to merchant
SAME_SECTION_SAME_PAIR_DIFF_SCREEN_OR_CONTEXT,P0943,cp_01M3NX20HMEHXAHR5WJ1B2MKBE,gopay-later-error/user-is-blocked-to-transact-on/main/title,2,PAYMENT:772,Can’t use your GoPay Later account on this merchant
SAME_SECTION_SAME_PAIR_DIFF_SCREEN_OR_CONTEXT,P0943,cp_01M3NX20HMFCC8ETQ1F59JD33D,gopay-later-error/user-is-blocked-to-transact-on/main/title-2,2,PAYMENT:776,Can’t use your GoPay Later account on this merchant
SAME_SECTION_SAME_PAIR_DIFF_SCREEN_OR_CONTEXT,P0944,cp_01M3NX20HMFDDBB63M598TCNEW,gopay-later-error/user-is-blocked-to-transact-on/main/cta,7,PAYMENT:774,Change method
SAME_SECTION_SAME_PAIR_DIFF_SCREEN_OR_CONTEXT,P0944,cp_01M3NX20HNFFDRAKBJE404Y6BY,gopay-later-error/group-a-pre-transaction/main/cta,7,PAYMENT:782,Change method
SAME_SECTION_SAME_PAIR_DIFF_SCREEN_OR_CONTEXT,P0944,cp_01M3NX20HPFXR8W6177P820PB3,gopay-later-error/group-b-pre-transaction/main/cta,7,PAYMENT:790,Change method
SAME_SECTION_SAME_PAIR_DIFF_SCREEN_OR_CONTEXT,P0944,cp_01M3NX20HQFVABH8DABM9XAFZA,gopay-later-error/group-c-pre-transaction/main/cta,7,PAYMENT:798,Change method
SAME_SECTION_SAME_PAIR_DIFF_SCREEN_OR_CONTEXT,P0944,cp_01M3NX20HRFKHBVS7MMD6EGZVA,gopay-later-error/group-d-pre-transaction/main/cta,7,PAYMENT:806,Change method
SAME_SECTION_SAME_PAIR_DIFF_SCREEN_OR_CONTEXT,P0944,cp_01M3NX20HSF6CA9Z3WYXXZCVXZ,gopay-later-error/group-e-pre-transaction/main/cta,7,PAYMENT:814,Change method
SAME_SECTION_SAME_PAIR_DIFF_SCREEN_OR_CONTEXT,P0944,cp_01M3NX20HTEKQ8ZKHEHSH690KV,gopay-later-error/group-f-pre-transaction/main/cta,7,PAYMENT:822,Change method
SAME_SECTION_SAME_PAIR_DIFF_SCREEN_OR_CONTEXT,P0945,cp_01M3NX20HNE85R56MXTP0GSPVF,gopay-later-error/group-a-pre-transaction/main/title,2,PAYMENT:780,Can’t use your GoPay Later for this transaction
SAME_SECTION_SAME_PAIR_DIFF_SCREEN_OR_CONTEXT,P0945,cp_01M3NX20HNF74B2D4P2336DVXP,gopay-later-error/group-a-post-auth/main/title,2,PAYMENT:784,Can’t use your GoPay Later for this transaction
SAME_SECTION_SAME_PAIR_DIFF_SCREEN_OR_CONTEXT,P0946,cp_01M3NX20HPEM9TD2TP21N0XKD9,gopay-later-error/group-a-post-auth/main/cta,6,PAYMENT:786,Retry transaction
SAME_SECTION_SAME_PAIR_DIFF_SCREEN_OR_CONTEXT,P0946,cp_01M3NX20HPFC68FG8837WFRTK0,gopay-later-error/group-b-post-auth/main/cta,6,PAYMENT:794,Retry transaction
SAME_SECTION_SAME_PAIR_DIFF_SCREEN_OR_CONTEXT,P0946,cp_01M3NX20HQFDMTX7FS31FPSFXX,gopay-later-error/group-c-post-auth/main/cta,6,PAYMENT:802,Retry transaction
SAME_SECTION_SAME_PAIR_DIFF_SCREEN_OR_CONTEXT,P0946,cp_01M3NX20HRFEM8AWKEN40EGDEX,gopay-later-error/group-d-post-auth/main/cta,6,PAYMENT:810,Retry transaction
SAME_SECTION_SAME_PAIR_DIFF_SCREEN_OR_CONTEXT,P0946,cp_01M3NX20HSEB188XTN56VJ1V10,gopay-later-error/group-e-post-auth/main/cta,6,PAYMENT:818,Retry transaction
SAME_SECTION_SAME_PAIR_DIFF_SCREEN_OR_CONTEXT,P0946,cp_01M3NX20HTFQ9B2TBKJVX1D82Q,gopay-later-error/group-f-post-auth/main/cta,6,PAYMENT:826,Retry transaction
SAME_SECTION_SAME_PAIR_DIFF_SCREEN_OR_CONTEXT,P0947,cp_01M3NX20HPEW3BQPP8SVT6CEEM,gopay-later-error/group-b-pre-transaction/main/title,4,PAYMENT:788,Your GoPay Later is under review
SAME_SECTION_SAME_PAIR_DIFF_SCREEN_OR_CONTEXT,P0947,cp_01M3NX20HQEMTBCYJFFPTXATPT,gopay-later-error/group-c-pre-transaction/main/title,4,PAYMENT:796,Your GoPay Later is under review
SAME_SECTION_SAME_PAIR_DIFF_SCREEN_OR_CONTEXT,P0947,cp_01M3NX20HQEBRRD8G06AE3X0ZJ,gopay-later-error/group-d-pre-transaction/main/title,4,PAYMENT:804,Your GoPay Later is under review
SAME_SECTION_SAME_PAIR_DIFF_SCREEN_OR_CONTEXT,P0947,cp_01M3NX20HTFKNSK9VQ6CRYTZAQ,gopay-later-error/under-review-education/main/title,4,PAYMENT:830,Your GoPay Later is under review
SAME_SECTION_SAME_PAIR_DIFF_SCREEN_OR_CONTEXT,P0948,cp_01M3NX20HPEDBA4SW21Z39QHYR,gopay-later-error/group-b-post-auth/main/title,3,PAYMENT:792,Transaction failed — Your GoPay Later is under review
SAME_SECTION_SAME_PAIR_DIFF_SCREEN_OR_CONTEXT,P0948,cp_01M3NX20HQFZPR8997FW8471KT,gopay-later-error/group-c-post-auth/main/title,3,PAYMENT:800,Transaction failed — Your GoPay Later is under review
SAME_SECTION_SAME_PAIR_DIFF_SCREEN_OR_CONTEXT,P0948,cp_01M3NX20HREK8VS8G8C6KYHY1H,gopay-later-error/group-d-post-auth/main/title,3,PAYMENT:808,Transaction failed — Your GoPay Later is under review
SAME_SECTION_SAME_PAIR_DIFF_SCREEN_OR_CONTEXT,P0949,cp_01M3NX20HREEDRBKY1TX8P26H5,gopay-later-error/group-e-pre-transaction/main/title,2,PAYMENT:812,You don’t have enough limit
SAME_SECTION_SAME_PAIR_DIFF_SCREEN_OR_CONTEXT,P0949,cp_01M3NX20HSFD79XNRTA62A0WJG,gopay-later-error/group-e-post-auth/main/title,2,PAYMENT:816,You don’t have enough limit
SAME_SECTION_SAME_PAIR_DIFF_SCREEN_OR_CONTEXT,P0950,cp_01M3NX20HWE7XR9AS71Q56BNZX,addcard/card-detail/add-card/title,2,PAYMENT:844;PAYMENT:852;PAYMENT:1239,Add card
SAME_SECTION_SAME_PAIR_DIFF_SCREEN_OR_CONTEXT,P0950,cp_01M3NX20HWFQCSH8JTJYA7JHWJ,addcard/savecard/main/cta,2,PAYMENT:850;PAYMENT:1250,Add card
SAME_SECTION_SAME_PAIR_DIFF_SCREEN_OR_CONTEXT,P0951,cp_01M3NX20J2FF6TKGEDAJ1TAH49,bca-blu/payment-listing/method-name/label,2,PAYMENT:906,blu by BCA Digital
SAME_SECTION_SAME_PAIR_DIFF_SCREEN_OR_CONTEXT,P0951,cp_01M3NX20J2F6HRT5C5BJWF4CYF,bca-blu/after-linking/method-name/label,2,PAYMENT:910,blu by BCA Digital
SAME_SECTION_SAME_PAIR_DIFF_SCREEN_OR_CONTEXT,P0952,cp_01M3NX20J5EJFVFKJHXN1BA32M,bca-blu/phone-number-not-linked-to/main/cta,3,PAYMENT:937,Try again
SAME_SECTION_SAME_PAIR_DIFF_SCREEN_OR_CONTEXT,P0952,cp_01M3NX20J6F3XSMR1NDJQERPCK,bca-blu/payment-flow/main/cta-secondary,3,PAYMENT:942,Try again
SAME_SECTION_SAME_PAIR_DIFF_SCREEN_OR_CONTEXT,P0952,cp_01M3NX20J7FQG8CZN7PVEWJG0S,bca-blu/invalid-account/main/cta,3,PAYMENT:954,Try again
SAME_SECTION_SAME_PAIR_DIFF_SCREEN_OR_CONTEXT,P0953,cp_01M3NX20J6E4PR3WGAA8QPJCC0,bca-blu/payment-flow/main/cta-primary,6,PAYMENT:941,Change method
SAME_SECTION_SAME_PAIR_DIFF_SCREEN_OR_CONTEXT,P0953,cp_01M3NX20J6EDQRN0SX3N6JAWGP,bca-blu/blocked-account/main/cta,6,PAYMENT:950,Change method
SAME_SECTION_SAME_PAIR_DIFF_SCREEN_OR_CONTEXT,P0953,cp_01M3NX20J7EKYSFD9SMT9375BJ,bca-blu/insufficient-balance/main/cta,6,PAYMENT:962,Change method
SAME_SECTION_SAME_PAIR_DIFF_SCREEN_OR_CONTEXT,P0953,cp_01M3NX20J8FQ6RG7VACTJDCZCW,bca-blu/daily-limit-almost-exeeded/main/cta,6,PAYMENT:967,Change method
SAME_SECTION_SAME_PAIR_DIFF_SCREEN_OR_CONTEXT,P0953,cp_01M3NX20J8FXFSSGHKHZ7VMFWK,bca-blu/daily-limit-exeeded/main/cta,6,PAYMENT:971,Change method
SAME_SECTION_SAME_PAIR_DIFF_SCREEN_OR_CONTEXT,P0953,cp_01M3NX20J9FKYSWRFB5W56W2F5,bca-blu/limit-exceeded/main/cta,6,PAYMENT:975,Change method
SAME_SECTION_SAME_PAIR_DIFF_SCREEN_OR_CONTEXT,P0954,cp_01M3NX20J7E24RR77F5JFKE5CH,bca-blu/account-already-linked/main/cta,2,PAYMENT:958,Got it
SAME_SECTION_SAME_PAIR_DIFF_SCREEN_OR_CONTEXT,P0954,cp_01M3NX20J9FH8TFZDWA7CBZ3FV,bca-blu/limit-exceeded/main/cta-2,2,PAYMENT:979,Got it
SAME_SECTION_SAME_PAIR_DIFF_SCREEN_OR_CONTEXT,P0955,cp_01M3NX20J8E2VVTPXPDT52RA46,bca-blu/daily-limit-exeeded/main/title,2,PAYMENT:969,Can't continue with this method
SAME_SECTION_SAME_PAIR_DIFF_SCREEN_OR_CONTEXT,P0955,cp_01M3NX20J8EY489BWN0FEVKY9Y,bca-blu/limit-exceeded/main/title,2,PAYMENT:973,Can't continue with this method
SAME_SECTION_SAME_PAIR_DIFF_SCREEN_OR_CONTEXT,P0956,cp_01M3NX20JBEKSTF6EBXBF78WY3,generic-payment-linking-error/generic-error/main/title,3,PAYMENT:1001,Couldn’t process your payment
SAME_SECTION_SAME_PAIR_DIFF_SCREEN_OR_CONTEXT,P0956,cp_01M3NX20JBEY189BT47CTCSAH0,generic-payment-linking-error/generic-non-system-error-suggest/main/title,3,PAYMENT:1005,Couldn’t process your payment
SAME_SECTION_SAME_PAIR_DIFF_SCREEN_OR_CONTEXT,P0956,cp_01M3NX20JBFWQT9YC6QF1Q8ZCT,generic-payment-linking-error/payment-provider-error/main/title,3,PAYMENT:1009,Couldn’t process your payment
SAME_SECTION_SAME_PAIR_DIFF_SCREEN_OR_CONTEXT,P0957,cp_01M3NX20JBE9GS5J750AH2Y1AK,generic-payment-linking-error/generic-error/main/cta,6,PAYMENT:1003,Got it
SAME_SECTION_SAME_PAIR_DIFF_SCREEN_OR_CONTEXT,P0957,cp_01M3NX20JBFB8S3Z1J7B7NTD03,generic-payment-linking-error/generic-non-system-error-suggest/main/cta,6,PAYMENT:1007,Got it
SAME_SECTION_SAME_PAIR_DIFF_SCREEN_OR_CONTEXT,P0957,cp_01M3NX20JCFK28753C74X3VQT5,generic-payment-linking-error/payment-provider-error/main/cta,6,PAYMENT:1011,Got it
SAME_SECTION_SAME_PAIR_DIFF_SCREEN_OR_CONTEXT,P0957,cp_01M3NX20JCF7JT489EEN6PZT6X,generic-payment-linking-error/terminated-payment/main/cta-primary,6,PAYMENT:1015,Got it
SAME_SECTION_SAME_PAIR_DIFF_SCREEN_OR_CONTEXT,P0957,cp_01M3NX20JCF3DSECRDDDYDD3AV,generic-payment-linking-error/reached-trx-limit-need-to-update/main/cta,6,PAYMENT:1020,Got it
SAME_SECTION_SAME_PAIR_DIFF_SCREEN_OR_CONTEXT,P0957,cp_01M3NX20JDFY98045PJ0A5D5Q8,generic-payment-linking-error/incompatible-version-dialogue/main/cta,6,PAYMENT:1028,Got it
SAME_SECTION_SAME_PAIR_DIFF_SCREEN_OR_CONTEXT,P0958,cp_01M3NX20JEF27VFE8JYZAS6CV9,please-ask-mas-guruh-for-vis/generic-qr-transactionerror/main/cta,2,PAYMENT:1032,Got it
SAME_SECTION_SAME_PAIR_DIFF_SCREEN_OR_CONTEXT,P0958,cp_01M3NX20JEE06829YFXD6BPQ7M,please-ask-mas-guruh-for-vis/blocked-payment-due-to-fraud/main/cta,2,PAYMENT:1036,Got it
SAME_SECTION_SAME_PAIR_DIFF_SCREEN_OR_CONTEXT,P0959,cp_01M3NX20JFFYDAR1YYSAYABMYK,please-ask-mas-guruh-for-vis/too-many-attempts/main/cta,5,PAYMENT:1044,Got it
SAME_SECTION_SAME_PAIR_DIFF_SCREEN_OR_CONTEXT,P0959,cp_01M3NX20JFEBYB3432GQ5QP959,please-ask-mas-guruh-for-vis/session-expired-time-out-payment/main/cta,5,PAYMENT:1048,Got it
SAME_SECTION_SAME_PAIR_DIFF_SCREEN_OR_CONTEXT,P0959,cp_01M3NX20JFFGTAVT4RRF2WFG8Q,please-ask-mas-guruh-for-vis/session-expired-time-out-linking/main/cta,5,PAYMENT:1052,Got it
SAME_SECTION_SAME_PAIR_DIFF_SCREEN_OR_CONTEXT,P0959,cp_01M3NX20JGFKNTQVGAT39773QT,please-ask-mas-guruh-for-vis/invalid-no-reference-id/main/cta,5,PAYMENT:1056,Got it
SAME_SECTION_SAME_PAIR_DIFF_SCREEN_OR_CONTEXT,P0959,cp_01M3NX20JGE3ZAECNTVAPJ7TG8,please-ask-mas-guruh-for-vis/generic-method-error-can-choose/main/cta,5,PAYMENT:1060,Got it
SAME_SECTION_SAME_PAIR_DIFF_SCREEN_OR_CONTEXT,P0960,cp_01M3NX20JHETPBRQFMTYM1SFKK,user-facing-dialogue/user-exceed-trx-limit-trigger/main/cta,2,PAYMENT:1078,Got it
SAME_SECTION_SAME_PAIR_DIFF_SCREEN_OR_CONTEXT,P0960,cp_01M3NX20JHF73SJ2RW2FEHDRWB,user-facing-dialogue/trx-via-2fa-failed-ask-to-re/main/cta,2,PAYMENT:1082,Got it
SAME_SECTION_SAME_PAIR_DIFF_SCREEN_OR_CONTEXT,P0961,cp_01M3NX20JQFVK9AT8CYPCW1RSR,online-payment-redirection/payment-redirection-landing/gopay-app/text,2,PAYMENT:1144,GoPay App
SAME_SECTION_SAME_PAIR_DIFF_SCREEN_OR_CONTEXT,P0961,cp_01M3NX20JREH3962H15XJSTAM4,online-payment-redirection/linking-redirection-landing/gopay-app/text,2,PAYMENT:1153,GoPay App
SAME_SECTION_SAME_PAIR_DIFF_SCREEN_OR_CONTEXT,P0962,cp_01M3NX20JQEQYA0X3DKKZMGM8Q,online-payment-redirection/payment-redirection-landing/gojek-app/text,2,PAYMENT:1145,Gojek App
SAME_SECTION_SAME_PAIR_DIFF_SCREEN_OR_CONTEXT,P0962,cp_01M3NX20JRFYRTQQHQQN98YTFZ,online-payment-redirection/linking-redirection-landing/gojek-app/text,2,PAYMENT:1154,Gojek App
SAME_SECTION_SAME_PAIR_DIFF_SCREEN_OR_CONTEXT,P0963,cp_01M3NX20JTF7JVFH3RZSMNP8AS,preference-reset-setting/success-reset-to-gojek/main/cta,3,PAYMENT:1176,Back to Gojek app
SAME_SECTION_SAME_PAIR_DIFF_SCREEN_OR_CONTEXT,P0963,cp_01M3NX20JTEYEAV9H0PFZMDHAS,preference-reset-setting/has-been-set-to-gojek-want-to/main/cta,3,PAYMENT:1180,Back to Gojek app
SAME_SECTION_SAME_PAIR_DIFF_SCREEN_OR_CONTEXT,P0963,cp_01M3NX20JVE0YRZBDF64G85BZK,preference-reset-setting/user-havent-set-their-preference/main/cta,3,PAYMENT:1184,Back to Gojek app
SAME_SECTION_SAME_PAIR_DIFF_SCREEN_OR_CONTEXT,P0964,cp_01M3NX20JWEC6V704READV43MV,midtrans-payment-error-mapping/do-not-honour/main/cta,2,PAYMENT:1198,Change method
SAME_SECTION_SAME_PAIR_DIFF_SCREEN_OR_CONTEXT,P0964,cp_01M3NX20JWEA58HC92827XNG0E,midtrans-payment-error-mapping/jago-trx-exceed-limit/main/cta,2,PAYMENT:1202,Change method
SAME_SECTION_SAME_PAIR_DIFF_SCREEN_OR_CONTEXT,P0965,cp_01M3NX20JZFBK871FD8QTA2FMT,card-payment-linking/enable-online-trx-nudge/main/cta,2,PAYMENT:1222,Got it
SAME_SECTION_SAME_PAIR_DIFF_SCREEN_OR_CONTEXT,P0965,cp_01M3NX20JZFM9VCQ7B23235XF9,card-payment-linking/enable-online-trx-nudge-sg/main/cta,2,PAYMENT:1229,Got it
SAME_SECTION_SAME_PAIR_DIFF_SCREEN_OR_CONTEXT,P0966,cp_01M3NX20K3FG6B0Y4BMG66P0JK,card-error-mapping-from-kevin/technical-error-error-100-101/main/title,4,PAYMENT:1271,Can't proceed with this card
SAME_SECTION_SAME_PAIR_DIFF_SCREEN_OR_CONTEXT,P0966,cp_01M3NX20K6FMAA63KEN3B164RQ,card-error-mapping-from-kevin/error-400/main/title,4,PAYMENT:1301,Can't proceed with this card
SAME_SECTION_SAME_PAIR_DIFF_SCREEN_OR_CONTEXT,P0966,cp_01M3NX20K7F62VW0DTD6MFK3SH,card-error-mapping-from-kevin/error-401/main/title,4,PAYMENT:1306,Can't proceed with this card
SAME_SECTION_SAME_PAIR_DIFF_SCREEN_OR_CONTEXT,P0966,cp_01M3NX20K8EWKS7Q5ZWWVECTC1,card-error-mapping-from-kevin/error-402/main/title,4,PAYMENT:1311,Can't proceed with this card
SAME_SECTION_SAME_PAIR_DIFF_SCREEN_OR_CONTEXT,P0967,cp_01M3NX20K3EBSRBJVA6VTJJW6K,card-error-mapping-from-kevin/technical-error-error-100-101/main/description,2,PAYMENT:1272,"There's a technical error, but we're currently working on it. Please try again."
SAME_SECTION_SAME_PAIR_DIFF_SCREEN_OR_CONTEXT,P0967,cp_01M3NX20KAFYC97M8MF43Y24ZQ,card-error-mapping-from-kevin/technical-error-try-again-error/main/description,2,PAYMENT:1338,"There's a technical error, but we're currently working on it. Please try again."
SAME_SECTION_SAME_PAIR_DIFF_SCREEN_OR_CONTEXT,P0968,cp_01M3NX20K3FV7BRRS719P5T126,card-error-mapping-from-kevin/error-200/main/title,7,PAYMENT:1276,Rejected by bank
SAME_SECTION_SAME_PAIR_DIFF_SCREEN_OR_CONTEXT,P0968,cp_01M3NX20K4EA58HMT504QAJ4Y9,card-error-mapping-from-kevin/error-201/main/title,7,PAYMENT:1281,Rejected by bank
SAME_SECTION_SAME_PAIR_DIFF_SCREEN_OR_CONTEXT,P0968,cp_01M3NX20K4ENDS9AGFRFPEKQ3N,card-error-mapping-from-kevin/error-202-204-205-305-306-307/main/title,7,PAYMENT:1286,Rejected by bank
SAME_SECTION_SAME_PAIR_DIFF_SCREEN_OR_CONTEXT,P0968,cp_01M3NX20K5EYD8XV2QER2TV86K,card-error-mapping-from-kevin/error-203-303-304/main/title,7,PAYMENT:1291,Rejected by bank
SAME_SECTION_SAME_PAIR_DIFF_SCREEN_OR_CONTEXT,P0968,cp_01M3NX20K6F8TV8WJQ6T0FF3GK,card-error-mapping-from-kevin/error-301-302/main/title,7,PAYMENT:1296,Rejected by bank
SAME_SECTION_SAME_PAIR_DIFF_SCREEN_OR_CONTEXT,P0968,cp_01M3NX20KAF6F99TQ5TW8Y7E4J,card-error-mapping-from-kevin/rejected-by-bank-error-302-304/main/title,7,PAYMENT:1328,Rejected by bank
SAME_SECTION_SAME_PAIR_DIFF_SCREEN_OR_CONTEXT,P0968,cp_01M3NX20KBEJHVG5T5XY7SX0Q1,card-error-mapping-from-kevin/temporary-rejection-can-try/main/title,7,PAYMENT:1344,Rejected by bank
SAME_SECTION_SAME_PAIR_DIFF_SCREEN_OR_CONTEXT,P0969,cp_01M3NX20K3F03BWH7WES9DZK9F,card-error-mapping-from-kevin/error-200/main/cta,12,PAYMENT:1278,Got it
SAME_SECTION_SAME_PAIR_DIFF_SCREEN_OR_CONTEXT,P0969,cp_01M3NX20K4EHJA2A0MQSRFHXZ2,card-error-mapping-from-kevin/error-201/main/cta,12,PAYMENT:1283,Got it
SAME_SECTION_SAME_PAIR_DIFF_SCREEN_OR_CONTEXT,P0969,cp_01M3NX20K5F60BB99NVNB54A55,card-error-mapping-from-kevin/error-202-204-205-305-306-307/main/cta,12,PAYMENT:1288,Got it
SAME_SECTION_SAME_PAIR_DIFF_SCREEN_OR_CONTEXT,P0969,cp_01M3NX20K5FXDRWX3NED0AHVDY,card-error-mapping-from-kevin/error-203-303-304/main/cta,12,PAYMENT:1293,Got it
SAME_SECTION_SAME_PAIR_DIFF_SCREEN_OR_CONTEXT,P0969,cp_01M3NX20K6FVNV4JCN6D5023F3,card-error-mapping-from-kevin/error-301-302/main/cta,12,PAYMENT:1298,Got it
SAME_SECTION_SAME_PAIR_DIFF_SCREEN_OR_CONTEXT,P0969,cp_01M3NX20K7EMHASK684FQYZ4P5,card-error-mapping-from-kevin/error-400/main/cta,12,PAYMENT:1303,Got it
SAME_SECTION_SAME_PAIR_DIFF_SCREEN_OR_CONTEXT,P0969,cp_01M3NX20K7FYBVWDTPD5W4Z7JC,card-error-mapping-from-kevin/error-401/main/cta,12,PAYMENT:1308,Got it
SAME_SECTION_SAME_PAIR_DIFF_SCREEN_OR_CONTEXT,P0969,cp_01M3NX20K9FNRSTS6JHBS2FXDK,card-error-mapping-from-kevin/technical-error-contact-ccu/main/cta,12,PAYMENT:1322,Got it
SAME_SECTION_SAME_PAIR_DIFF_SCREEN_OR_CONTEXT,P0969,cp_01M3NX20K9FDMR6VTTDXSJ83QB,card-error-mapping-from-kevin/card-doesnt-support-3ds-error/main/cta,12,PAYMENT:1326,Got it
SAME_SECTION_SAME_PAIR_DIFF_SCREEN_OR_CONTEXT,P0969,cp_01M3NX20KAE0AV6AMK30GQAGYD,card-error-mapping-from-kevin/rejected-by-bank-error-302-304/main/cta,12,PAYMENT:1330,Got it
SAME_SECTION_SAME_PAIR_DIFF_SCREEN_OR_CONTEXT,P0969,cp_01M3NX20KAFDKSK99CZPG3Z92V,card-error-mapping-from-kevin/incorrect-card-details-error-303/main/cta,12,PAYMENT:1334,Got it
SAME_SECTION_SAME_PAIR_DIFF_SCREEN_OR_CONTEXT,P0969,cp_01M3NX20KBEJJBSYSXFX46RBQM,card-error-mapping-from-kevin/bank-issue-seek-bank-help-error/main/cta,12,PAYMENT:1342,Got it
SAME_SECTION_SAME_PAIR_DIFF_SCREEN_OR_CONTEXT,P0970,cp_01M3NX20K4E7682Q6MTC76X0BW,card-error-mapping-from-kevin/error-201/main/description,2,PAYMENT:1282,Please contact your bank for further details.
SAME_SECTION_SAME_PAIR_DIFF_SCREEN_OR_CONTEXT,P0970,cp_01M3NX20K6EFR9WYP3KN0A9V9X,card-error-mapping-from-kevin/error-400/main/description,2,PAYMENT:1302,Please contact your bank for further details.
SAME_SECTION_SAME_PAIR_DIFF_SCREEN_OR_CONTEXT,P0971,cp_01M3NX20K9FKTBMDEHYYBAKZ2Y,card-error-mapping-from-kevin/technical-error-contact-ccu/main/title,6,PAYMENT:1320,Can't proceed with this card
SAME_SECTION_SAME_PAIR_DIFF_SCREEN_OR_CONTEXT,P0971,cp_01M3NX20K9EB7TH1WAZ15TZKQ4,card-error-mapping-from-kevin/card-doesnt-support-3ds-error/main/title,6,PAYMENT:1324,Can't proceed with this card
SAME_SECTION_SAME_PAIR_DIFF_SCREEN_OR_CONTEXT,P0971,cp_01M3NX20KAEWBVK6RZ34M6TP5F,card-error-mapping-from-kevin/incorrect-card-details-error-303/main/title,6,PAYMENT:1332,Can't proceed with this card
SAME_SECTION_SAME_PAIR_DIFF_SCREEN_OR_CONTEXT,P0971,cp_01M3NX20KAEZ380MXFQ0FC6Q69,card-error-mapping-from-kevin/technical-error-try-again-error/main/title,6,PAYMENT:1337,Can't proceed with this card
SAME_SECTION_SAME_PAIR_DIFF_SCREEN_OR_CONTEXT,P0971,cp_01M3NX20KBEW59VCS6ZVYA9E6G,card-error-mapping-from-kevin/bank-issue-seek-bank-help-error/main/title,6,PAYMENT:1340,Can't proceed with this card
SAME_SECTION_SAME_PAIR_DIFF_SCREEN_OR_CONTEXT,P0971,cp_01M3NX20KCF6ZS0ZPXG8HXBTT3,card-error-mapping-from-kevin/bank-issue-try-again-error-205/main/title,6,PAYMENT:1348,Can't proceed with this card
SAME_SECTION_SAME_PAIR_DIFF_SCREEN_OR_CONTEXT,P0972,cp_01M3NX20KMFPPT5FZD6KK1VJX7,app-version/default-widget/pl-installment-fee-copy/text,2,PAYMENT:1446,Installment fee {n}%
SAME_SECTION_SAME_PAIR_DIFF_SCREEN_OR_CONTEXT,P0972,cp_01M3NX20KREG582G8M3GKQPBWX,gplconfirmationdialogue/installmentfee/installment-fee/text,2,PAYMENT:1485,Installment fee {n}%
SAME_SECTION_SAME_PAIR_DIFF_SCREEN_OR_CONTEXT,P0973,cp_01M3NX20KXFHZA7FHT7P80SGPV,error/refresh/main/cta,2,PAYMENT:1541,Refresh
SAME_SECTION_SAME_PAIR_DIFF_SCREEN_OR_CONTEXT,P0973,cp_01M3NX20KYE2GSB7KW449F05WN,failedtoload/widget-error/main/cta,2,PAYMENT:1551,Refresh
SAME_SECTION_SAME_PAIR_DIFF_SCREEN_OR_CONTEXT,P0974,cp_01M3NX20M0E0ZAT0C66W3XX82V,dialog/insufficientbalance/main/cta,7,PAYMENT:1567,Got it
SAME_SECTION_SAME_PAIR_DIFF_SCREEN_OR_CONTEXT,P0974,cp_01M3NX20M0FFFTFPMBCCF8R4W5,dialog/paylaterlimitreached/main/cta,7,PAYMENT:1572,Got it
SAME_SECTION_SAME_PAIR_DIFF_SCREEN_OR_CONTEXT,P0974,cp_01M3NX20M1FG2863QA11TK3KZZ,dialog/repaymentoverdue/main/cta,7,PAYMENT:1577,Got it
SAME_SECTION_SAME_PAIR_DIFF_SCREEN_OR_CONTEXT,P0974,cp_01M3NX20M5FGGAG8Z649AJPPG0,dialog/cardexpired/main/cta,7,PAYMENT:1614,Got it
SAME_SECTION_SAME_PAIR_DIFF_SCREEN_OR_CONTEXT,P0974,cp_01M3NX20M6F9F9DFJ12DGGJNPP,dialog/restrictedmethod/main/cta,7,PAYMENT:1618,Got it
SAME_SECTION_SAME_PAIR_DIFF_SCREEN_OR_CONTEXT,P0974,cp_01M3NX20M7EM985W22YY5H21R4,error-states/installment-updated/main/cta,7,PAYMENT:1631,Got it
SAME_SECTION_SAME_PAIR_DIFF_SCREEN_OR_CONTEXT,P0974,cp_01M3NX20M7F1KVGW4FMDH7NQ1C,error-states/web-pl-pending-activation/main/cta,7,PAYMENT:1635,Got it
SAME_SECTION_SAME_PAIR_DIFF_SCREEN_OR_CONTEXT,P0975,cp_01M3NX20M1EVNACGXTXKADSTDK,dialog/gopaylatererror/main/title,2,PAYMENT:1579,Can’t continue with GoPay Later
SAME_SECTION_SAME_PAIR_DIFF_SCREEN_OR_CONTEXT,P0975,cp_01M3NX20M6FP9AAN65NQAXYA2T,dialog/suspectedplaccount/main/title,2,PAYMENT:1625,Can’t continue with GoPay Later
SAME_SECTION_SAME_PAIR_DIFF_SCREEN_OR_CONTEXT,P0976,cp_01M3NX20M1FTZ97MDQ6KQMWEV2,error-states/installment-dialogue/main/title,2,PAYMENT:1586,Select installment
SAME_SECTION_SAME_PAIR_DIFF_SCREEN_OR_CONTEXT,P0976,cp_01M3NX20M5FTB8A7PJJP54GT9M,dialog/selectinstallment/main/cta,2,PAYMENT:1610,Select installment
SAME_SECTION_SAME_PAIR_DIFF_SCREEN_OR_CONTEXT,P0977,cp_01M3NX20MFFEDATNF4EC4NNBM1,gopay-errors/non-withdrawal-qris-error/main/cta,5,PAYMENT:1730,Got it
SAME_SECTION_SAME_PAIR_DIFF_SCREEN_OR_CONTEXT,P0977,cp_01M3NX20MFFX59CJW2PTTZVMA0,gopay-errors/qr-not-registered-acquirer-not/main/cta,5,PAYMENT:1734,Got it
SAME_SECTION_SAME_PAIR_DIFF_SCREEN_OR_CONTEXT,P0977,cp_01M3NX20MGFHQR2RGFEE1CX36V,gopay-errors/kyc-pending/main/cta,5,PAYMENT:1742,Got it
SAME_SECTION_SAME_PAIR_DIFF_SCREEN_OR_CONTEXT,P0977,cp_01M3NX20MHEWD9EW5SKWCYAXJ0,gopay-errors/generic-withdrawal-error/main/cta,5,PAYMENT:1754,Got it
SAME_SECTION_SAME_PAIR_DIFF_SCREEN_OR_CONTEXT,P0977,cp_01M3NX20MKFASRJ30R6XQHB3GC,gopay-errors/card-expired/main/cta,5,PAYMENT:1772,Got it
SAME_SECTION_SAME_PAIR_DIFF_SCREEN_OR_CONTEXT,P0978,cp_01M3NX20MJERZ8Z2N01T3APWHZ,gopay-errors/insufficient-balance/main/cta-2,3,PAYMENT:1759,Change method
SAME_SECTION_SAME_PAIR_DIFF_SCREEN_OR_CONTEXT,P0978,cp_01M3NX20MJEN8SYH7G95NCDEXJ,gopay-errors/failed-to-card/main/cta-primary,3,PAYMENT:1763,Change method
SAME_SECTION_SAME_PAIR_DIFF_SCREEN_OR_CONTEXT,P0978,cp_01M3NX20MKFXK9D1Y2SA3AKTT7,gopay-errors/blocked-card/main/cta,3,PAYMENT:1768,Change method
SAME_SECTION_SAME_PAIR_DIFF_SCREEN_OR_CONTEXT,P0979,cp_01M3NX20MPE5TBWFH5D2PRGGN1,tuntas/pendingeducation/main/cta,3,PAYMENT:1797,Got it
SAME_SECTION_SAME_PAIR_DIFF_SCREEN_OR_CONTEXT,P0979,cp_01M3NX20MQF7R9BCREBPKXF9KD,tuntas/faileddialogue/main/cta,3,PAYMENT:1801,Got it
SAME_SECTION_SAME_PAIR_DIFF_SCREEN_OR_CONTEXT,P0979,cp_01M3NX20MQFZBRAGYA42YTFS56,arta-jasa-errors/arta-jasa-maintenance/main/cta,3,PAYMENT:1805,Got it
SAME_SECTION_SAME_PAIR_DIFF_SCREEN_OR_CONTEXT,P0980,cp_01M3NX20MVEPTVRB9SCWCG2WKK,principalamount/payment-review/principal-amount/value,2,PAYMENT:1846;PAYMENT:2008,Principal amount
SAME_SECTION_SAME_PAIR_DIFF_SCREEN_OR_CONTEXT,P0980,cp_01M3NX20MZF1DAKEY6HT4CPV37,payment-widget/select-installment/principal-amount/value,2,PAYMENT:1892,Principal amount
SAME_SECTION_SAME_PAIR_DIFF_SCREEN_OR_CONTEXT,P0981,cp_01M3NX20MVE3NA46CEAHTSDTPV,payment-widget/payment-review/installment-fee/text,2,PAYMENT:1851,Installment fee
SAME_SECTION_SAME_PAIR_DIFF_SCREEN_OR_CONTEXT,P0981,cp_01M3NX20MZFYTS02HXET3BPRRJ,payment-widget/select-installment/installment-fee/text,2,PAYMENT:1893,Installment fee
SAME_SECTION_SAME_PAIR_DIFF_SCREEN_OR_CONTEXT,P0982,cp_01M3NX20N2FBVT2VPV2NYQSJAZ,gopay-later-case/under-maintenance/main/cta,3,PAYMENT:1926,Got it
SAME_SECTION_SAME_PAIR_DIFF_SCREEN_OR_CONTEXT,P0982,cp_01M3NX20N3E5JB2272DR7G5E8R,gopay-later-case/max-trx/main/cta,3,PAYMENT:1931,Got it
SAME_SECTION_SAME_PAIR_DIFF_SCREEN_OR_CONTEXT,P0982,cp_01M3NX20N3ETERYJ7XHAFW05W2,gopay-later-case/max-trx-auth/main/cta,3,PAYMENT:1935,Got it
SAME_SECTION_SAME_PAIR_DIFF_SCREEN_OR_CONTEXT,P0983,cp_01M3NX20N3E38R7Z0NTNZG2WWN,gopay-later-case/max-trx/main/description,2,PAYMENT:1930,Please enter a lesser amount or continue with other method.
SAME_SECTION_SAME_PAIR_DIFF_SCREEN_OR_CONTEXT,P0983,cp_01M3NX20N3E1QS32YSAAKMF35R,gopay-later-case/max-trx-auth/main/description,2,PAYMENT:1934,Please enter a lesser amount or continue with other method.
SAME_SECTION_SAME_PAIR_DIFF_SCREEN_OR_CONTEXT,P0984,cp_01M3NX20N4F6HT0APJ0HGTXZ8Q,gopay-later-case/paylater-restricted-cant/main/cta,2,PAYMENT:1940,Use other method
SAME_SECTION_SAME_PAIR_DIFF_SCREEN_OR_CONTEXT,P0984,cp_01M3NX20N4FSBTN2GHQWP9JQW8,gopay-later-case/blocked/cta2/text,2,PAYMENT:1946,Use other method
SAME_SECTION_SAME_PAIR_DIFF_SCREEN_OR_CONTEXT,P0985,cp_01M3NX20N9EF282J3XQ3DCM555,exchangerateupdated/updated-exchange-rate/main/cta,2,PAYMENT:2015,Got it
SAME_SECTION_SAME_PAIR_DIFF_SCREEN_OR_CONTEXT,P0985,cp_01M3NX20N9EDG8SGMMP6TJNKY7,cantprocessqr/generic-qr-transactionerror/main/cta,2,PAYMENT:2019,Got it
SAME_SECTION_SAME_PAIR_DIFF_SCREEN_OR_CONTEXT,P0986,cp_01M3NX20NNEQ0873TMTN86AW3S,cantdetectnfc/final/main/cta,7,PAYMENT:2145,Got it
SAME_SECTION_SAME_PAIR_DIFF_SCREEN_OR_CONTEXT,P0986,cp_01M3NX20NPE9R9WCP4QSPYX1D5,phonenotsupported/phone-doesnt-have-nfc/main/cta,7,PAYMENT:2162,Got it
SAME_SECTION_SAME_PAIR_DIFF_SCREEN_OR_CONTEXT,P0986,cp_01M3NX20NQEMTBVY3A45ZWEQ0Q,tap-out/insufficient-balance/main/cta,7,PAYMENT:2166,Got it
SAME_SECTION_SAME_PAIR_DIFF_SCREEN_OR_CONTEXT,P0986,cp_01M3NX20NQE5C91NXDMQKBSJRF,tap-out/blocked/main/cta,7,PAYMENT:2170,Got it
SAME_SECTION_SAME_PAIR_DIFF_SCREEN_OR_CONTEXT,P0986,cp_01M3NX20NSFJW9H6ABB8ZCWS2P,tap-out/tap-out-failed/main/text-got,7,PAYMENT:2182,Got it
SAME_SECTION_SAME_PAIR_DIFF_SCREEN_OR_CONTEXT,P0986,cp_01M3NX20NSEAYRPMNATMKR38VG,tap-out/unable-to-pay-due-to-edc-problem/main/cta,7,PAYMENT:2191,Got it
SAME_SECTION_SAME_PAIR_DIFF_SCREEN_OR_CONTEXT,P0986,cp_01M3NX20NWEA8SR8ZCNJCE1X7V,comingsoondialogue/coming-soon-dialogue/main/cta,7,PAYMENT:2212,Got it
SAME_SECTION_SAME_PAIR_DIFF_SCREEN_OR_CONTEXT,P0987,cp_01M3NX20NRFP2AX65EC6G183Z6,tap-out/expired/main/cta,2,PAYMENT:2174,Refresh
SAME_SECTION_SAME_PAIR_DIFF_SCREEN_OR_CONTEXT,P0987,cp_01M3NX20NRFXZTQST60A16RBTC,tap-out/already-used/main/text-refresh,2,PAYMENT:2178,Refresh
SAME_SECTION_SAME_PAIR_DIFF_SCREEN_OR_CONTEXT,P0988,cp_01M3NX20NRE0BVC2JCSRADDPKN,tap-out/already-used/main/text,2,PAYMENT:2176,Can't continue to pay
SAME_SECTION_SAME_PAIR_DIFF_SCREEN_OR_CONTEXT,P0988,cp_01M3NX20NSEC7T3SQDEDAKH7YE,tap-out/unable-to-pay-due-to-edc-problem/main/title,2,PAYMENT:2189,Can't continue to pay
SAME_SECTION_SAME_PAIR_DIFF_SCREEN_OR_CONTEXT,P0989,cp_01M3NX20NVEAHBDYXSNMV70XPT,enablenfc/enable-nfc/main/cta,2,PAYMENT:2204,Go to Settings
SAME_SECTION_SAME_PAIR_DIFF_SCREEN_OR_CONTEXT,P0989,cp_01M3NX20NWFHYRTGRTQ3QGFM34,tap-out/enable-opened-app-to-pay-with/main/cta,2,PAYMENT:2216,Go to Settings
SAME_SECTION_SAME_PAIR_DIFF_SCREEN_OR_CONTEXT,P0990,cp_01M3NX20NYF5WVSREMWERPYS4N,tap-out/user-already-tapped-in-but/stepper/text,2,PAYMENT:2236,Tap in success
SAME_SECTION_SAME_PAIR_DIFF_SCREEN_OR_CONTEXT,P0990,cp_01M3NX20NZESWA55N9KSS8Q8Y1,tap-out/user-successfully-tap-in-and-tap/stepper/text,2,PAYMENT:2245,Tap in success
SAME_SECTION_SAME_PAIR_DIFF_SCREEN_OR_CONTEXT,P0991,cp_01M3NX20NYFMABTA5HA4VKNBPY,tap-out/user-already-tapped-in-but/main/text-balance-hold,2,PAYMENT:2237,Balance on hold
SAME_SECTION_SAME_PAIR_DIFF_SCREEN_OR_CONTEXT,P0991,cp_01M3NX20NZEN0VX6HHQ13XD9XN,tap-out/user-successfully-tap-in-and-tap/main/text-balance-hold,2,PAYMENT:2246,Balance on hold
SAME_SECTION_SAME_PAIR_DIFF_SCREEN_OR_CONTEXT,P0992,cp_01M3NX20NZEH5SWSKQYRGPS95S,dompet-anak-naming-exploration/homepage/entry-point-wallet-org-pill/badge,5,PAYMENT:2295,Makan Bergizi Gratis
SAME_SECTION_SAME_PAIR_DIFF_SCREEN_OR_CONTEXT,P0992,cp_01M3NX20NZEM7VVM42Y9YNAXFH,dompet-anak-naming-exploration/homepage/gennie/title,5,PAYMENT:2297,Makan Bergizi Gratis
SAME_SECTION_SAME_PAIR_DIFF_SCREEN_OR_CONTEXT,P0992,cp_01M3NX20P0FY0A6KE44QH4JTTQ,dompet-anak-naming-exploration/money/category/text,5,PAYMENT:2301,Makan Bergizi Gratis
SAME_SECTION_SAME_PAIR_DIFF_SCREEN_OR_CONTEXT,P0992,cp_01M3NX20P0ETK9GZ9MHEQ0DYE4,dompet-anak-naming-exploration/onboarding/main/title,5,PAYMENT:2306,Makan Bergizi Gratis
SAME_SECTION_SAME_PAIR_DIFF_SCREEN_OR_CONTEXT,P0992,cp_01M3NX20P2F308R8348HKJP7SQ,landingpage/childs-wallet-listing/main/title,5,PAYMENT:2321,Makan Bergizi Gratis
SAME_SECTION_SAME_PAIR_DIFF_SCREEN_OR_CONTEXT,P0993,cp_01M3NX20P0E0R984BSAH4N5C6D,dompet-anak-naming-exploration/homepage/main/cta,2,PAYMENT:2299,Confirm
SAME_SECTION_SAME_PAIR_DIFF_SCREEN_OR_CONTEXT,P0993,cp_01M3NX20P7EWZVPFVW0NZ6KW7S,dompet-anak-naming-exploration/edit-meal-schedule/main/cta,2,PAYMENT:2364,Confirm
SAME_SECTION_SAME_PAIR_DIFF_SCREEN_OR_CONTEXT,P0994,cp_01M3NX20P0EVQ88GHHVGG1826X,dompet-anak-naming-exploration/money/fund-name/label,3,PAYMENT:2302,Child's wallet
SAME_SECTION_SAME_PAIR_DIFF_SCREEN_OR_CONTEXT,P0994,cp_01M3NX20P2FBGABB68XJWYDPF3,dompet-anak-naming-exploration/childs-wallet-listing/wallet-name/label,3,PAYMENT:2323,Child's wallet
SAME_SECTION_SAME_PAIR_DIFF_SCREEN_OR_CONTEXT,P0994,cp_01M3NX20PAEKB8EJFM5B97XCDZ,dompet-anak-naming-exploration/transaction-history/pay-method/text,3,PAYMENT:2392,Child's wallet
SAME_SECTION_SAME_PAIR_DIFF_SCREEN_OR_CONTEXT,P0995,cp_01M3NX20P3E0C9DBRWNV74SB9M,dompet-anak-naming-exploration/childs-wallet-listing/meal-schedule/title,2,PAYMENT:2331,Meal delivery schedule Period: {period}
SAME_SECTION_SAME_PAIR_DIFF_SCREEN_OR_CONTEXT,P0995,cp_01M3NX20P6E14A9QR775M283BW,dompet-anak-naming-exploration/edit-meal-schedule/main/title,2,PAYMENT:2361,Meal delivery schedule Period: {period}
SAME_SECTION_SAME_PAIR_DIFF_SCREEN_OR_CONTEXT,P0996,cp_01M3NX20PCFPCR0EWCVH2FRJVN,samsung-wallet/error-0-and-5003/main/cta,2,PAYMENT:2414,Got it
SAME_SECTION_SAME_PAIR_DIFF_SCREEN_OR_CONTEXT,P0996,cp_01M3NX20PCFYBTGV2EREFGVHPD,samsung-wallet/error-109/main/cta,2,PAYMENT:2418,Got it
SAME_SECTION_SAME_PAIR_DIFF_SCREEN_OR_CONTEXT,P0997,cp_01M3NX20PDE1MBB9N41JVP1XK9,samsung-wallet/pin-blocked-multiple-wrong/main/cta,5,PAYMENT:2422,Got it
SAME_SECTION_SAME_PAIR_DIFF_SCREEN_OR_CONTEXT,P0997,cp_01M3NX20PDF94BTQ5ZE6H85NN3,samsung-wallet/generic-error/main/cta,5,PAYMENT:2426,Got it
SAME_SECTION_SAME_PAIR_DIFF_SCREEN_OR_CONTEXT,P0997,cp_01M3NX20PEEW3V9ZW7ED48F0GV,samsung-wallet/gopay-blocked-on-gojek/main/cta,5,PAYMENT:2430,Got it
SAME_SECTION_SAME_PAIR_DIFF_SCREEN_OR_CONTEXT,P0997,cp_01M3NX20PEF5ZARCKFSFYKEKS6,samsung-wallet/too-many-pin-attempts/main/cta,5,PAYMENT:2434,Got it
SAME_SECTION_SAME_PAIR_DIFF_SCREEN_OR_CONTEXT,P0997,cp_01M3NX20PFFRPBS5GT5ZC8E4FG,samsung-wallet/insufficient-balance/main/cta,5,PAYMENT:2442,Got it
SAME_SECTION_SAME_PAIR_DIFF_SCREEN_OR_CONTEXT,P0998,cp_01M3NX20PGE99RBDM1WZPW3BF2,samsung-wallet/artajasa-error-pull-attempt/main/cta,2,PAYMENT:2454,Back to Samsung Pay
SAME_SECTION_SAME_PAIR_DIFF_SCREEN_OR_CONTEXT,P0998,cp_01M3NX20PHF469FC9H07XKS2FX,samsung-wallet/artajasa-error-dead-end-pull/main/cta,2,PAYMENT:2458,Back to Samsung Pay
SAME_SECTION_SAME_PAIR_DIFF_SCREEN_OR_CONTEXT,P0999,cp_01M3NX20PPE87SSCC6SGS8YX7K,gopay-pocket/name-the-pocket/limit-shared-with-saldo/text,2,PAYMENT:2513,(shared with GoPay Saldo)
SAME_SECTION_SAME_PAIR_DIFF_SCREEN_OR_CONTEXT,P0999,cp_01M3NX20PTEZJRXH5BWX6ASBQP,gopay-pocket/method/limit-shared-with-saldo/text,2,PAYMENT:2549,(shared with GoPay Saldo)
SAME_SECTION_SAME_PAIR_DIFF_SCREEN_OR_CONTEXT,P1000,cp_01M3NX20PQFGGT9QDNWQ4ECCEJ,gopay-pocket/empty-your-pocket/main/cta,2,PAYMENT:2521,Got it
SAME_SECTION_SAME_PAIR_DIFF_SCREEN_OR_CONTEXT,P1000,cp_01M3NX20PTESGA96ZF1MBYRSD3,gopay-pocket/pocket-under-maintenance-third/main/cta,2,PAYMENT:2546,Got it
SAME_SECTION_SAME_PAIR_DIFF_SCREEN_OR_CONTEXT,P1001,cp_01M3NX20PQE7BRHFHSB5DW9PHT,gopay-pocket/delete-pocket/main/cta-primary,2,PAYMENT:2525,"No, go back"
SAME_SECTION_SAME_PAIR_DIFF_SCREEN_OR_CONTEXT,P1001,cp_01M3NX20PRF8593T57Z8TAS2EF,gopay-pocket/block-pocket/main/cta-primary,2,PAYMENT:2531,"No, go back"
SAME_SECTION_SAME_PAIR_DIFF_SCREEN_OR_CONTEXT,P1002,cp_01M3NX20PREXGSBCKRKQVT30S6,gopay-pocket/block-pocket/unblock/cta,2,PAYMENT:2534,Unblock
SAME_SECTION_SAME_PAIR_DIFF_SCREEN_OR_CONTEXT,P1002,cp_01M3NX20PSFMCBY1A3Q3GNHRTQ,gopay-pocket/pocket-is-blocked/main/cta-primary,2,PAYMENT:2540,Unblock
SAME_SECTION_SAME_PAIR_DIFF_SCREEN_OR_CONTEXT,P1003,cp_01M3NX20PWEZ3SZ77YQZRN3S2H,mrt-allride/finance-app/main/title,3,PAYMENT:2569,allride Wallet by GoPay
SAME_SECTION_SAME_PAIR_DIFF_SCREEN_OR_CONTEXT,P1003,cp_01M3NX20PXE2RV4VE0S0E066F5,mrt-allride/mrtj-main-headboard/pocket-name/label,3,PAYMENT:2572,allride Wallet by GoPay
SAME_SECTION_SAME_PAIR_DIFF_SCREEN_OR_CONTEXT,P1003,cp_01M3NX20Q2F05R5RNHG3ADP5R7,mrt-allride/onboarding-b/main/title,3,PAYMENT:2608,allride Wallet by GoPay
SAME_SECTION_SAME_PAIR_DIFF_SCREEN_OR_CONTEXT,P1004,cp_01M3NX20Q6ERJR7A02FTNG26EA,subscription/profile/main/title,4,PAYMENT:2648,Subscription
SAME_SECTION_SAME_PAIR_DIFF_SCREEN_OR_CONTEXT,P1004,cp_01M3NX20Q6FY7RE4TTS0N86K0W,subscription/home/pill/badge,4,PAYMENT:2651,Subscription
SAME_SECTION_SAME_PAIR_DIFF_SCREEN_OR_CONTEXT,P1004,cp_01M3NX20Q6FRBA9AQ0PQHRM30H,subscription/1pd-l1/main/title,4,PAYMENT:2655,Subscription
SAME_SECTION_SAME_PAIR_DIFF_SCREEN_OR_CONTEXT,P1004,cp_01M3NX20Q7FM3A6D4HE8EXY0QF,subscription/1pd-l1/main/text,4,PAYMENT:2658,Subscription
SAME_SECTION_SAME_PAIR_DIFF_SCREEN_OR_CONTEXT,P1005,cp_01M3NX20Q6EQ4SJKPY632YT8T4,subscription/1pd-l1/coachmark/text,2,PAYMENT:2653,Check all of your subscriptions here.
SAME_SECTION_SAME_PAIR_DIFF_SCREEN_OR_CONTEXT,P1005,cp_01M3NX20Q6EEG8B59QAYPNNGMF,subscription/1pd-l1/main/description,2,PAYMENT:2656,Check all of your subscriptions here.
SAME_SECTION_SAME_PAIR_DIFF_SCREEN_OR_CONTEXT,P1006,cp_01M3NX20QCFRKB8VWV22ZZ2QJC,qris-on-cc-dc/bank-error/main/description,2,PAYMENT:2711,Please retry to continue with your payment.
SAME_SECTION_SAME_PAIR_DIFF_SCREEN_OR_CONTEXT,P1006,cp_01M3NX20QDEQ7T7Y8JXV1HP8E5,qris-on-cc-dc/switch-error/main/description,2,PAYMENT:2715,Please retry to continue with your payment.
SAME_SECTION_SAME_PAIR_DIFF_SCREEN_OR_CONTEXT,P1007,cp_01M3NX20QDEZGR3H4N3Q4PWEN4,qris-on-cc-dc/bank-error/main/cta,2,PAYMENT:2712,Retry
SAME_SECTION_SAME_PAIR_DIFF_SCREEN_OR_CONTEXT,P1007,cp_01M3NX20QDEG2V75DX5QVZE3Y1,qris-on-cc-dc/switch-error/main/cta,2,PAYMENT:2716,Retry
SAME_SECTION_SAME_PAIR_DIFF_SCREEN_OR_CONTEXT,P1008,cp_01M3NX20QZFNA83GBMPWAYBWX0,sof-fallback-feature/shortcut/main/text,2,PAYMENT:2900,Backup method
SAME_SECTION_SAME_PAIR_DIFF_SCREEN_OR_CONTEXT,P1008,cp_01M3NX20R0FZWB83CHJTRF6J19,sof-fallback-feature/manual-genie/main/title,2,PAYMENT:2902,Backup method
SAME_SECTION_SAME_PAIR_DIFF_SCREEN_OR_CONTEXT,P1009,cp_01M3NX20R3E5CB27W9SHHGRDX2,sof-fallback-feature/landing/main/title,6,PAYMENT:2930,Backup payment method
SAME_SECTION_SAME_PAIR_DIFF_SCREEN_OR_CONTEXT,P1009,cp_01M3NX20R6F89T75C9TRZ1DZ7B,sof-fallback-feature/landing/main/text-backup-payment,6,PAYMENT:2948,Backup payment method
SAME_SECTION_SAME_PAIR_DIFF_SCREEN_OR_CONTEXT,P1009,cp_01M3NX20RBE9RVTD8QRYDYDDJB,sof-fallback-feature/linked-apps/main/text-backup-payment,6,PAYMENT:2993,Backup payment method
SAME_SECTION_SAME_PAIR_DIFF_SCREEN_OR_CONTEXT,P1009,cp_01M3NX20RDEE2BDSC8M4Y9899T,sof-fallback-feature/linking-webview/toggle-on/text,6,PAYMENT:3006,Backup payment method
SAME_SECTION_SAME_PAIR_DIFF_SCREEN_OR_CONTEXT,P1009,cp_01M3NX20RDFN8SDJSDGW83SNPN,sof-fallback-feature/linking-webview/toggle-off/text,6,PAYMENT:3009,Backup payment method
SAME_SECTION_SAME_PAIR_DIFF_SCREEN_OR_CONTEXT,P1009,cp_01M3NX20RDF10TXS1NVPN0N49Z,sof-fallback-feature/linking-webview/generic/text,6,PAYMENT:3012,Backup payment method
SAME_SECTION_SAME_PAIR_DIFF_SCREEN_OR_CONTEXT,P1010,cp_01M3NX20R4FGGTC0G6M8SK239B,sof-fallback-feature/landing/main/text-primary-method,2,PAYMENT:2936,Primary method
SAME_SECTION_SAME_PAIR_DIFF_SCREEN_OR_CONTEXT,P1010,cp_01M3NX20R7FZQB97J4ET9GS9WA,sof-fallback-feature/reorder-the-list/main/text,2,PAYMENT:2961,Primary method
SAME_SECTION_SAME_PAIR_DIFF_SCREEN_OR_CONTEXT,P1011,cp_01M3NX20R4FNEV7JJJD8T61675,sof-fallback-feature/landing/main/text-first-backup,2,PAYMENT:2937,First backup
SAME_SECTION_SAME_PAIR_DIFF_SCREEN_OR_CONTEXT,P1011,cp_01M3NX20R7FVD8ENRS4GPEJ4G4,sof-fallback-feature/reorder-the-list/main/text-first-backup,2,PAYMENT:2962,First backup
SAME_SECTION_SAME_PAIR_DIFF_SCREEN_OR_CONTEXT,P1012,cp_01M3NX20R5FE2RP8AG4NTNNDGQ,sof-fallback-feature/landing/main/text-second-backup,2,PAYMENT:2938,Second backup
SAME_SECTION_SAME_PAIR_DIFF_SCREEN_OR_CONTEXT,P1012,cp_01M3NX20R7FGVR56TP0KE9Q9WD,sof-fallback-feature/reorder-the-list/main/text-second-backup,2,PAYMENT:2963,Second backup
SAME_SECTION_SAME_PAIR_DIFF_SCREEN_OR_CONTEXT,P1013,cp_01M3NX20R5EXTSGQAV9JSX985W,sof-fallback-feature/landing/main/text-third-backup,2,PAYMENT:2939,Third backup
SAME_SECTION_SAME_PAIR_DIFF_SCREEN_OR_CONTEXT,P1013,cp_01M3NX20R8EDHTW7B590NTZF1M,sof-fallback-feature/reorder-the-list/main/text-third-backup,2,PAYMENT:2964,Third backup
SAME_SECTION_SAME_PAIR_DIFF_SCREEN_OR_CONTEXT,P1014,cp_01M3NX20R6E9SAW6XN5TZJ2XY0,sof-fallback-feature/landing/main/cta,2,PAYMENT:2956,Got it
SAME_SECTION_SAME_PAIR_DIFF_SCREEN_OR_CONTEXT,P1014,cp_01M3NX20REEYYRAZYD9QF95PDT,sof-fallback-feature/information-dialogue-on-oh/to-dismiss/cta,2,PAYMENT:3018,Got it
SAME_SECTION_SAME_PAIR_DIFF_SCREEN_OR_CONTEXT,P1015,cp_01M3NX20S0F14AZFH8Y9P939VE,manual-pin-redirection/shared/manual-redirection/text,2,PAYMENT:3238,You have to manually return to {merchant}
SAME_SECTION_SAME_PAIR_DIFF_SCREEN_OR_CONTEXT,P1015,cp_01M3NX20S4ECTRH98AKMG40AQ7,manual-pin-redirection/shared/main/text-manually-return,2,PAYMENT:3268,You have to manually return to {merchant}
SAME_SECTION_SAME_PAIR_DIFF_SCREEN_OR_CONTEXT,P1016,cp_01M3NX20SFFK595V4YX3VJNHRH,1-1/shared/main/title,8,PAYMENT:3421,Shared payment method
SAME_SECTION_SAME_PAIR_DIFF_SCREEN_OR_CONTEXT,P1016,cp_01M3NX20SGFGYSYMD278A49KPT,1-1/group-details/main/text,8,PAYMENT:3432,Shared payment method
SAME_SECTION_SAME_PAIR_DIFF_SCREEN_OR_CONTEXT,P1016,cp_01M3NX20SHF0996RY2M445E625,financepage/sectiontitle/main/text,8,PAYMENT:3437,Shared payment method
SAME_SECTION_SAME_PAIR_DIFF_SCREEN_OR_CONTEXT,P1016,cp_01M3NX20SHF53889FKS4JHKVEZ,settingspage/entry-points-on-account-settings/main/title,8,PAYMENT:3442,Shared payment method
SAME_SECTION_SAME_PAIR_DIFF_SCREEN_OR_CONTEXT,P1016,cp_01M3NX20SJE7Y92D6WP9HJYPZE,userpov/paymentwidget/main/title,8,PAYMENT:3449,Shared payment method
SAME_SECTION_SAME_PAIR_DIFF_SCREEN_OR_CONTEXT,P1016,cp_01M3NX20SJFYMB0VF6X1J3WP1D,landingpage/payment-widget-for-user-to-use/main/title,8,PAYMENT:3456,Shared payment method
SAME_SECTION_SAME_PAIR_DIFF_SCREEN_OR_CONTEXT,P1016,cp_01M3NX20SREPQVJGCMEMTJXGZR,1-1/header/main/text,8,PAYMENT:3506;PAYMENT:3533,Shared payment method
SAME_SECTION_SAME_PAIR_DIFF_SCREEN_OR_CONTEXT,P1016,cp_01M3NX20T0EM1VA686MAXDMVAH,profilepage/sectiontitle/main/text,8,PAYMENT:3567,Shared payment method
SAME_SECTION_SAME_PAIR_DIFF_SCREEN_OR_CONTEXT,P1017,cp_01M3NX20SJFSM9NKTEMN4F02YN,userpov/paymentwidget/owner/value,2,PAYMENT:3450,Owner: {unresolved}
SAME_SECTION_SAME_PAIR_DIFF_SCREEN_OR_CONTEXT,P1017,cp_01M3NX20SWEMP977VVNKA8418G,landingpage/card/userpov-ownername/text,2,PAYMENT:3539,Owner: {unresolved}
SAME_SECTION_SAME_PAIR_DIFF_SCREEN_OR_CONTEXT,P1018,cp_01M3NX20SPEY1RB93FP4FY8D3D,detailpage/monthlylimit/main/text,2,PAYMENT:3490,Monthly limit
SAME_SECTION_SAME_PAIR_DIFF_SCREEN_OR_CONTEXT,P1018,cp_01M3NX20SZF3WS3VT6NDPZTHEZ,detailpage/userpov/monthlylimit/text,2,PAYMENT:3558,Monthly limit
SAME_SECTION_SAME_PAIR_DIFF_SCREEN_OR_CONTEXT,P1019,cp_01M3NX20SQFBZTX8ZA5S332R5T,status/expired/main/text,3,PAYMENT:3500,Access expired
SAME_SECTION_SAME_PAIR_DIFF_SCREEN_OR_CONTEXT,P1019,cp_01M3NX20SSFTXBET5J3DXETQQ4,landingpage/card/ownerpov-status-expired/text,3,PAYMENT:3514,Access expired
SAME_SECTION_SAME_PAIR_DIFF_SCREEN_OR_CONTEXT,P1019,cp_01M3NX20SXERR8T0316BDJGPZY,landingpage/card/userpov-status-expired/text,3,PAYMENT:3542,Access expired
SAME_SECTION_SAME_PAIR_DIFF_SCREEN_OR_CONTEXT,P1020,cp_01M3NX20SRFV4T6QAMAZQ4QYQN,status/revoked/main/text,3,PAYMENT:3501,Access disabled
SAME_SECTION_SAME_PAIR_DIFF_SCREEN_OR_CONTEXT,P1020,cp_01M3NX20SSE8NBGZMZBXP1AKAA,landingpage/card/ownerpov-status-revoked/text,3,PAYMENT:3515,Access disabled
SAME_SECTION_SAME_PAIR_DIFF_SCREEN_OR_CONTEXT,P1020,cp_01M3NX20SXFSQB4P5XA9GK1KAZ,landingpage/card/userpov-status-revoked/text,3,PAYMENT:3543,Access disabled
SAME_SECTION_SAME_PAIR_DIFF_SCREEN_OR_CONTEXT,P1021,cp_01M3NX20SREBNBAXM41EREVH0C,status/deleted/main/text,3,PAYMENT:3502,Payment method removed
SAME_SECTION_SAME_PAIR_DIFF_SCREEN_OR_CONTEXT,P1021,cp_01M3NX20STF5684JBW4385EWP0,landingpage/card/ownerpov-status-deleted/text,3,PAYMENT:3517,Payment method removed
SAME_SECTION_SAME_PAIR_DIFF_SCREEN_OR_CONTEXT,P1021,cp_01M3NX20SXEJ89CVFT7QJBN2BB,landingpage/card/userpov-status-deleted/text,3,PAYMENT:3545,Payment method removed
SAME_SECTION_SAME_PAIR_DIFF_SCREEN_OR_CONTEXT,P1022,cp_01M3NX20TFFS9REX32PDKR70NZ,sharepromo/expireddialogue/main/cta,2,USER-SPEND:92,"Sure, explore"
SAME_SECTION_SAME_PAIR_DIFF_SCREEN_OR_CONTEXT,P1022,cp_01M3NX20TGFAX94WCKF7J29RPR,sharepromo/limiteddialogue/main/cta,2,USER-SPEND:96,"Sure, explore"
SAME_SECTION_SAME_PAIR_DIFF_SCREEN_OR_CONTEXT,P1023,cp_01M3NX20TMFM0R5PR1096HN4AG,carousels/gaming-plus-telco/main/cta,12,USER-SPEND:131,Check more deals
SAME_SECTION_SAME_PAIR_DIFF_SCREEN_OR_CONTEXT,P1023,cp_01M3NX20TMF73RTXCPZ5M7T102,carousels/nearby-food-and-grocery/main/cta,12,USER-SPEND:135,Check more deals
SAME_SECTION_SAME_PAIR_DIFF_SCREEN_OR_CONTEXT,P1023,cp_01M3NX20TNE25838T36DZZB3BN,carousels/local-heroes-90-percent-food/main/cta,12,USER-SPEND:139,Check more deals
SAME_SECTION_SAME_PAIR_DIFF_SCREEN_OR_CONTEXT,P1023,cp_01M3NX20TPEAF811GH61ZMMD35,carousels/food/main/cta,12,USER-SPEND:146,Check more deals
SAME_SECTION_SAME_PAIR_DIFF_SCREEN_OR_CONTEXT,P1023,cp_01M3NX20TPFMC8JJ777G8H9JHZ,carousels/groceries/main/cta,12,USER-SPEND:150,Check more deals
SAME_SECTION_SAME_PAIR_DIFF_SCREEN_OR_CONTEXT,P1023,cp_01M3NX20TPFP6AXSXQPJH8ZCKD,carousels/transport/main/cta,12,USER-SPEND:154,Check more deals
SAME_SECTION_SAME_PAIR_DIFF_SCREEN_OR_CONTEXT,P1023,cp_01M3NX20TQFYQARCSAG25W6YG2,carousels/shopping-commerce/main/cta,12,USER-SPEND:158,Check more deals
SAME_SECTION_SAME_PAIR_DIFF_SCREEN_OR_CONTEXT,P1023,cp_01M3NX20TQF6DREW4GXC78TNTY,carousels/lifestyle/main/cta,12,USER-SPEND:162,Check more deals
SAME_SECTION_SAME_PAIR_DIFF_SCREEN_OR_CONTEXT,P1023,cp_01M3NX20TRFXKR5M846R1HW79Q,carousels/family/main/cta,12,USER-SPEND:166,Check more deals
SAME_SECTION_SAME_PAIR_DIFF_SCREEN_OR_CONTEXT,P1023,cp_01M3NX20TRE77VAP799M8P461N,carousels/finance/main/cta,12,USER-SPEND:170,Check more deals
SAME_SECTION_SAME_PAIR_DIFF_SCREEN_OR_CONTEXT,P1023,cp_01M3NX20TSE4NSS27CJ4823J2F,carousels/bills-and-pulsa/main/cta,12,USER-SPEND:174,Check more deals
SAME_SECTION_SAME_PAIR_DIFF_SCREEN_OR_CONTEXT,P1023,cp_01M3NX20TSE0D8A6C1FVYWRQRK,carousels/bills-only/main/cta,12,USER-SPEND:178,Check more deals
SAME_SECTION_SAME_PAIR_DIFF_SCREEN_OR_CONTEXT,P1024,cp_01M3NX20TSE86VWF66T821ETGW,carousels/bills-and-pulsa/main/description,2,USER-SPEND:173,Save more on the payments with us!
SAME_SECTION_SAME_PAIR_DIFF_SCREEN_OR_CONTEXT,P1024,cp_01M3NX20TSE25AQZTAVQ458PF9,carousels/bills-only/main/description,2,USER-SPEND:177,Save more on the payments with us!
SAME_SECTION_SAME_PAIR_DIFF_SCREEN_OR_CONTEXT,P1025,cp_01M3NX20TTE3ZBWMZ5NNFPY43A,carousels/brand-card-tier-1-food-and-gro/main/cta,2,USER-SPEND:185,Check promos from other brands
SAME_SECTION_SAME_PAIR_DIFF_SCREEN_OR_CONTEXT,P1025,cp_01M3NX20TTEZ1S0Q0YFHX2NJYZ,carousels/brand-card-tier-1-lifestyle-and/main/cta,2,USER-SPEND:188,Check promos from other brands
SAME_SECTION_SAME_PAIR_DIFF_SCREEN_OR_CONTEXT,P1026,cp_01M3NX20VXEK6VVZ2DSKT6WN7W,search/availablepromo/promo-availability/helper,2,USER-SPEND:512;USER-SPEND:1908,{n} promo available
SAME_SECTION_SAME_PAIR_DIFF_SCREEN_OR_CONTEXT,P1026,cp_01M3NX20VZE91BXB9C40PRJ00S,promo-search-and-filter/merchant/promos-available/text,2,USER-SPEND:526,{n} promo available
SAME_SECTION_SAME_PAIR_DIFF_SCREEN_OR_CONTEXT,P1027,cp_01M3NX20VYE9DSGBYX8PAP9995,search/matchingmerchant/merchant-section/title,2,USER-SPEND:520;USER-SPEND:2000,Matching merchant
SAME_SECTION_SAME_PAIR_DIFF_SCREEN_OR_CONTEXT,P1027,cp_01M3NX20W0F1AR750VXTJKA4VP,promo-search-and-filter/search-header/searched-merhant/text,2,USER-SPEND:534,Matching merchant
SAME_SECTION_SAME_PAIR_DIFF_SCREEN_OR_CONTEXT,P1028,cp_01M3NX20W5EGQ8TMWPNPR5WHCV,promo-search-and-filter/empty-state-no-matching-intent/main/title,2,USER-SPEND:568,"Hmm, couldn’t find “{search_query}”"
SAME_SECTION_SAME_PAIR_DIFF_SCREEN_OR_CONTEXT,P1028,cp_01M3NX20W5FJQA6VREYV10HW52,promo-search-and-filter/empty-state-no-matching-intent/main/title-2,2,USER-SPEND:571,"Hmm, couldn’t find “{search_query}”"
SAME_SECTION_SAME_PAIR_DIFF_SCREEN_OR_CONTEXT,P1029,cp_01M3NX20W8E37RGGSHAX02Y4V4,voucherpacks/onboarding/bar1/title,2,USER-SPEND:593,Save more with Voucher Packs!
SAME_SECTION_SAME_PAIR_DIFF_SCREEN_OR_CONTEXT,P1029,cp_01M3NX20WCE76SVMSK1XJPJHYE,voucherpacks/onboarding/main/title,2,USER-SPEND:619,Save more with Voucher Packs!
SAME_SECTION_SAME_PAIR_DIFF_SCREEN_OR_CONTEXT,P1030,cp_01M3NX20WBE3Y91YE0K3VZN9XA,voucher-pack/promo-homepage/feature-name/label,2,USER-SPEND:613,Voucher Packs
SAME_SECTION_SAME_PAIR_DIFF_SCREEN_OR_CONTEXT,P1030,cp_01M3NX20WDFX8RF7E2G8G8XJMC,voucher-pack/voucher-packs-listing/main/title,2,USER-SPEND:627,Voucher Packs
SAME_SECTION_SAME_PAIR_DIFF_SCREEN_OR_CONTEXT,P1031,cp_01M3NX20WRFGZ97861Z7E8QYQS,voucher-pack/error-states/main/cta,2,USER-SPEND:720,Refresh
SAME_SECTION_SAME_PAIR_DIFF_SCREEN_OR_CONTEXT,P1031,cp_01M3NX20WSE8NSZMW5DVN7DY9J,voucher-pack/error-states/main/cta-secondary,2,USER-SPEND:725,Refresh
SAME_SECTION_SAME_PAIR_DIFF_SCREEN_OR_CONTEXT,P1032,cp_01M3NX20X4EAMTT2K1YC2NQ3GM,widget/promolisting/inapplicablepromo/text-available-again,2,USER-SPEND:846,Will be available again on {restart_date}.
SAME_SECTION_SAME_PAIR_DIFF_SCREEN_OR_CONTEXT,P1032,cp_01M3NX20X5FXPV6GBNK96BDJ81,widget/promolisting/inapplicablepromo/text-available-again-2,2,USER-SPEND:852,Will be available again on {restart_date}.
SAME_SECTION_SAME_PAIR_DIFF_SCREEN_OR_CONTEXT,P1033,cp_01M3NX20XNEK8VRKJHED0YWNTH,deeplink-reference/monthly-credit-limit-push/main/title,4,USER-SPEND:1011,"Hey, cashback couldn't get in"
SAME_SECTION_SAME_PAIR_DIFF_SCREEN_OR_CONTEXT,P1033,cp_01M3NX20XPF7KTBBR1RE4WGAM9,deeplink-reference/monthly-cashback-limit-push/tittle/text,4,USER-SPEND:1016,"Hey, cashback couldn't get in"
SAME_SECTION_SAME_PAIR_DIFF_SCREEN_OR_CONTEXT,P1033,cp_01M3NX20XPEQJVX940AKV72MTF,deeplink-reference/wallet-limit-non-kyc-push-notif/main/title,4,USER-SPEND:1022,"Hey, cashback couldn't get in"
SAME_SECTION_SAME_PAIR_DIFF_SCREEN_OR_CONTEXT,P1033,cp_01M3NX20XPEJBT84SK08VJVNNW,deeplink-reference/wallet-limit-kyc-push-notif/main/title,4,USER-SPEND:1027,"Hey, cashback couldn't get in"
SAME_SECTION_SAME_PAIR_DIFF_SCREEN_OR_CONTEXT,P1034,cp_01M3NX20XSE40T16G3VEA0Z7BH,milestone-1/gpc-card-returning-comming-soon/note-flip/helper,2,USER-SPEND:1047,Tap for details
SAME_SECTION_SAME_PAIR_DIFF_SCREEN_OR_CONTEXT,P1034,cp_01M3NX20XVEVKVMDCDK80VFKW0,milestone-1/gpc-card-returning-regular/note/helper,2,USER-SPEND:1061,Tap for details
SAME_SECTION_SAME_PAIR_DIFF_SCREEN_OR_CONTEXT,P1035,cp_01M3NX20XZFXQ9CN1R68DV5WGC,milestone-1/transaction-history/gpc-received/text,2,USER-SPEND:1086,Cashback GoPay Coins
SAME_SECTION_SAME_PAIR_DIFF_SCREEN_OR_CONTEXT,P1035,cp_01M3NX20Y0FHV9WQSGACQ8YM9X,milestone-1/transaction-detail/source/text,2,USER-SPEND:1098,Cashback GoPay Coins
SAME_SECTION_SAME_PAIR_DIFF_SCREEN_OR_CONTEXT,P1036,cp_01M3NX20Y5E97VJQQJP206RCKG,milestone-1/actionable-for-payment-widget/update-to-use-note-green/helper,2,USER-SPEND:1128,Update now
SAME_SECTION_SAME_PAIR_DIFF_SCREEN_OR_CONTEXT,P1036,cp_01M3NX20Y6F0XRHHZF585956MG,milestone-1/gpc-wait-is-over-bottom-sheet/main/cta-2,2,USER-SPEND:1141,Update now
SAME_SECTION_SAME_PAIR_DIFF_SCREEN_OR_CONTEXT,P1037,cp_01M3NX20Y5FD2TJTV1ND2DHRH5,milestone-1/gpc-coming-soon-bottom-sheet/main/cta,2,USER-SPEND:1133,Got it
SAME_SECTION_SAME_PAIR_DIFF_SCREEN_OR_CONTEXT,P1037,cp_01M3NX20Y6ECMBZ45WKN07XDBJ,milestone-1/gpc-wait-is-over-bottom-sheet/main/cta,2,USER-SPEND:1137,Got it
SAME_SECTION_SAME_PAIR_DIFF_SCREEN_OR_CONTEXT,P1038,cp_01M3NX20YGESP9BWQXD0JHA8H6,milestone-2/no-balance-dialogue-card/main/cta,2,USER-SPEND:1225,Got it
SAME_SECTION_SAME_PAIR_DIFF_SCREEN_OR_CONTEXT,P1038,cp_01M3NX20YHFNY8DDHRYQ0E0CV8,milestone-2/toggle-error-message/main/text-got,2,USER-SPEND:1234,Got it
SAME_SECTION_SAME_PAIR_DIFF_SCREEN_OR_CONTEXT,P1039,cp_01M3NX20YXF8N8SH28Z8NSZG3Q,gopay-coins/consent-dialogue/main/cta,2,USER-SPEND:1336,Got it
SAME_SECTION_SAME_PAIR_DIFF_SCREEN_OR_CONTEXT,P1039,cp_01M3NX20YXFQNTKT7A0985GNGX,gopay-coins/first-time-toggle-activated/main/cta,2,USER-SPEND:1340,Got it
SAME_SECTION_SAME_PAIR_DIFF_SCREEN_OR_CONTEXT,P1040,cp_01M3NX20YYE159DPQ2B1SCVNBV,gopay-coins/first-time-toggle-activated/old-balance/text,2,USER-SPEND:1342,Outdated balance
SAME_SECTION_SAME_PAIR_DIFF_SCREEN_OR_CONTEXT,P1040,cp_01M3NX20YYESMB5FB89H5JQYQH,gopay-coins/first-time-toggle-activated/failed-to-load/text,2,USER-SPEND:1345,Outdated balance
SAME_SECTION_SAME_PAIR_DIFF_SCREEN_OR_CONTEXT,P1041,cp_01M3NX20Z1FMVSYBWBWMTM2SFP,expiration-nudges/shared/pn-x-month/text,4,USER-SPEND:1371,"Whoops, your Coins are expiring soon!"
SAME_SECTION_SAME_PAIR_DIFF_SCREEN_OR_CONTEXT,P1041,cp_01M3NX20Z2F76RTNVZB1M85BXF,expiration-nudges/shared/pn-x-week/text,4,USER-SPEND:1374,"Whoops, your Coins are expiring soon!"
SAME_SECTION_SAME_PAIR_DIFF_SCREEN_OR_CONTEXT,P1041,cp_01M3NX20Z2FWDBMMS7WXSYM4RK,expiration-nudges/shared/pn-x-days/text,4,USER-SPEND:1377,"Whoops, your Coins are expiring soon!"
SAME_SECTION_SAME_PAIR_DIFF_SCREEN_OR_CONTEXT,P1041,cp_01M3NX20Z3FKDRCEE3JB30X5P0,expiration-nudges/shared/pn-x-hours/text,4,USER-SPEND:1380,"Whoops, your Coins are expiring soon!"
SAME_SECTION_SAME_PAIR_DIFF_SCREEN_OR_CONTEXT,P1042,cp_01M3NX20Z5FV6AAD61NFHH8WP1,error-statements/consent-connection-error/main/description,2,USER-SPEND:1400,Please check your internet connection or try again later.
SAME_SECTION_SAME_PAIR_DIFF_SCREEN_OR_CONTEXT,P1042,cp_01M3NX20Z8EGBVPJ89VA1Y64ZM,error-statements/failed-to-update-balance/main/description,2,USER-SPEND:1410,Please check your internet connection or try again later.
SAME_SECTION_SAME_PAIR_DIFF_SCREEN_OR_CONTEXT,P1043,cp_01M3NX20Z5EAD8X2EKGJMJK9FC,error-statements/consent-connection-error/main/cta-primary,4,USER-SPEND:1401,Go to Settings
SAME_SECTION_SAME_PAIR_DIFF_SCREEN_OR_CONTEXT,P1043,cp_01M3NX20Z6FWET75P5P09SS5E2,error-statements/connection-error/main/cta-primary,4,USER-SPEND:1406,Go to Settings
SAME_SECTION_SAME_PAIR_DIFF_SCREEN_OR_CONTEXT,P1043,cp_01M3NX20Z8F0PTBJDWBXM7M020,error-statements/failed-to-update-balance/main/cta-primary,4,USER-SPEND:1411,Go to Settings
SAME_SECTION_SAME_PAIR_DIFF_SCREEN_OR_CONTEXT,P1043,cp_01M3NX20ZDEX8SVGJTKCX1X53M,error-statements/partial-connection-error/main/cta-primary,4,USER-SPEND:1428,Go to Settings
SAME_SECTION_SAME_PAIR_DIFF_SCREEN_OR_CONTEXT,P1044,cp_01M3NX20Z5F4GSQXA4F85JFBWJ,error-statements/consent-connection-error/main/cta-secondary,2,USER-SPEND:1402,Retry
SAME_SECTION_SAME_PAIR_DIFF_SCREEN_OR_CONTEXT,P1044,cp_01M3NX20Z8F83TMCW8DSH6SJHW,error-statements/failed-to-update-balance/main/cta-secondary,2,USER-SPEND:1412,Retry
SAME_SECTION_SAME_PAIR_DIFF_SCREEN_OR_CONTEXT,P1045,cp_01M3NX20Z6FRM9EMNRKMSRTW6Q,error-statements/connection-error/main/title,2,USER-SPEND:1404,You seem to be offline
SAME_SECTION_SAME_PAIR_DIFF_SCREEN_OR_CONTEXT,P1045,cp_01M3NX20ZDEVZV8ZK31C3P5S14,error-statements/partial-connection-error/main/title,2,USER-SPEND:1426,You seem to be offline
SAME_SECTION_SAME_PAIR_DIFF_SCREEN_OR_CONTEXT,P1046,cp_01M3NX20Z7FY68ESE1TTD8FHPC,error-statements/connection-error/main/cta-secondary,3,USER-SPEND:1407,Refresh
SAME_SECTION_SAME_PAIR_DIFF_SCREEN_OR_CONTEXT,P1046,cp_01M3NX20ZCEJKAF0ECQ4KPRCWJ,error-statements/partial-server-error/main/cta,3,USER-SPEND:1424,Refresh
SAME_SECTION_SAME_PAIR_DIFF_SCREEN_OR_CONTEXT,P1046,cp_01M3NX20ZDF5282X8PS7HFK3JJ,error-statements/partial-connection-error/main/cta-secondary,3,USER-SPEND:1429,Refresh
SAME_SECTION_SAME_PAIR_DIFF_SCREEN_OR_CONTEXT,P1047,cp_01M3NX20Z9ENE88W88W04HQAJ7,error-statements/server-error/main/title,2,USER-SPEND:1414,There's a technical error
SAME_SECTION_SAME_PAIR_DIFF_SCREEN_OR_CONTEXT,P1047,cp_01M3NX20ZCF6HT789S7DN1GB6S,error-statements/partial-server-error/main/title,2,USER-SPEND:1422,There's a technical error
SAME_SECTION_SAME_PAIR_DIFF_SCREEN_OR_CONTEXT,P1048,cp_01M3NX20ZEEQ6BWY3B8Q2QQ8P5,gopay-coins-push-notif-refund/non-coins-refund/main/title,5,USER-SPEND:1433,Transaction refund
SAME_SECTION_SAME_PAIR_DIFF_SCREEN_OR_CONTEXT,P1048,cp_01M3NX20ZFEJFR4T1470MX178Q,gopay-coins-push-notif-refund/refund-gopay-e-money-paylater/main/title,5,USER-SPEND:1439,Transaction refund
SAME_SECTION_SAME_PAIR_DIFF_SCREEN_OR_CONTEXT,P1048,cp_01M3NX20ZFEQM97Y8F73FMJ3RR,gopay-coins-push-notif-refund/refund-gopay-e-money-paylater/e-g/push-title,5,USER-SPEND:1441,Transaction refund
SAME_SECTION_SAME_PAIR_DIFF_SCREEN_OR_CONTEXT,P1048,cp_01M3NX20ZGE3SA1A7BSCH27FQA,gopay-coins-push-notif-refund/refund-other-methods-and-coins/main/title,5,USER-SPEND:1443,Transaction refund
SAME_SECTION_SAME_PAIR_DIFF_SCREEN_OR_CONTEXT,P1048,cp_01M3NX20ZGFMHBQPWXVET966C4,gopay-coins-push-notif-refund/refund-other-methods-and-coins/e-g/push-title,5,USER-SPEND:1445,Transaction refund
SAME_SECTION_SAME_PAIR_DIFF_SCREEN_OR_CONTEXT,P1049,cp_01M3NX20ZRFCYT7VRK1NM6TVRX,case-2-refund-plus-enough/order-detail-refund-detail/main/cta,2,USER-SPEND:1513,Check original transaction
SAME_SECTION_SAME_PAIR_DIFF_SCREEN_OR_CONTEXT,P1049,cp_01M3NX20ZSES6SMXFJF10ZX2Y7,case-2-refund-plus-enough/clawback-detail/main/cta,2,USER-SPEND:1517,Check original transaction
SAME_SECTION_SAME_PAIR_DIFF_SCREEN_OR_CONTEXT,P1050,cp_01M3NX20ZTFB4A5K32WWE35RA7,case-2-refund-plus-enough/push-notif-clawback-coins/main/title,2,USER-SPEND:1522,Your cashback has been withdrawn
SAME_SECTION_SAME_PAIR_DIFF_SCREEN_OR_CONTEXT,P1050,cp_01M3NX20ZTF8A9DGS9PDAA3MKD,case-2-refund-plus-enough/push-notif-clawback-gopay-saldo/main/title,2,USER-SPEND:1525,Your cashback has been withdrawn
SAME_SECTION_SAME_PAIR_DIFF_SCREEN_OR_CONTEXT,P1051,cp_01M3NX20ZTE74S94TNPJZ5S0AW,case-3-refund-plus-not-enough/trx-history/main/title,2,USER-SPEND:1530,Adjusted refund
SAME_SECTION_SAME_PAIR_DIFF_SCREEN_OR_CONTEXT,P1051,cp_01M3NX20ZVF1JTRQYCB497STWE,case-3-refund-plus-not-enough/order-detail/state/text,2,USER-SPEND:1533,Adjusted refund
SAME_SECTION_SAME_PAIR_DIFF_SCREEN_OR_CONTEXT,P1052,cp_01M3NX20ZWFV1VKHXAQ04NJT64,case-4-refund-amount-clawback/trx-history/main/title,2,USER-SPEND:1542,Adjusted refund
SAME_SECTION_SAME_PAIR_DIFF_SCREEN_OR_CONTEXT,P1052,cp_01M3NX20ZXEXVSKZMT0GA4VKCE,case-4-refund-amount-clawback/order-detail/state/text,2,USER-SPEND:1545,Adjusted refund
SAME_SECTION_SAME_PAIR_DIFF_SCREEN_OR_CONTEXT,P1053,cp_01M3NX2106FD38K16BX4FX19PD,adminfeedialogue/admin-fee-dialogue/main/cta,3,USER-SPEND:1619,Got it
SAME_SECTION_SAME_PAIR_DIFF_SCREEN_OR_CONTEXT,P1053,cp_01M3NX210DFJKVFZ1R9RFCPXAW,dialog/vendorerror/main/cta,3,USER-SPEND:1664;USER-SPEND:1787,Got it
SAME_SECTION_SAME_PAIR_DIFF_SCREEN_OR_CONTEXT,P1053,cp_01M3NX210DERBTVBFABGPMX961,dialog/doubleathorization/error/cta,3,USER-SPEND:1668,Got it
SAME_SECTION_SAME_PAIR_DIFF_SCREEN_OR_CONTEXT,P1054,cp_01M3NX210JE7FSH8H2P1R9HMPR,inputcode/input-code/ticket-number/title,2,USER-SPEND:1705,Ticket number
SAME_SECTION_SAME_PAIR_DIFF_SCREEN_OR_CONTEXT,P1054,cp_01M3NX210QFCBAMPRF290PRK95,paydetails/ticketnumber/ticket-number/value,2,USER-SPEND:1746,Ticket number
SAME_SECTION_SAME_PAIR_DIFF_SCREEN_OR_CONTEXT,P1055,cp_01M3NX210KFSWTEX04DVAW5VK8,dialog/stillfree/main/cta,4,USER-SPEND:1714;USER-SPEND:1718,Got it
SAME_SECTION_SAME_PAIR_DIFF_SCREEN_OR_CONTEXT,P1055,cp_01M3NX210SFW5VTBT3ZE07B9GR,sky-parking/dialogue-pay-method-limitaiton/main/cta,4,USER-SPEND:1764,Got it
SAME_SECTION_SAME_PAIR_DIFF_SCREEN_OR_CONTEXT,P1055,cp_01M3NX210TEQ4BHPB98BVVC0XQ,educationtray/cta/main/cta,4,USER-SPEND:1769,Got it
SAME_SECTION_SAME_PAIR_DIFF_SCREEN_OR_CONTEXT,P1055,cp_01M3NX210VE2S85N79FT9G4QV0,sky-parking/vendor-maintenance-trx-denied/main/cta,4,USER-SPEND:1791,Got it
SAME_SECTION_SAME_PAIR_DIFF_SCREEN_OR_CONTEXT,P1056,cp_01M3NX2117F6ZAK6XSF0EBDGVP,merged-payments/home-payments-entry-point/pay/cta,8,USER-SPEND:1933,*copy from Tagihan's team
SAME_SECTION_SAME_PAIR_DIFF_SCREEN_OR_CONTEXT,P1056,cp_01M3NX2117ENZRKPB016QR0YKK,merged-payments/home-payments-entry-point/bill-due-reminder/text,8,USER-SPEND:1934,*copy from Tagihan's team
SAME_SECTION_SAME_PAIR_DIFF_SCREEN_OR_CONTEXT,P1056,cp_01M3NX2117F5D9YVY3DY8W0B3K,merged-payments/home-payments-entry-point/inactive-autopay-info/helper,8,USER-SPEND:1935,*copy from Tagihan's team
SAME_SECTION_SAME_PAIR_DIFF_SCREEN_OR_CONTEXT,P1056,cp_01M3NX2118E7PTVQSR4AGSFQR3,merged-payments/home-payments-entry-point/inactive-autopay/cta,8,USER-SPEND:1936,*copy from Tagihan's team
SAME_SECTION_SAME_PAIR_DIFF_SCREEN_OR_CONTEXT,P1056,cp_01M3NX2119EYGA6P3B68DQTWDM,merged-payments/payments-home/reminder-autopay-and-history/title,8,USER-SPEND:1942,*copy from Tagihan's team
SAME_SECTION_SAME_PAIR_DIFF_SCREEN_OR_CONTEXT,P1056,cp_01M3NX2119FCVBHT64J88XFBWV,merged-payments/payments-home/pay/cta,8,USER-SPEND:1943,*copy from Tagihan's team
SAME_SECTION_SAME_PAIR_DIFF_SCREEN_OR_CONTEXT,P1056,cp_01M3NX2119FHTSC593AY4Q27EQ,merged-payments/payments-home/otomatis/label,8,USER-SPEND:1944,*copy from Tagihan's team
SAME_SECTION_SAME_PAIR_DIFF_SCREEN_OR_CONTEXT,P1056,cp_01M3NX2119E5XBRXSX7SQ2S1XN,merged-payments/payments-home/see-all/cta,8,USER-SPEND:1945,*copy from Tagihan's team
SAME_SECTION_SAME_PAIR_DIFF_SCREEN_OR_CONTEXT,P1057,cp_01M3NX211ZFHPAG8PXVP3V3KT3,google-imali-top-up/user-logged-in-to-unlinked/main/cta,4,USER-SPEND:2173,Got it
SAME_SECTION_SAME_PAIR_DIFF_SCREEN_OR_CONTEXT,P1057,cp_01M3NX211ZFDPA5V7EHW42Z3KZ,google-imali-top-up/decryption-issue/main/cta,4,USER-SPEND:2177,Got it
SAME_SECTION_SAME_PAIR_DIFF_SCREEN_OR_CONTEXT,P1057,cp_01M3NX2122EGTRBRAR1EM2QC82,google-imali-top-up/login-to-top-up-from-google/main/cta,4,USER-SPEND:2193,Got it
SAME_SECTION_SAME_PAIR_DIFF_SCREEN_OR_CONTEXT,P1057,cp_01M3NX2124F7XRK25P7K75NQEY,setpin/set-up-pin-gopay/main/cta,4,USER-SPEND:2202,Got it
SAME_SECTION_SAME_PAIR_DIFF_SCREEN_OR_CONTEXT,P1058,cp_01M3NX212PF53V6MY20NCP6KRA,buyticket/homepage/buy-ticket/cta,3,USER-SPEND:2354;USER-SPEND:2461;USER-SPEND:2465;USER-SPEND:2520,Buy ticket
SAME_SECTION_SAME_PAIR_DIFF_SCREEN_OR_CONTEXT,P1058,cp_01M3NX212TF4AAY19QQJ6ZDXVQ,main-flow/checkout/main/title,3,USER-SPEND:2390,Buy ticket
SAME_SECTION_SAME_PAIR_DIFF_SCREEN_OR_CONTEXT,P1058,cp_01M3NX212VFRA9E53B0X6RNPJ2,main-flow/checkout/main/cta,3,USER-SPEND:2401,Buy ticket
SAME_SECTION_SAME_PAIR_DIFF_SCREEN_OR_CONTEXT,P1059,cp_01M3NX212TERD8DPMVQQ0AMTN2,krlticket/checkout/krl-ticket/title,2,USER-SPEND:2385,Commuter line ticket
SAME_SECTION_SAME_PAIR_DIFF_SCREEN_OR_CONTEXT,P1059,cp_01M3NX212TF79TYH2GEY5A4YBE,main-flow/checkout/ticket/title,2,USER-SPEND:2392,Commuter line ticket
SAME_SECTION_SAME_PAIR_DIFF_SCREEN_OR_CONTEXT,P1060,cp_01M3NX212WFX6S9B1J3J1WRVB2,editticket/ticket-qr/edit/cta,2,USER-SPEND:2410;USER-SPEND:2446,Edit ticket
SAME_SECTION_SAME_PAIR_DIFF_SCREEN_OR_CONTEXT,P1060,cp_01M3NX2130FETBHABTAKKEHHQG,main-flow/purchased-ticket/edit-ticket/text,2,USER-SPEND:2434,Edit ticket
SAME_SECTION_SAME_PAIR_DIFF_SCREEN_OR_CONTEXT,P1061,cp_01M3NX212XF24T1F1Q0W91N0G9,cancelticket/ticket-qr/cancel/cta,2,USER-SPEND:2411;USER-SPEND:2440,Cancel ticket
SAME_SECTION_SAME_PAIR_DIFF_SCREEN_OR_CONTEXT,P1061,cp_01M3NX2130E55SNNXYVEZK1AG7,main-flow/purchased-ticket/cancel-ticket/text,2,USER-SPEND:2432,Cancel ticket
SAME_SECTION_SAME_PAIR_DIFF_SCREEN_OR_CONTEXT,P1062,cp_01M3NX213AEEFAQ1QQ1D2KXYNZ,lender-side/entry-point/open/cta,2,USER-SPEND:2548,View all
SAME_SECTION_SAME_PAIR_DIFF_SCREEN_OR_CONTEXT,P1062,cp_01M3NX213GE3AVBN29EJREV5CM,transfer/request-and-split-bill-card-on/main/cta,2,USER-SPEND:2584,View all
SAME_SECTION_SAME_PAIR_DIFF_SCREEN_OR_CONTEXT,P1063,cp_01M3NX213AEWCA51VJPAT2AVSA,lender-side/entry-point/add/cta,2,USER-SPEND:2549,Add new split bill
SAME_SECTION_SAME_PAIR_DIFF_SCREEN_OR_CONTEXT,P1063,cp_01M3NX213BE24A7HMG13XXYHDW,lender-side/landing-alt-1/add-bill/cta,2,USER-SPEND:2555,Add new split bill
SAME_SECTION_SAME_PAIR_DIFF_SCREEN_OR_CONTEXT,P1064,cp_01M3NX213BFDV9ZR7G47VHAS3M,lender-side/landing-alt-1/past-split-bill-section/title,3,USER-SPEND:2557,Past split bills
SAME_SECTION_SAME_PAIR_DIFF_SCREEN_OR_CONTEXT,P1064,cp_01M3NX213DEX780D70MXTHDMGW,lender-side/landing-alt-2/past-split-bill-section/title,3,USER-SPEND:2569,Past split bills
SAME_SECTION_SAME_PAIR_DIFF_SCREEN_OR_CONTEXT,P1064,cp_01M3NX213PF61AKP9PV24R522G,request/pastsplitbill/past-split-bill-section/title,3,USER-SPEND:2630,Past split bills
SAME_SECTION_SAME_PAIR_DIFF_SCREEN_OR_CONTEXT,P1065,cp_01M3NX213BE4VBP8NHN7F4EGPG,lender-side/landing-alt-1/settled-note/helper,2,USER-SPEND:2558,Settled up!
SAME_SECTION_SAME_PAIR_DIFF_SCREEN_OR_CONTEXT,P1065,cp_01M3NX213DEMRT7XDNQPJ3PNRH,lender-side/landing-alt-2/settled-note/helper,2,USER-SPEND:2570,Settled up!
SAME_SECTION_SAME_PAIR_DIFF_SCREEN_OR_CONTEXT,P1066,cp_01M3NX213BF5XRHYGBGDBZZMKJ,lender-side/landing-alt-1/amount-of-participant-info/helper,2,USER-SPEND:2559,Split with {n} people
SAME_SECTION_SAME_PAIR_DIFF_SCREEN_OR_CONTEXT,P1066,cp_01M3NX213CF2FSCE2TYVZ8HJ8M,lender-side/landing-alt-2/amount-of-participant-info/helper,2,USER-SPEND:2564,Split with {n} people
SAME_SECTION_SAME_PAIR_DIFF_SCREEN_OR_CONTEXT,P1067,cp_01M3NX213CFKYTV14F0CB3PE90,lender-side/landing-alt-1/view-detail/cta,3,USER-SPEND:2560,View details
SAME_SECTION_SAME_PAIR_DIFF_SCREEN_OR_CONTEXT,P1067,cp_01M3NX213DERCBDCQHVCZNT5ZB,lender-side/landing-alt-2/view-detail/cta,3,USER-SPEND:2565,View details
SAME_SECTION_SAME_PAIR_DIFF_SCREEN_OR_CONTEXT,P1067,cp_01M3NX213DEGZRVJ7JF83QDP2T,lender-side/landing-alt-2/view-detail/cta-2,3,USER-SPEND:2571,View details
SAME_SECTION_SAME_PAIR_DIFF_SCREEN_OR_CONTEXT,P1068,cp_01M3NX213CEE988EKJCHN277TN,lender-side/landing-alt-2/active-split-bill-section/text,2,USER-SPEND:2562,You have {n} active split bill --- You have {n} active split bills
SAME_SECTION_SAME_PAIR_DIFF_SCREEN_OR_CONTEXT,P1068,cp_01M3NX213NFW9B7Z8WFAEGC9FQ,request/activesplitbill/active-split-bill-section/title,2,USER-SPEND:2627,You have {n} active split bill --- You have {n} active split bills
SAME_SECTION_SAME_PAIR_DIFF_SCREEN_OR_CONTEXT,P1069,cp_01M3NX213REQ59SSAS3FKCT1WP,selectmembers/input-bill-amount/add-participant/cta,2,USER-SPEND:2643,Select members
SAME_SECTION_SAME_PAIR_DIFF_SCREEN_OR_CONTEXT,P1069,cp_01M3NX213TF66SQNM8WK0E58N6,selectmember/select-member/main/title,2,USER-SPEND:2657,Select members
SAME_SECTION_SAME_PAIR_DIFF_SCREEN_OR_CONTEXT,P1070,cp_01M3NX213REGS84JS32RRHACWG,sendtomembers/input-bill-amount/send-to-members/cta,2,USER-SPEND:2645;USER-SPEND:2715;USER-SPEND:2993,Send to members
SAME_SECTION_SAME_PAIR_DIFF_SCREEN_OR_CONTEXT,P1070,cp_01M3NX2142E18RPQ5RNYBZEBD6,lender-side/split-option/main/cta,2,USER-SPEND:2709,Send to members
SAME_SECTION_SAME_PAIR_DIFF_SCREEN_OR_CONTEXT,P1071,cp_01M3NX214BEP49VYEYJ6JA9XJH,addbankaccount/addnewaccount/add/cta,2,USER-SPEND:2774,Add
SAME_SECTION_SAME_PAIR_DIFF_SCREEN_OR_CONTEXT,P1071,cp_01M3NX214DFFQ8D1J1JMF91824,addnew/bank-list/add-bank-account/title,2,USER-SPEND:2783,Add
SAME_SECTION_SAME_PAIR_DIFF_SCREEN_OR_CONTEXT,P1072,cp_01M3NX214ZE9G9M5Z1BXKD8127,takenewpic/upload-bill-prompt/opt-1/text,2,USER-SPEND:2906,Take a new picture
SAME_SECTION_SAME_PAIR_DIFF_SCREEN_OR_CONTEXT,P1072,cp_01M3NX2156F79RVW2RMEPQ08ND,rescanreceipt/takenewpict/opt-1/cta,2,USER-SPEND:2958,Take a new picture
SAME_SECTION_SAME_PAIR_DIFF_SCREEN_OR_CONTEXT,P1073,cp_01M3NX214ZF4BSZDR3N0ANT86K,choosefromgalery/upload-bill-prompt/opt-2/text,2,USER-SPEND:2907,Choose from gallery
SAME_SECTION_SAME_PAIR_DIFF_SCREEN_OR_CONTEXT,P1073,cp_01M3NX2156EZHA2YCDFY7VP4K3,rescanreceipt/choosefromgallery/opt-2/cta,2,USER-SPEND:2959,Choose from gallery
SAME_SECTION_SAME_PAIR_DIFF_SCREEN_OR_CONTEXT,P1074,cp_01M3NX2150FZGT1PQG3A90P7W2,retakeconfirmation/retake-confirmation/retake/cta,2,USER-SPEND:2916,Retake
SAME_SECTION_SAME_PAIR_DIFF_SCREEN_OR_CONTEXT,P1074,cp_01M3NX2157FW0B2X3Z0TVNV0PW,retakebillphoto/delete-confirmation/retake/cta,2,USER-SPEND:2962,Retake
SAME_SECTION_SAME_PAIR_DIFF_SCREEN_OR_CONTEXT,P1075,cp_01M3NX2154F8PRHTPE5G862EAV,editbill/scanned-receipt/edit-bill/cta,2,USER-SPEND:2937,Edit bill
SAME_SECTION_SAME_PAIR_DIFF_SCREEN_OR_CONTEXT,P1075,cp_01M3NX2157ESZRV9H0717GDGSP,editbill/edit-bill/main/title,2,USER-SPEND:2964,Edit bill
SAME_SECTION_SAME_PAIR_DIFF_SCREEN_OR_CONTEXT,P1076,cp_01M3NX2154FDTBTVVXV12S4X1Q,confirm/scanned-receipt/confirm/cta,2,USER-SPEND:2938,Confirm
SAME_SECTION_SAME_PAIR_DIFF_SCREEN_OR_CONTEXT,P1076,cp_01M3NX215CECRRDD22N6B719DZ,gopay/splitbill/confirm/cta,2,USER-SPEND:3013,Confirm
SAME_SECTION_SAME_PAIR_DIFF_SCREEN_OR_CONTEXT,P1077,cp_01M3NX215FEQT8RSDG3A3N57SZ,sharelink/qr/main/cta,2,USER-SPEND:3035,Share link
SAME_SECTION_SAME_PAIR_DIFF_SCREEN_OR_CONTEXT,P1077,cp_01M3NX215HF5ZVSEM6JNYQE8J4,lender/option-dialogue/share/link,2,USER-SPEND:3050,Share link
SAME_SECTION_SAME_PAIR_DIFF_SCREEN_OR_CONTEXT,P1078,cp_01M3NX215PF3XBWD6SXTNPYPTF,waitingjoin/gotit/main/cta,3,USER-SPEND:3082,Got it
SAME_SECTION_SAME_PAIR_DIFF_SCREEN_OR_CONTEXT,P1078,cp_01M3NX215QE6XTYVFTMABMNYX4,cantjoinsplitbill/invitation-closed-removed-due-to/main/cta,3,USER-SPEND:3088,Got it
SAME_SECTION_SAME_PAIR_DIFF_SCREEN_OR_CONTEXT,P1078,cp_01M3NX215RFX2TXHQN19EPKQ1D,exceedmemberlimit/cant-join-due-to-25-members/main/cta,3,USER-SPEND:3097,Got it
SAME_SECTION_SAME_PAIR_DIFF_SCREEN_OR_CONTEXT,P1079,cp_01M3NX215WECC9BDP3XQKACRH7,cantaccessdraftfromlink/cant-access-draft-from-shared/main/cta,4,USER-SPEND:3128,Got it
SAME_SECTION_SAME_PAIR_DIFF_SCREEN_OR_CONTEXT,P1079,cp_01M3NX215ZEAQTBYYRYZWQDAEF,fulldraftmaintenance/full-draft-maintenance/main/cta,4,USER-SPEND:3151,Got it
SAME_SECTION_SAME_PAIR_DIFF_SCREEN_OR_CONTEXT,P1079,cp_01M3NX2160FCD8MTT9ZJP9N3JW,partialdraftmaintenance/partial-draft-maintenance/main/cta,4,USER-SPEND:3155,Got it
SAME_SECTION_SAME_PAIR_DIFF_SCREEN_OR_CONTEXT,P1079,cp_01M3NX2160EMNVMT77RAV9BKA6,draft/cont-draft-with-mismatched-total/main/cta,4,USER-SPEND:3159,Got it
SAME_SECTION_SAME_PAIR_DIFF_SCREEN_OR_CONTEXT,P1080,cp_01M3NX2167EKQSQA4EBZK4W48Z,recurring-flow-wip/split-bill-main/when-recurrence-set/cta,2,USER-SPEND:3208,"Repeat {cycle}, every <day/date>"
SAME_SECTION_SAME_PAIR_DIFF_SCREEN_OR_CONTEXT,P1080,cp_01M3NX216AEVARFMHDTS7XW3HN,recurring-flow-wip/transaction-history/active/description,2,USER-SPEND:3231,"Repeat {cycle}, every <day/date>"
SAME_SECTION_SAME_PAIR_DIFF_SCREEN_OR_CONTEXT,P1081,cp_01M3NX2168F39VT9FRK1RSBCG5,recurring-flow-wip/set-recurrence-dialogue/main/title,2,USER-SPEND:3213,Set recurrence
SAME_SECTION_SAME_PAIR_DIFF_SCREEN_OR_CONTEXT,P1081,cp_01M3NX216AEJYB8F3KJ6H222GX,recurring-flow-wip/transaction-history/set-recurrence/text,2,USER-SPEND:3229,Set recurrence
SAME_SECTION_SAME_PAIR_DIFF_SCREEN_OR_CONTEXT,P1082,cp_01M3NX216JFCA9PAK8GMAS6HGH,split-bill-group/group-member-selection/main/title,3,USER-SPEND:3287,Manage participation
SAME_SECTION_SAME_PAIR_DIFF_SCREEN_OR_CONTEXT,P1082,cp_01M3NX216KFDGAZAEGY2YZKCA5,group/manageparticipation/inline/cta,3,USER-SPEND:3294,Manage participation
SAME_SECTION_SAME_PAIR_DIFF_SCREEN_OR_CONTEXT,P1082,cp_01M3NX216MEQHV4FJ1KX0BTRDH,split-bill-group/manage-participation/main/title,3,USER-SPEND:3300,Manage participation
SAME_SECTION_SAME_PAIR_DIFF_SCREEN_OR_CONTEXT,P1083,cp_01M3NX216KEBNV0ZTFEYAKQ4VD,memberselection/count/selectedmember/text,2,USER-SPEND:3295,{n}/{n} members selected
SAME_SECTION_SAME_PAIR_DIFF_SCREEN_OR_CONTEXT,P1083,cp_01M3NX216MFTGABZPWZHPRYGX3,split-bill-group/manage-participation/selected-member-counter/text,2,USER-SPEND:3303,{n}/{n} members selected
SAME_SECTION_SAME_PAIR_DIFF_SCREEN_OR_CONTEXT,P1084,cp_01M3NX216ZE4AVRA51K64YNQH9,notifiednonuserviawa/non-gopay-user-dialogue-wa-blast/main/cta,17,USER-SPEND:3376;USER-SPEND:3380,Got it
SAME_SECTION_SAME_PAIR_DIFF_SCREEN_OR_CONTEXT,P1084,cp_01M3NX2170FZKSMBN95NZ7R261,sharebilldialogue/share-split-bill/main/cta,17,USER-SPEND:3384,Got it
SAME_SECTION_SAME_PAIR_DIFF_SCREEN_OR_CONTEXT,P1084,cp_01M3NX2173EVT8WX382XBH0D1E,cantremovememberdialogue/cant-remove-settled-member/main/cta,17,USER-SPEND:3404,Got it
SAME_SECTION_SAME_PAIR_DIFF_SCREEN_OR_CONTEXT,P1084,cp_01M3NX2175FFNSZ90HMA5768M6,maintenancedialogue/split-bill-maintenance/main/cta,17,USER-SPEND:3419,Got it
SAME_SECTION_SAME_PAIR_DIFF_SCREEN_OR_CONTEXT,P1084,cp_01M3NX2175FCPV73T8YBEJH58Q,billnolongerexist/deleted-split-bill-borrower-side/main/cta,17,USER-SPEND:3423,Got it
SAME_SECTION_SAME_PAIR_DIFF_SCREEN_OR_CONTEXT,P1084,cp_01M3NX2176FPCBP0R8QXCM10B7,errors-and-confirmation-dialogue/deleted-split-bill-lender-only/main/cta,17,USER-SPEND:3427,Got it
SAME_SECTION_SAME_PAIR_DIFF_SCREEN_OR_CONTEXT,P1084,cp_01M3NX2177FFTVPVW0CMZ3NQZP,deletedsplitbillalltype/deleted-split-bill-all-type/main/cta,17,USER-SPEND:3431,Got it
SAME_SECTION_SAME_PAIR_DIFF_SCREEN_OR_CONTEXT,P1084,cp_01M3NX2177FJ6VFNTXEDG36YKA,publicapiblock/for-hacking-attempt/main/cta,17,USER-SPEND:3435,Got it
SAME_SECTION_SAME_PAIR_DIFF_SCREEN_OR_CONTEXT,P1084,cp_01M3NX2179FTWBT5T7T963MVTN,errordialogue/zeroportion/main/cta,17,USER-SPEND:3448,Got it
SAME_SECTION_SAME_PAIR_DIFF_SCREEN_OR_CONTEXT,P1084,cp_01M3NX217AE4G99C1KPHQBVJNW,duplicatednumber/duplicated-phone-number/main/cta,17,USER-SPEND:3452,Got it
SAME_SECTION_SAME_PAIR_DIFF_SCREEN_OR_CONTEXT,P1084,cp_01M3NX217AEM5V3JQZKRNTNQZM,weeklylimitdialogue/weekly-limit/main/cta,17,USER-SPEND:3456,Got it
SAME_SECTION_SAME_PAIR_DIFF_SCREEN_OR_CONTEXT,P1084,cp_01M3NX217BFY7RSTR6ZHYJ6P0A,reachmemberlimit/too-many-members/main/cta,17,USER-SPEND:3460,Got it
SAME_SECTION_SAME_PAIR_DIFF_SCREEN_OR_CONTEXT,P1084,cp_01M3NX217KECWVZ4AYDB2S9NBN,cantsplitzerobill/rp0-total-amount/main/cta,17,USER-SPEND:3503,Got it
SAME_SECTION_SAME_PAIR_DIFF_SCREEN_OR_CONTEXT,P1084,cp_01M3NX217MEA4RFB8NWG7VHT1M,historylimitationerror/history-order-date-limitation/main/cta,17,USER-SPEND:3512,Got it
SAME_SECTION_SAME_PAIR_DIFF_SCREEN_OR_CONTEXT,P1084,cp_01M3NX217PE3HV0YDB3Z29QGQD,versionnotsupportocradjustment/cant-adjust-ocr-bill-from-older/main/cta,17,USER-SPEND:3520,Got it
SAME_SECTION_SAME_PAIR_DIFF_SCREEN_OR_CONTEXT,P1084,cp_01M3NX217QF5BS6DDQCR5T1CR8,cantremoveallitemfrompaidmember/cant-remove-all-assigned-item-of/main/cta,17,USER-SPEND:3528,Got it
SAME_SECTION_SAME_PAIR_DIFF_SCREEN_OR_CONTEXT,P1084,cp_01M3NX217VEJWVABQ8W7MF7EZH,internal/invalidbillid/main/cta,17,USER-SPEND:3557,Got it
SAME_SECTION_SAME_PAIR_DIFF_SCREEN_OR_CONTEXT,P1085,cp_01M3NX2171E14RWKF04SCD541G,accesscameradialogue/camera-access-permission/main/cta,2,USER-SPEND:3393,"Yes, continue"
SAME_SECTION_SAME_PAIR_DIFF_SCREEN_OR_CONTEXT,P1085,cp_01M3NX2172E9K8T5X8ZKZ5XF9R,accessgallerydialogue/gallery-access-permission/main/cta,2,USER-SPEND:3397,"Yes, continue"
SAME_SECTION_SAME_PAIR_DIFF_SCREEN_OR_CONTEXT,P1086,cp_01M3NX2173FHKBCSESDAAF1TPR,settlementdialogue/confirm/main/cta,4,USER-SPEND:3409,Confirm
SAME_SECTION_SAME_PAIR_DIFF_SCREEN_OR_CONTEXT,P1086,cp_01M3NX217HF7GTZ28HP2BMVY74,billeditconfirmation/confirmcta/main/cta-secondary,4,USER-SPEND:3490,Confirm
SAME_SECTION_SAME_PAIR_DIFF_SCREEN_OR_CONTEXT,P1086,cp_01M3NX217REGQ9FAAF7AR1JG0Z,changeimageasattachment/confirm/main/cta,4,USER-SPEND:3538,Confirm
SAME_SECTION_SAME_PAIR_DIFF_SCREEN_OR_CONTEXT,P1086,cp_01M3NX217SFTM9PHDHHDYSCA3G,confirmautocalculation/confirm/main/cta,4,USER-SPEND:3543,Confirm
SAME_SECTION_SAME_PAIR_DIFF_SCREEN_OR_CONTEXT,P1087,cp_01M3NX2175FZ493018Y4G8P3Z7,billnolongerexist/deleted-split-bill-borrower-side/tilte/title,2,USER-SPEND:3421,This split bill is no longer exist
SAME_SECTION_SAME_PAIR_DIFF_SCREEN_OR_CONTEXT,P1087,cp_01M3NX2176EN18DWVKNBEFK1D8,errors-and-confirmation-dialogue/deleted-split-bill-lender-only/main/title,2,USER-SPEND:3425,This split bill is no longer exist
SAME_SECTION_SAME_PAIR_DIFF_SCREEN_OR_CONTEXT,P1088,cp_01M3NX217GFYF9N83YF7VJTHRN,membernotassigned/readjustcta/main/cta-primary,2,USER-SPEND:3484,Readjust
SAME_SECTION_SAME_PAIR_DIFF_SCREEN_OR_CONTEXT,P1088,cp_01M3NX217PEEG947WFP1JTGSQJ,cantsplitwithonememberonly/cant-split-bill-with-1-member/main/cta,2,USER-SPEND:3524,Readjust
SAME_SECTION_SAME_PAIR_DIFF_SCREEN_OR_CONTEXT,P1089,cp_01M3NX2181E4EAZ7V526XTSBWD,one-way/home/departure/text,3,USER-SPEND:3607,Departure
SAME_SECTION_SAME_PAIR_DIFF_SCREEN_OR_CONTEXT,P1089,cp_01M3NX2184FHA9NP98K5N98XH7,one-way/search/departure/text,3,USER-SPEND:3640,Departure
SAME_SECTION_SAME_PAIR_DIFF_SCREEN_OR_CONTEXT,P1089,cp_01M3NX218DEW2TQKZS8XJA5GWT,one-way/payment-review/departure-pill/badge,3,USER-SPEND:3700,Departure
SAME_SECTION_SAME_PAIR_DIFF_SCREEN_OR_CONTEXT,P1090,cp_01M3NX2181FFM98T4VH5EDHY9T,one-way/home/main/placeholder,2,USER-SPEND:3608,Choose departure terminal
SAME_SECTION_SAME_PAIR_DIFF_SCREEN_OR_CONTEXT,P1090,cp_01M3NX2185E1P9Q0RBQ8P4ZPT8,one-way/search/placeholer/text,2,USER-SPEND:3641,Choose departure terminal
SAME_SECTION_SAME_PAIR_DIFF_SCREEN_OR_CONTEXT,P1091,cp_01M3NX2181ET1R1HXKNGVWHCAE,one-way/home/arrival/text,2,USER-SPEND:3609,Arrival
SAME_SECTION_SAME_PAIR_DIFF_SCREEN_OR_CONTEXT,P1091,cp_01M3NX2185FH2R042WCDVC2EDM,one-way/search/arrival/text,2,USER-SPEND:3642,Arrival
SAME_SECTION_SAME_PAIR_DIFF_SCREEN_OR_CONTEXT,P1092,cp_01M3NX2181FQRAYAZWN5D1RNXN,one-way/home/main/placeholder-2,2,USER-SPEND:3610,Choose arrival terminal
SAME_SECTION_SAME_PAIR_DIFF_SCREEN_OR_CONTEXT,P1092,cp_01M3NX2185E84AFTDHFR833EFX,one-way/search/placeholer/text-choose-arrival,2,USER-SPEND:3643,Choose arrival terminal
SAME_SECTION_SAME_PAIR_DIFF_SCREEN_OR_CONTEXT,P1093,cp_01M3NX2182FYPBB9HT1PVW680H,one-way/home/passenger/text,2,USER-SPEND:3615,Passenger
SAME_SECTION_SAME_PAIR_DIFF_SCREEN_OR_CONTEXT,P1093,cp_01M3NX2185EV3AN0C6X1X1W0N7,one-way/passenger-dialogue/main/title,2,USER-SPEND:3647,Passenger
SAME_SECTION_SAME_PAIR_DIFF_SCREEN_OR_CONTEXT,P1094,cp_01M3NX2184FS0R4H3H19XF3Q7M,one-way/home/departure-ticket-pill/badge,2,USER-SPEND:3634,Departure ticket
SAME_SECTION_SAME_PAIR_DIFF_SCREEN_OR_CONTEXT,P1094,cp_01M3NX218MER5SAF46PQJBVV6W,one-way/transaction-history/departure-ticket/text,2,USER-SPEND:3748,Departure ticket
SAME_SECTION_SAME_PAIR_DIFF_SCREEN_OR_CONTEXT,P1095,cp_01M3NX2187FYR8WBATB647VSGZ,one-way/passenger-dialogue/confirm/text,4,USER-SPEND:3651,Confirm
SAME_SECTION_SAME_PAIR_DIFF_SCREEN_OR_CONTEXT,P1095,cp_01M3NX218CETKANK1EDZXBGB5J,one-way/seat-selection/main/cta,4,USER-SPEND:3698,Confirm
SAME_SECTION_SAME_PAIR_DIFF_SCREEN_OR_CONTEXT,P1095,cp_01M3NX218GFCZVC05F2MXEHMS4,one-way/contact-information/main/cta,4,USER-SPEND:3719,Confirm
SAME_SECTION_SAME_PAIR_DIFF_SCREEN_OR_CONTEXT,P1095,cp_01M3NX218JEC8B3KXRSE7PZ6KX,one-way/add-passenger/confirm/cta,4,USER-SPEND:3735,Confirm
SAME_SECTION_SAME_PAIR_DIFF_SCREEN_OR_CONTEXT,P1096,cp_01M3NX218DEK198XMVNH848EYS,one-way/payment-review/contact-info/title,2,USER-SPEND:3702,Contact information
SAME_SECTION_SAME_PAIR_DIFF_SCREEN_OR_CONTEXT,P1096,cp_01M3NX218FEHJB5CY8S2WJFA6H,one-way/contact-information/main/title,2,USER-SPEND:3714,Contact information
SAME_SECTION_SAME_PAIR_DIFF_SCREEN_OR_CONTEXT,P1097,cp_01M3NX218DEQ9R9V6GMM0FKX57,one-way/payment-review/info/helper,2,USER-SPEND:3703,Ticket receipt will be sent to this person
SAME_SECTION_SAME_PAIR_DIFF_SCREEN_OR_CONTEXT,P1097,cp_01M3NX218FF7ETDFMKA0V4WR53,one-way/contact-information/main/description,2,USER-SPEND:3715,Ticket receipt will be sent to this person
SAME_SECTION_SAME_PAIR_DIFF_SCREEN_OR_CONTEXT,P1098,cp_01M3NX218YFSQTGYEAK4ECJ6KT,failedpayment/failed-payment/main/title,2,USER-SPEND:3818,Payment failed
SAME_SECTION_SAME_PAIR_DIFF_SCREEN_OR_CONTEXT,P1098,cp_01M3NX2190FQQTKEDGYKJ6BRF9,midtransrejection/rejected/main/title,2,USER-SPEND:3834,Payment failed
SAME_SECTION_SAME_PAIR_DIFF_SCREEN_OR_CONTEXT,P1099,cp_01M3NX218YFK8B4EHC4N961JHS,transactionexpired/expiry-nudge/main/title,2,USER-SPEND:3822,This transaction has expired
SAME_SECTION_SAME_PAIR_DIFF_SCREEN_OR_CONTEXT,P1099,cp_01M3NX2193FJ18NYT72BVZ6BP4,top-up-and-pay/error-3064-payment-attempt-when/main/title,2,USER-SPEND:3852,This transaction has expired
SAME_SECTION_SAME_PAIR_DIFF_SCREEN_OR_CONTEXT,P1100,cp_01M3NX218YENW9GZAA2CJWYWDE,transactionexpired/expiry-nudge/main/cta,8,USER-SPEND:3824,Got it
SAME_SECTION_SAME_PAIR_DIFF_SCREEN_OR_CONTEXT,P1100,cp_01M3NX2190E9EV3EBS72A576FW,havebeenpaid/cancellation-attempt-payments/main/cta,8,USER-SPEND:3832,Got it
SAME_SECTION_SAME_PAIR_DIFF_SCREEN_OR_CONTEXT,P1100,cp_01M3NX2190E54SQJC53Y94V99K,midtransrejection/rejected/main/cta,8,USER-SPEND:3836,Got it
SAME_SECTION_SAME_PAIR_DIFF_SCREEN_OR_CONTEXT,P1100,cp_01M3NX2191FJ1ASQ4KA0PJBVGN,gennieremovaldelay/cancelled-trx-still-appear-on/main/cta,8,USER-SPEND:3840,Got it
SAME_SECTION_SAME_PAIR_DIFF_SCREEN_OR_CONTEXT,P1100,cp_01M3NX2193E50ACR1GAFEK8GVY,top-up-and-pay/error-62003-cant-do-top-up-and/main/cta,8,USER-SPEND:3850,Got it
SAME_SECTION_SAME_PAIR_DIFF_SCREEN_OR_CONTEXT,P1100,cp_01M3NX2193FAJRQ87ED8B53X76,top-up-and-pay/error-3064-payment-attempt-when/main/cta,8,USER-SPEND:3854,Got it
SAME_SECTION_SAME_PAIR_DIFF_SCREEN_OR_CONTEXT,P1100,cp_01M3NX2194FWGBACG9SA4ACMR7,top-up-and-pay/error-3063-payment-attempt-when/main/cta,8,USER-SPEND:3858,Got it
SAME_SECTION_SAME_PAIR_DIFF_SCREEN_OR_CONTEXT,P1100,cp_01M3NX2195E8T80V9WMPM0QWCE,top-up-and-pay/error-3062-payment-attempt-when/main/cta,8,USER-SPEND:3862,Got it
SAME_SECTION_SAME_PAIR_DIFF_SCREEN_OR_CONTEXT,P1101,cp_01M3NX2193ECYSF8WGHGK0VC9K,top-up-and-pay/error-3064-payment-attempt-when/main/description,2,USER-SPEND:3853,Please start over the transaction from beginning if you still need it.
SAME_SECTION_SAME_PAIR_DIFF_SCREEN_OR_CONTEXT,P1101,cp_01M3NX2194FVDVCRMFZZKRAJG1,top-up-and-pay/error-3063-payment-attempt-when/main/description,2,USER-SPEND:3857,Please start over the transaction from beginning if you still need it.
SAME_SECTION_SAME_PAIR_DIFF_SCREEN_OR_CONTEXT,P1102,cp_01M3NX2196FT39VGJYBCPCVTBQ,price-comparison-wip/merged-payment-l1/tile-name/label,2,USER-SPEND:3871,Game top up
SAME_SECTION_SAME_PAIR_DIFF_SCREEN_OR_CONTEXT,P1102,cp_01M3NX2196EPWVCHGTAJAYE13G,price-comparison-wip/top-up/main/title,2,USER-SPEND:3873,Game top up
SAME_SECTION_SAME_PAIR_DIFF_SCREEN_OR_CONTEXT,P1103,cp_01M3NX2196FXSAJ76FTDQZHS98,price-comparison-wip/top-up/filter/text,2,USER-SPEND:3876,Filter
SAME_SECTION_SAME_PAIR_DIFF_SCREEN_OR_CONTEXT,P1103,cp_01M3NX2198F4PTKR69D3AGY27F,price-comparison-wip/filter-dialogue/main/title,2,USER-SPEND:3891,Filter
SAME_SECTION_SAME_PAIR_DIFF_SCREEN_OR_CONTEXT,P1104,cp_01M3NX2198EFCSPT6YKXHJV5DC,price-comparison-wip/alt-design-2/x-y-diamond/text,2,USER-SPEND:3889,{n} - {n} diamonds
SAME_SECTION_SAME_PAIR_DIFF_SCREEN_OR_CONTEXT,P1104,cp_01M3NX2199ET589DA3WPFZ0R22,price-comparison-wip/filter-dialogue/main/option,2,USER-SPEND:3895,{n} - {n} diamonds
SAME_SECTION_SAME_PAIR_DIFF_SCREEN_OR_CONTEXT,P1105,cp_01M3NX21A3FD2R3PTEB7GMKS87,mini-app/generic-singular-device/main/description,2,USER-SPEND:4062,This permission is required so you can continue using this service.
SAME_SECTION_SAME_PAIR_DIFF_SCREEN_OR_CONTEXT,P1105,cp_01M3NX21ASFJPS5BFH2ZS5YV24,mini-app/wifi-access-permission/main/description,2,USER-SPEND:4197,This permission is required so you can continue using this service.
SAME_SECTION_SAME_PAIR_DIFF_SCREEN_OR_CONTEXT,P1106,cp_01M3NX21AFEA1RNW2FV2SWCZPF,permissionsetting/mandatory/main/cta,2,USER-SPEND:4137,Got it
SAME_SECTION_SAME_PAIR_DIFF_SCREEN_OR_CONTEXT,P1106,cp_01M3NX21AQFD19BNWGYWMBGW9M,mini-app/non-retriable/main/cta,2,USER-SPEND:4188,Got it
SAME_SECTION_SAME_PAIR_DIFF_SCREEN_OR_CONTEXT,P1107,cp_01M3NX21AHEGWAZY1QX8JS150G,mini-app/400001-consent-profile-not-found/main/title,5,USER-SPEND:4149,There's a technical error
SAME_SECTION_SAME_PAIR_DIFF_SCREEN_OR_CONTEXT,P1107,cp_01M3NX21AJESFSCNGNJXZXH61T,mini-app/400002-invalid-consent-catalog/main/title,5,USER-SPEND:4153,There's a technical error
SAME_SECTION_SAME_PAIR_DIFF_SCREEN_OR_CONTEXT,P1107,cp_01M3NX21AJEEGVCBMPBFMY8S6R,mini-app/400003-user-consent-already/main/title,5,USER-SPEND:4157,There's a technical error
SAME_SECTION_SAME_PAIR_DIFF_SCREEN_OR_CONTEXT,P1107,cp_01M3NX21APEHES7N4HMDG6GWZ9,mini-app/retriable/main/title,5,USER-SPEND:4182,There's a technical error
SAME_SECTION_SAME_PAIR_DIFF_SCREEN_OR_CONTEXT,P1107,cp_01M3NX21AQEEE9EHPHNV33XWP4,mini-app/non-retriable/main/title,5,USER-SPEND:4186,There's a technical error
SAME_SECTION_SAME_PAIR_DIFF_SCREEN_OR_CONTEXT,P1108,cp_01M3NX21AHF42R3ACTRH9Q37XV,mini-app/400001-consent-profile-not-found/main/description,2,USER-SPEND:4150,We're fixing it right now. Please try again after some time.
SAME_SECTION_SAME_PAIR_DIFF_SCREEN_OR_CONTEXT,P1108,cp_01M3NX21AJEXH9ZM6DKJRN0SWC,mini-app/400002-invalid-consent-catalog/main/description,2,USER-SPEND:4154,We're fixing it right now. Please try again after some time.
SAME_SECTION_SAME_PAIR_DIFF_SCREEN_OR_CONTEXT,P1109,cp_01M3NX21AHFWATAWP9EAZ1P9FC,mini-app/400001-consent-profile-not-found/main/cta,7,USER-SPEND:4151,Got it
SAME_SECTION_SAME_PAIR_DIFF_SCREEN_OR_CONTEXT,P1109,cp_01M3NX21AJESSVKYA54CDDD8T1,mini-app/400002-invalid-consent-catalog/main/cta,7,USER-SPEND:4155,Got it
SAME_SECTION_SAME_PAIR_DIFF_SCREEN_OR_CONTEXT,P1109,cp_01M3NX21AKFDAR6KVZVETRSHXS,mini-app/400003-user-consent-already/main/cta,7,USER-SPEND:4159,Got it
SAME_SECTION_SAME_PAIR_DIFF_SCREEN_OR_CONTEXT,P1109,cp_01M3NX21AKFHZVXXDMC8E4A1KA,mini-app/400004-user-consent-does-not/main/cta,7,USER-SPEND:4163,Got it
SAME_SECTION_SAME_PAIR_DIFF_SCREEN_OR_CONTEXT,P1109,cp_01M3NX21AME42SQPAGKGM2B5GD,mini-app/linking-doesnt-exist/main/cta,7,USER-SPEND:4167,Got it
SAME_SECTION_SAME_PAIR_DIFF_SCREEN_OR_CONTEXT,P1109,cp_01M3NX21ANEC893NH5CBN2W7SW,mini-app/user-doesnt-exist/main/cta,7,USER-SPEND:4175,Got it
SAME_SECTION_SAME_PAIR_DIFF_SCREEN_OR_CONTEXT,P1109,cp_01M3NX21AREF5A6GC437WEAX76,fraudsuspicion/fraud-suspicion/main/cta,7,USER-SPEND:4192,Got it
SAME_SECTION_SAME_PAIR_DIFF_SCREEN_OR_CONTEXT,P1110,cp_01M3NX21AMFKN8QY52CY23EZV5,mini-app/linking-doesnt-exist/main/title,2,USER-SPEND:4165,There’s a technical error from partner’s side
SAME_SECTION_SAME_PAIR_DIFF_SCREEN_OR_CONTEXT,P1110,cp_01M3NX21ANEZ99RF1SWP4Y4Q6J,mini-app/user-doesnt-exist/main/title,2,USER-SPEND:4173,There’s a technical error from partner’s side
SAME_SECTION_SAME_PAIR_DIFF_SCREEN_OR_CONTEXT,P1111,cp_01M3NX21ATECN8990HF2TDS2F6,a-plus-daily-check-in-reward/alt-1-with-reward-detail/main/title,4,USER-SPEND:4205,A+ Rewards
SAME_SECTION_SAME_PAIR_DIFF_SCREEN_OR_CONTEXT,P1111,cp_01M3NX21ATFY4T1Z1PD9D8P2Q0,a-plus-daily-check-in-reward/alt-1-with-reward-detail/main/title-2,4,USER-SPEND:4208,A+ Rewards
SAME_SECTION_SAME_PAIR_DIFF_SCREEN_OR_CONTEXT,P1111,cp_01M3NX21AVFG196E1XJ8KXYSR5,a-plus-daily-check-in-reward/alt-2-without-reward-detail/text/text,4,USER-SPEND:4211,A+ Rewards
SAME_SECTION_SAME_PAIR_DIFF_SCREEN_OR_CONTEXT,P1111,cp_01M3NX21AVFQJAZNFPW3AWSTEP,a-plus-daily-check-in-reward/alt-2-without-reward-detail/text/text-rewards,4,USER-SPEND:4213,A+ Rewards
SAME_SECTION_SAME_PAIR_DIFF_SCREEN_OR_CONTEXT,P1112,cp_01M3NX21B3ETABRBE0W91EJJ1R,voucer-jajan/genie/main/title,3,USER-SPEND:4277,Voucer jajan
SAME_SECTION_SAME_PAIR_DIFF_SCREEN_OR_CONTEXT,P1112,cp_01M3NX21B4F9T8SS3KFYCE67SF,voucer-jajan/promo-tile/name/label,3,USER-SPEND:4280,Voucer jajan
SAME_SECTION_SAME_PAIR_DIFF_SCREEN_OR_CONTEXT,P1112,cp_01M3NX21B4FJS8RHGHWACJ6WF7,voucer-jajan/main/main/title,3,USER-SPEND:4282,Voucer jajan
SAME_SECTION_SAME_PAIR_DIFF_SCREEN_OR_CONTEXT,P1113,cp_01M3NX21B5EN3RG2C5E49YPAAJ,voucer-jajan/main/valid-until/text,2,USER-SPEND:4286,Valid until {date}
SAME_SECTION_SAME_PAIR_DIFF_SCREEN_OR_CONTEXT,P1113,cp_01M3NX21B7EQMT1W8PYGR1W805,voucer-jajan/voucher/validity/text,2,USER-SPEND:4297,Valid until {date}
SAME_SECTION_SAME_PAIR_DIFF_SCREEN_OR_CONTEXT,P1114,cp_01M3NX21B5EQTSG9AJK0JCFVZ0,voucer-jajan/main/use/cta,2,USER-SPEND:4288,Use
SAME_SECTION_SAME_PAIR_DIFF_SCREEN_OR_CONTEXT,P1114,cp_01M3NX21B7F7AT62TRZ81RB3CE,voucer-jajan/voucher/use/cta,2,USER-SPEND:4298,Use
SAME_SECTION_SAME_PAIR_DIFF_SCREEN_OR_CONTEXT,P1115,cp_01M3NX21BKEP98YJY5MN1JEBMZ,invalidnfc/nfc-invalid/main/cta,3,USER-SPEND:4393,Got it
SAME_SECTION_SAME_PAIR_DIFF_SCREEN_OR_CONTEXT,P1115,cp_01M3NX21BKEYTBZMFJE2654YV2,ultrasobi/double-binding/main/cta,3,USER-SPEND:4397,Got it
SAME_SECTION_SAME_PAIR_DIFF_SCREEN_OR_CONTEXT,P1115,cp_01M3NX21BMEKMT8S06382P896A,comingsoon/double-binding/main/cta,3,USER-SPEND:4401,Got it
SAME_SECTION_SAME_PAIR_DIFF_SCREEN_OR_CONTEXT,P1116,cp_01M3NX21BPEGG9M6T37BNBPV56,transport/main/tj/text,4,USER-SPEND:4414,Transjakarta
SAME_SECTION_SAME_PAIR_DIFF_SCREEN_OR_CONTEXT,P1116,cp_01M3NX21BWEVD8D5X3T295J2B6,transport/tj-quick-buy/main/title,4,USER-SPEND:4452,Transjakarta
SAME_SECTION_SAME_PAIR_DIFF_SCREEN_OR_CONTEXT,P1116,cp_01M3NX21CBEP7SDAJ86SRT6GJR,transport/tj-active-ticket/main/title,4,USER-SPEND:4557,Transjakarta
SAME_SECTION_SAME_PAIR_DIFF_SCREEN_OR_CONTEXT,P1116,cp_01M3NX21CCFWGACB4BKBC1RF0B,transport/genie-view-tj-ticket/main/title,4,USER-SPEND:4564,Transjakarta
SAME_SECTION_SAME_PAIR_DIFF_SCREEN_OR_CONTEXT,P1117,cp_01M3NX21BWECPRMNVK0Q63JBZF,transport/krl/main/cta,2,USER-SPEND:4450,Buy
SAME_SECTION_SAME_PAIR_DIFF_SCREEN_OR_CONTEXT,P1117,cp_01M3NX21BXFHCA4N8BZPC3FG0X,transport/tj-quick-buy/main/cta,2,USER-SPEND:4454,Buy
SAME_SECTION_SAME_PAIR_DIFF_SCREEN_OR_CONTEXT,P1118,cp_01M3NX21BWFDTVFTA4VFY71Q9R,transport/tj-quick-buy/main/description,2,USER-SPEND:4453,BRT ticket
SAME_SECTION_SAME_PAIR_DIFF_SCREEN_OR_CONTEXT,P1118,cp_01M3NX21CCE6NA12R0VS97EQGX,transport/tj-active-ticket/info/helper,2,USER-SPEND:4559,BRT ticket
SAME_SECTION_SAME_PAIR_DIFF_SCREEN_OR_CONTEXT,P1119,cp_01M3NX21BXEQ3VJ84FRV03BREQ,transport/gojek-quick-buy/main/cta,2,USER-SPEND:4458,Book
SAME_SECTION_SAME_PAIR_DIFF_SCREEN_OR_CONTEXT,P1119,cp_01M3NX21CEFQ5S0HJ9CF9KBTXZ,transport/genie-goride-cross-sell/main/cta,2,USER-SPEND:4570,Book
SAME_SECTION_SAME_PAIR_DIFF_SCREEN_OR_CONTEXT,P1120,cp_01M3NX21C6E8NR4DGK5MB4F1YH,cancelticket/goback/main/cta,2,USER-SPEND:4525,Go back
SAME_SECTION_SAME_PAIR_DIFF_SCREEN_OR_CONTEXT,P1120,cp_01M3NX21C9FEQTZCGJEAJVDA2B,outofservicearea/outside-service-area/main/cta,2,USER-SPEND:4543,Go back
SAME_SECTION_SAME_PAIR_DIFF_SCREEN_OR_CONTEXT,P1121,cp_01M3NX21CRFJBT65Z3YBY6W643,notavailableyet/not-available-in-area-dialogue/main/cta,2,USER-SPEND:4648,Got it
SAME_SECTION_SAME_PAIR_DIFF_SCREEN_OR_CONTEXT,P1121,cp_01M3NX21CTFVRB2M8DBRRMWT4M,outofagerange/not-eligible-by-age-dialogue/main/cta,2,USER-SPEND:4657,Got it
SAME_SECTION_SAME_PAIR_DIFF_SCREEN_OR_CONTEXT,P1122,cp_01M3NX21CVE8EV6DRNWNA3XA2Y,invitationpage/greeting/greeting/text,2,USER-SPEND:4663,"Hi, {first_name}! 👋🏻"
SAME_SECTION_SAME_PAIR_DIFF_SCREEN_OR_CONTEXT,P1122,cp_01M3NX21CWFX6VZ4HNRGTTKTNH,welcomepage/greeting/main/title,2,USER-SPEND:4670,"Hi, {first_name}! 👋🏻"
SAME_SECTION_SAME_PAIR_DIFF_SCREEN_OR_CONTEXT,P1123,cp_01M3NX21D7ENZR2PEZVT6AK23H,home/virtualcard/main/text,2,USER-SPEND:4735,Virtual card
SAME_SECTION_SAME_PAIR_DIFF_SCREEN_OR_CONTEXT,P1123,cp_01M3NX21DBFAEAQF2AQAX47N5T,gopay-next/virtual-card/main/text,2,USER-SPEND:4760,Virtual card
SAME_SECTION_SAME_PAIR_DIFF_SCREEN_OR_CONTEXT,P1124,cp_01M3NX21DPETNS0TPGY6QAXHTE,patungan/fixed-amount-main/main/text-add-some-notes,2,USER-SPEND:4840,Add some notes or details
SAME_SECTION_SAME_PAIR_DIFF_SCREEN_OR_CONTEXT,P1124,cp_01M3NX21DTEETAWGS689GG8CJD,patungan/add-note/main/text-add-some-notes,2,USER-SPEND:4862,Add some notes or details
SAME_SECTION_SAME_PAIR_DIFF_SCREEN_OR_CONTEXT,P1125,cp_01M3NX21E1ENRRNFJSF4VWDC5V,activation/shared/main/text,2,TABUNGAN:8,Collaborated with
SAME_SECTION_SAME_PAIR_DIFF_SCREEN_OR_CONTEXT,P1125,cp_01M3NX21ESFA6AA17WX4T8EJG5,activation/for-gopay-app-please-remove/main/text-collaborated,2,TABUNGAN:168,Collaborated with
SAME_SECTION_SAME_PAIR_DIFF_SCREEN_OR_CONTEXT,P1126,cp_01M3NX21E2FMGR1RENTPPHE08M,activation/shared/tiles/text,2,TABUNGAN:9,Earn 3.75% interest
SAME_SECTION_SAME_PAIR_DIFF_SCREEN_OR_CONTEXT,P1126,cp_01M3NX21E3FEJTJ7VX8PCK9NHN,activation/shared/interest-tiles/text,2,TABUNGAN:14,Earn 3.75% interest
SAME_SECTION_SAME_PAIR_DIFF_SCREEN_OR_CONTEXT,P1127,cp_01M3NX21E2F7J8CQDK5FYRSE4H,activation/shared/main/text-free-gopay-top-up,3,TABUNGAN:11,Free GoPay top up fee
SAME_SECTION_SAME_PAIR_DIFF_SCREEN_OR_CONTEXT,P1127,cp_01M3NX21E3F4HBSGDDWFMVY1YM,activation/shared/main/text-free-gopay-top-up-2,3,TABUNGAN:11,Free GoPay top up fee
SAME_SECTION_SAME_PAIR_DIFF_SCREEN_OR_CONTEXT,P1127,cp_01M3NX21E4FEHTYNCA4RE1HDFP,activation/shared/free-gopay-top-up-fee-tiles/text,3,TABUNGAN:23,Free GoPay top up fee
SAME_SECTION_SAME_PAIR_DIFF_SCREEN_OR_CONTEXT,P1128,cp_01M3NX21E3EZ78YVQQ103YFE81,activation/shared/main/text-quick-easy,2,TABUNGAN:12,Quick & easy activation
SAME_SECTION_SAME_PAIR_DIFF_SCREEN_OR_CONTEXT,P1128,cp_01M3NX21E5FNCS445PEK4GAC1T,activation/shared/main/title-2,2,TABUNGAN:31,Quick & easy activation
SAME_SECTION_SAME_PAIR_DIFF_SCREEN_OR_CONTEXT,P1129,cp_01M3NX21F3EGBA9GYPQ9MJV8H4,activation/user-has-done-application/main/cta,3,TABUNGAN:243,Help
SAME_SECTION_SAME_PAIR_DIFF_SCREEN_OR_CONTEXT,P1129,cp_01M3NX21FRFZYS74KRSD34EGBC,activation/duplicate-id-rejection/main/cta,3,TABUNGAN:380,Help
SAME_SECTION_SAME_PAIR_DIFF_SCREEN_OR_CONTEXT,P1129,cp_01M3NX21FRE4FBSC3E1J426NCF,activation/duplicate-phone-number-or-email/main/cta,3,TABUNGAN:384,Help
SAME_SECTION_SAME_PAIR_DIFF_SCREEN_OR_CONTEXT,P1130,cp_01M3NX21G3FJESN716AJHFPJYN,deactivation/shared/main/text-close-bank-account,2,TABUNGAN:458,Close bank account
SAME_SECTION_SAME_PAIR_DIFF_SCREEN_OR_CONTEXT,P1130,cp_01M3NX21G3F4789XVY8DASGQPZ,deactivation/shared/navbar/text-close-bank-account,2,TABUNGAN:460,Close bank account
SAME_SECTION_SAME_PAIR_DIFF_SCREEN_OR_CONTEXT,P1131,cp_01M3NX21G5FM4RWJ0TDGS0E9FW,deactivation/shared/cta1/text,2,TABUNGAN:469,Cancel close account
SAME_SECTION_SAME_PAIR_DIFF_SCREEN_OR_CONTEXT,P1131,cp_01M3NX21G6E6QA872JCA6782EG,deactivation/shared/main/cta-primary,2,TABUNGAN:481,Cancel close account
SAME_SECTION_SAME_PAIR_DIFF_SCREEN_OR_CONTEXT,P1132,cp_01M3NX21G9E17TT9R9H2D8D6RN,transaction-history/history-list-for-interest/amount/value,2,TABUNGAN:498,Rp{amount}
SAME_SECTION_SAME_PAIR_DIFF_SCREEN_OR_CONTEXT,P1132,cp_01M3NX21GBFHET0JNDVEN4S9KA,transaction-history/history-list-for-tax/amount/value,2,TABUNGAN:506,Rp{amount}
SAME_SECTION_SAME_PAIR_DIFF_SCREEN_OR_CONTEXT,P1133,cp_01M3NX21GBE0Z932CNN900TSH3,transaction-history/history-list-auto-sweep-info/main/title,2,TABUNGAN:509,GoPay Tabungan transfer
SAME_SECTION_SAME_PAIR_DIFF_SCREEN_OR_CONTEXT,P1133,cp_01M3NX21GCEB1V960ZM96332MP,transaction-history/order-details-auto-sweep-info/main/title,2,TABUNGAN:514,GoPay Tabungan transfer
SAME_SECTION_SAME_PAIR_DIFF_SCREEN_OR_CONTEXT,P1134,cp_01M3NX21GHFFCSQGAJCRD586SD,edge-cases/account-inactive/main/description,3,TABUNGAN:557,"To activate GoPay Tabungan, we'll need your Jago account to be active. Please contact Tanya Jago for"
SAME_SECTION_SAME_PAIR_DIFF_SCREEN_OR_CONTEXT,P1134,cp_01M3NX21GJE149FGWYGX6ZG1QV,edge-cases/account-rejected/main/description,3,TABUNGAN:562,"To activate GoPay Tabungan, we'll need your Jago account to be active. Please contact Tanya Jago for"
SAME_SECTION_SAME_PAIR_DIFF_SCREEN_OR_CONTEXT,P1134,cp_01M3NX21GKFM8R1ERF23WMY720,edge-cases/account-closed/main/description,3,TABUNGAN:566,"To activate GoPay Tabungan, we'll need your Jago account to be active. Please contact Tanya Jago for"
SAME_SECTION_SAME_PAIR_DIFF_SCREEN_OR_CONTEXT,P1135,cp_01M3NX21GQEQYT98YYCDY57C0K,edge-cases/account-partial/main/cta-2,6,TABUNGAN:591,Got it
SAME_SECTION_SAME_PAIR_DIFF_SCREEN_OR_CONTEXT,P1135,cp_01M3NX21GSE1WVVH9JRNBHMEDP,edge-cases/blocked-scenario/main/text-got,6,TABUNGAN:604,Got it
SAME_SECTION_SAME_PAIR_DIFF_SCREEN_OR_CONTEXT,P1135,cp_01M3NX21GTEK5AE4XFZ4KRCPS4,edge-cases/blocked-scenario/main/text-got-2,6,TABUNGAN:608,Got it
SAME_SECTION_SAME_PAIR_DIFF_SCREEN_OR_CONTEXT,P1135,cp_01M3NX21GVFT5ATNM0HQHHB9BN,edge-cases/blocked-scenario/main/text-got-3,6,TABUNGAN:612,Got it
SAME_SECTION_SAME_PAIR_DIFF_SCREEN_OR_CONTEXT,P1135,cp_01M3NX21GVEMMVX7FBA7SDQBRX,edge-cases/blocked-scenario/main/text-got-4,6,TABUNGAN:616,Got it
SAME_SECTION_SAME_PAIR_DIFF_SCREEN_OR_CONTEXT,P1135,cp_01M3NX21GWE64RTS48CCNX4PG5,edge-cases/blocked-scenario/main/text-got-5,6,TABUNGAN:620,Got it
SAME_SECTION_SAME_PAIR_DIFF_SCREEN_OR_CONTEXT,P1136,cp_01M3NX21GTEQJ9YK00EJXDTBFA,edge-cases/blocked-scenario/wallet-block-temporary/text,2,TABUNGAN:606,GoPay Tabungan is blocked
SAME_SECTION_SAME_PAIR_DIFF_SCREEN_OR_CONTEXT,P1136,cp_01M3NX21GTEEFSWM1YY0WBQ7SP,edge-cases/blocked-scenario/wallet-block-permanent/text,2,TABUNGAN:610,GoPay Tabungan is blocked
SAME_SECTION_SAME_PAIR_DIFF_SCREEN_OR_CONTEXT,P1137,cp_01M3NX21GWF97V8WMR8335M9EJ,edge-cases/blocked-scenario/account-blocked-because-re-kyc/value,2,TABUNGAN:622,Your GoPay Tabungan is blocked
SAME_SECTION_SAME_PAIR_DIFF_SCREEN_OR_CONTEXT,P1137,cp_01M3NX21GXE80RJ9RBCV40MKSJ,edge-cases/blocked-scenario/user-kyc-not-aligned-with/text,2,TABUNGAN:625,Your GoPay Tabungan is blocked
SAME_SECTION_SAME_PAIR_DIFF_SCREEN_OR_CONTEXT,P1138,cp_01M3NX21GZEEZS473P7V8JRWCY,onboarding-tabungan-iteration/shared/tiles-interest/text,2,TABUNGAN:637,Yearly interest up to 3.75%
SAME_SECTION_SAME_PAIR_DIFF_SCREEN_OR_CONTEXT,P1138,cp_01M3NX21H1FBCTFE9RQSBFJ9MF,onboarding-tabungan-iteration/tiles-interest/main/text,2,TABUNGAN:649,Yearly interest up to 3.75%
SAME_SECTION_SAME_PAIR_DIFF_SCREEN_OR_CONTEXT,P1139,cp_01M3NX21H2F5ERZ1WA7W02CSHF,onboarding-tabungan-iteration/tiles-free-transfer/main/cta,3,TABUNGAN:658,Activate GoPay Tabungan
SAME_SECTION_SAME_PAIR_DIFF_SCREEN_OR_CONTEXT,P1139,cp_01M3NX21H3F6DRBFW519GC8HSG,onboarding-tabungan-iteration/tiles-convenience/main/cta,3,TABUNGAN:662,Activate GoPay Tabungan
SAME_SECTION_SAME_PAIR_DIFF_SCREEN_OR_CONTEXT,P1139,cp_01M3NX21H3FABAT3W0E21H1A5Z,onboarding-tabungan-iteration/tiles-tracker/main/cta,3,TABUNGAN:666,Activate GoPay Tabungan
SAME_SECTION_SAME_PAIR_DIFF_SCREEN_OR_CONTEXT,P1140,cp_01M3NX21J1ETSRCQVQV9QX4D8T,account-deletion-deactivation/tabungan-homescreen/main/text,2,TABUNGAN:903,Close Tabungan
SAME_SECTION_SAME_PAIR_DIFF_SCREEN_OR_CONTEXT,P1140,cp_01M3NX21J6ETQ9D7EEDZ9BPNXZ,deactivation/prerequisites/main/title,2,TABUNGAN:927,Close Tabungan
SAME_SECTION_SAME_PAIR_DIFF_SCREEN_OR_CONTEXT,P1141,cp_01M3NX21J5FH6T612K5AH6HMW2,deactivation/reasonslist/cancel/cta,2,TABUNGAN:920,Keep Tabungan open
SAME_SECTION_SAME_PAIR_DIFF_SCREEN_OR_CONTEXT,P1141,cp_01M3NX21J8EHA8FS4810Z0V4A6,deactivation/prerequisites/cancel/cta,2,TABUNGAN:934,Keep Tabungan open
SAME_SECTION_SAME_PAIR_DIFF_SCREEN_OR_CONTEXT,P1142,cp_01M3NX21J7F2JTWT03T6A3ZMK2,deactivation/prerequisites/loseinterest/title,2,TABUNGAN:930,Interest earning you'll lose
SAME_SECTION_SAME_PAIR_DIFF_SCREEN_OR_CONTEXT,P1142,cp_01M3NX21J8E0GBD6S6PWGNVM5X,account-deletion-deactivation/no-remaining-balance-but-users/main/text,2,TABUNGAN:938,Interest earning you'll lose
SAME_SECTION_SAME_PAIR_DIFF_SCREEN_OR_CONTEXT,P1143,cp_01M3NX21J7F39T349NQPWAT3MF,deactivation/prerequisites/loseinterest/description,2,TABUNGAN:932,You'll lose this month's interest earning if you close your Tabungan before the end of this month.
SAME_SECTION_SAME_PAIR_DIFF_SCREEN_OR_CONTEXT,P1143,cp_01M3NX21J8E35BSQCKJ5XENYEG,deactivation/prerequisites/remaininginterest/description,2,TABUNGAN:937,You'll lose this month's interest earning if you close your Tabungan before the end of this month.
SAME_SECTION_SAME_PAIR_DIFF_SCREEN_OR_CONTEXT,P1144,cp_01M3NX21JPFWMSV18NKX0W6F38,a-b-test-cross-sell/interest-variant/main/text-enjoy-free-transfers,2,TABUNGAN:1036,Enjoy free transfers to any banks and keep balance without limit.
SAME_SECTION_SAME_PAIR_DIFF_SCREEN_OR_CONTEXT,P1144,cp_01M3NX21JQF8BV53PG0ZZXN82G,a-b-test-cross-sell/9-9-campaign/main/text-enjoy-free-transfers,2,TABUNGAN:1044,Enjoy free transfers to any banks and keep balance without limit.
SAME_SECTION_SAME_PAIR_DIFF_SCREEN_OR_CONTEXT,P1145,cp_01M3NX21JPFS4BTAEP088DG32S,a-b-test-cross-sell/interest-variant/main/cta,2,TABUNGAN:1037,Check all benefits
SAME_SECTION_SAME_PAIR_DIFF_SCREEN_OR_CONTEXT,P1145,cp_01M3NX21JRFDF8XF8FE00N51X6,a-b-test-cross-sell/9-9-campaign/main/cta,2,TABUNGAN:1045,Check all benefits
SAME_SECTION_SAME_PAIR_DIFF_SCREEN_OR_CONTEXT,P1146,cp_01M3NX21JVERHVACPNG93KRAX6,october-campaigns/variable-rewards-10-10/main/cta,2,TABUNGAN:1068,Check all benefits
SAME_SECTION_SAME_PAIR_DIFF_SCREEN_OR_CONTEXT,P1146,cp_01M3NX21JXEHZ89WGP3W0VZ6WD,october-campaigns/fixed-rewards/main/cta,2,TABUNGAN:1077,Check all benefits
SAME_SECTION_SAME_PAIR_DIFF_SCREEN_OR_CONTEXT,P1147,cp_01M3NX21K0FK19GE42J8JZVKV5,error-states-payments/shared/transaction-limit-reached-using/error,2,TABUNGAN:1099,You've reached the transaction limit
SAME_SECTION_SAME_PAIR_DIFF_SCREEN_OR_CONTEXT,P1147,cp_01M3NX21K0EKBRKC02YRDXAMG7,error-states-payments/shared/when-the-payment-method-bank/label,2,TABUNGAN:1103,You've reached the transaction limit
SAME_SECTION_SAME_PAIR_DIFF_SCREEN_OR_CONTEXT,P1148,cp_01M3NX21K0EMSV7QCCRPB4DT8Z,error-states-payments/shared/main/cta,2,TABUNGAN:1101,Got it
SAME_SECTION_SAME_PAIR_DIFF_SCREEN_OR_CONTEXT,P1148,cp_01M3NX21K1FS4AZQZY7ZPA82E9,error-states-payments/shared/main/text-got,2,TABUNGAN:1105,Got it
SAME_SECTION_SAME_PAIR_DIFF_SCREEN_OR_CONTEXT,P1149,cp_01M3NX21KKF1M85XV7HR4XE8FB,wallet-type-gopay/users/flipping/description,2,CONSUMER:20,Top up balance
SAME_SECTION_SAME_PAIR_DIFF_SCREEN_OR_CONTEXT,P1149,cp_01M3NX21KNFP99XWH1HG4FVN7H,wallet-type-gopay/low-balance-10k/flipping/description,2,CONSUMER:33,Top up balance
SAME_SECTION_SAME_PAIR_DIFF_SCREEN_OR_CONTEXT,P1150,cp_01M3NX21KPE5Q97MDJ7X34DEJ5,wallet-type-gopaylater/limit-reached/contextual/cta,2,CONSUMER:43,Repay GoPayLater dues
SAME_SECTION_SAME_PAIR_DIFF_SCREEN_OR_CONTEXT,P1150,cp_01M3NX21KQE7A9F8MV5PAWXC7K,wallet-type-gopaylater/overdue/contextual/cta,2,CONSUMER:46,Repay GoPayLater dues
SAME_SECTION_SAME_PAIR_DIFF_SCREEN_OR_CONTEXT,P1151,cp_01M3NX21KRFEGV8R7S7ACSG6DZ,wallet-type-gopaypinjam-cash/shared/limit-shown/text,2,CONSUMER:50,Limit {amount}
SAME_SECTION_SAME_PAIR_DIFF_SCREEN_OR_CONTEXT,P1151,cp_01M3NX21KTE7CVQ275P4V2PWYC,wallet-type-gopaypinjam-cash/shared/nondriver-pinjam-customer/text,2,CONSUMER:60,Limit {amount}
SAME_SECTION_SAME_PAIR_DIFF_SCREEN_OR_CONTEXT,P1152,cp_01M3NX21KWFC18N7VQ28SGM4GJ,failed-to-load-all-scenarios/balance-not-fetched/main/title,2,CONSUMER:76,Couldn’t show balance
SAME_SECTION_SAME_PAIR_DIFF_SCREEN_OR_CONTEXT,P1152,cp_01M3NX21KWFE18KSC7WRA1AH8K,failed-to-load-all-scenarios/wallet-organism-api-not-fetched/main/title,2,CONSUMER:80,Couldn’t show balance
SAME_SECTION_SAME_PAIR_DIFF_SCREEN_OR_CONTEXT,P1153,cp_01M3NX21KWE84V0DN5Z89PP3BG,failed-to-load-all-scenarios/balance-not-fetched/contextual/cta,2,CONSUMER:77,Refresh page
SAME_SECTION_SAME_PAIR_DIFF_SCREEN_OR_CONTEXT,P1153,cp_01M3NX21KXF2SB8DVBV9GHDETP,failed-to-load-all-scenarios/wallet-organism-api-not-fetched/contextual/cta,2,CONSUMER:81,Refresh page
SAME_SECTION_SAME_PAIR_DIFF_SCREEN_OR_CONTEXT,P1154,cp_01M3NX21KXF5ARX6XF0DMJY2HS,prelogin/variantb/location-permission-benefits-1/title,2,CONSUMER:96,Be the first to try GoPay app in your city!
SAME_SECTION_SAME_PAIR_DIFF_SCREEN_OR_CONTEXT,P1154,cp_01M3NX21KYEH6AN8010WHV216A,prelogin/varianta/greeting/title,2,CONSUMER:99,Be the first to try GoPay app in your city!
SAME_SECTION_SAME_PAIR_DIFF_SCREEN_OR_CONTEXT,P1155,cp_01M3NX21KZEMAS4E6QSJCZ94RS,prelogin/varianta/locationaccess-drawer-card/title,2,CONSUMER:102,Allow GoPay to access your location
SAME_SECTION_SAME_PAIR_DIFF_SCREEN_OR_CONTEXT,P1155,cp_01M3NX21M5F85S1Y0K1AQ0AXRN,waitlist/locationaccess/drawer-card/title-2,2,CONSUMER:133,Allow GoPay to access your location
SAME_SECTION_SAME_PAIR_DIFF_SCREEN_OR_CONTEXT,P1156,cp_01M3NX21KZFENR893E94662NQG,prelogin/varianta/locationaccess-drawer-card/description,2,CONSUMER:103,"If you're in the selected city, we'll give you a chance to get early access to the app."
SAME_SECTION_SAME_PAIR_DIFF_SCREEN_OR_CONTEXT,P1156,cp_01M3NX21M5FYJR38NXGZDEYXYJ,waitlist/locationaccess/drawer-card-descripton/text-re-selected-city-ll,2,CONSUMER:134,"If you're in the selected city, we'll give you a chance to get early access to the app."
SAME_SECTION_SAME_PAIR_DIFF_SCREEN_OR_CONTEXT,P1157,cp_01M3NX21M0FVYR3MYZGXRSGT1M,waitlist/drawer/main/title,3,CONSUMER:106,"Good news, GoPay is live in {city}!"
SAME_SECTION_SAME_PAIR_DIFF_SCREEN_OR_CONTEXT,P1157,cp_01M3NX21M2E9PVHP8NND7DHKJ4,waitlist/drawer/invitefriends-qrcode/text,3,CONSUMER:115,"Good news, GoPay is live in {city}!"
SAME_SECTION_SAME_PAIR_DIFF_SCREEN_OR_CONTEXT,P1157,cp_01M3NX21M3EV4AKD54M0YNBQPB,gopay-app-regional-launch/greeting/location-supported-quota/text,3,CONSUMER:118,"Good news, GoPay is live in {city}!"
SAME_SECTION_SAME_PAIR_DIFF_SCREEN_OR_CONTEXT,P1158,cp_01M3NX21MMFE6R2BQX4T5RBJGY,home-2-0-experiments/transfer-experiment/main/cta,4,CONSUMER:270,Start transferring here
SAME_SECTION_SAME_PAIR_DIFF_SCREEN_OR_CONTEXT,P1158,cp_01M3NX21MNEPKT0J66197GTGW5,home-2-0-experiments/transfer-experiment-2-0-with/main/cta,4,CONSUMER:274,Start transferring here
SAME_SECTION_SAME_PAIR_DIFF_SCREEN_OR_CONTEXT,P1158,cp_01M3NX21MPF90S6DWQZPVFWS1F,home-2-0-experiments/transfer-and-top-up-experiment/main/text-start-transferring,4,CONSUMER:279,Start transferring here
SAME_SECTION_SAME_PAIR_DIFF_SCREEN_OR_CONTEXT,P1158,cp_01M3NX21MQFF7TWQK76N6RYVTN,home-2-0-experiments/transfer-and-top-up-experiment/main/text-start-transferring-2,4,CONSUMER:284,Start transferring here
SAME_SECTION_SAME_PAIR_DIFF_SCREEN_OR_CONTEXT,P1159,cp_01M3NX21MNFARAYNEJTEZSZ7E1,home-2-0-experiments/transfer-experiment-2-0-with/main/text,2,CONSUMER:272,Free transfers 100x/month
SAME_SECTION_SAME_PAIR_DIFF_SCREEN_OR_CONTEXT,P1159,cp_01M3NX21MNFQQTERP80WMAK1BX,home-2-0-experiments/transfer-and-top-up-experiment/main/text,2,CONSUMER:277,Free transfers 100x/month
SAME_SECTION_SAME_PAIR_DIFF_SCREEN_OR_CONTEXT,P1160,cp_01M3NX21MSFPGB8DSSGQYAZ2GS,home-2-0-experiments/tagihan-experiment-for-users-on/main/cta,2,CONSUMER:294,Explore
SAME_SECTION_SAME_PAIR_DIFF_SCREEN_OR_CONTEXT,P1160,cp_01M3NX21MVF71AP0QMX4WNM76G,home-2-0-experiments/voucher-for-virgin-and-dormant/main/text-explore,2,CONSUMER:304,Explore
SAME_SECTION_SAME_PAIR_DIFF_SCREEN_OR_CONTEXT,P1161,cp_01M3NX21N7FYD9JWJ0SBDEQAEQ,prime/prime-home/main/text-free-transfer,2,CONSUMER:385,Free transfer to anywhere 100x
SAME_SECTION_SAME_PAIR_DIFF_SCREEN_OR_CONTEXT,P1161,cp_01M3NX21NDET2RPBREXDE0YYKA,prime/dialogue-card-free-transfer/main/text,2,CONSUMER:415,Free transfer to anywhere 100x
SAME_SECTION_SAME_PAIR_DIFF_SCREEN_OR_CONTEXT,P1162,cp_01M3NX21N9FF4S3R2Z5Y08YCC4,prime/prime-home/main/text-online-shopping,3,CONSUMER:391,Online shopping
SAME_SECTION_SAME_PAIR_DIFF_SCREEN_OR_CONTEXT,P1162,cp_01M3NX21NHFFNBJA9Q0YXEW56G,prime/pay-online/main/text,3,CONSUMER:438,Online shopping
SAME_SECTION_SAME_PAIR_DIFF_SCREEN_OR_CONTEXT,P1162,cp_01M3NX21NQE09S44A3ZXV4WDNK,prime/feature-list-unlocked-with-prime/main/text-online-shopping,3,CONSUMER:473,Online shopping
SAME_SECTION_SAME_PAIR_DIFF_SCREEN_OR_CONTEXT,P1163,cp_01M3NX21N9EYX826M4X34GE3YC,prime/prime-home/main/text-pay-resto,3,CONSUMER:392,Pay at resto/supermarket
SAME_SECTION_SAME_PAIR_DIFF_SCREEN_OR_CONTEXT,P1163,cp_01M3NX21NJEVQVG1EF60BH3A4Q,prime/pay-offline/main/text,3,CONSUMER:441,Pay at resto/supermarket
SAME_SECTION_SAME_PAIR_DIFF_SCREEN_OR_CONTEXT,P1163,cp_01M3NX21NREXFVXKFCFT75MSPV,prime/feature-list-unlocked-with-prime/main/text-pay-resto,3,CONSUMER:475,Pay at resto/supermarket
SAME_SECTION_SAME_PAIR_DIFF_SCREEN_OR_CONTEXT,P1164,cp_01M3NX21NEF6XA64J3DTPV07CH,prime/dialogue-card-interest/main/text,2,CONSUMER:419,Grow your money by 3.75%
SAME_SECTION_SAME_PAIR_DIFF_SCREEN_OR_CONTEXT,P1164,cp_01M3NX21NMEBC9BDNS4P5XEWEW,prime/feature-list-unlocked-with-prime/main/text-grow-money-3-75,2,CONSUMER:462,Grow your money by 3.75%
SAME_SECTION_SAME_PAIR_DIFF_SCREEN_OR_CONTEXT,P1165,cp_01M3NX21NFFBXTJM239FZKV83Y,prime/dialogue-card-interest/main/text-get-chance-access,2,CONSUMER:426,Get a chance to access GoPayPinjam & GoPayLater
SAME_SECTION_SAME_PAIR_DIFF_SCREEN_OR_CONTEXT,P1165,cp_01M3NX21NNEH9RE3KS5N5KJPGM,prime/feature-list-unlocked-with-prime/main/text-get-chance-access,2,CONSUMER:464,Get a chance to access GoPayPinjam & GoPayLater
SAME_SECTION_SAME_PAIR_DIFF_SCREEN_OR_CONTEXT,P1166,cp_01M3NX21P2EFN80RF59DTY9KV2,gopay-pin/shared/main/text-redirected-x-seconds,3,CONSUMER:536,You will be redirected in X seconds.
SAME_SECTION_SAME_PAIR_DIFF_SCREEN_OR_CONTEXT,P1166,cp_01M3NX21P6EE7V4GFCDCX05JHE,gopay-pin/change-pin-flow/main/text-redirected-x-seconds,3,CONSUMER:558,You will be redirected in X seconds.
SAME_SECTION_SAME_PAIR_DIFF_SCREEN_OR_CONTEXT,P1166,cp_01M3NX21PAFX4ACG7SKBET3WWA,gopay-pin/create-pin/main/text-redirected-x-seconds,3,CONSUMER:579,You will be redirected in X seconds.
SAME_SECTION_SAME_PAIR_DIFF_SCREEN_OR_CONTEXT,P1167,cp_01M3NX21P3EB58GFNKZYCX1DT2,gopay-pin/change-pin-flow/main/text-create-new-gopay-pin,2,CONSUMER:543,Create new GoPay PIN
SAME_SECTION_SAME_PAIR_DIFF_SCREEN_OR_CONTEXT,P1167,cp_01M3NX21P6E2JSTT04GTAR33B3,gopay-pin/forgot-pin/main/subtitle,2,CONSUMER:561,Create new GoPay PIN
SAME_SECTION_SAME_PAIR_DIFF_SCREEN_OR_CONTEXT,P1168,cp_01M3NX21P4E8590CFACPJSBE4D,gopay-pin/change-pin-flow/main/text-confirm-new-gopay,2,CONSUMER:550,Confirm new GoPay PIN
SAME_SECTION_SAME_PAIR_DIFF_SCREEN_OR_CONTEXT,P1168,cp_01M3NX21P8EM2BM8E0540NE67E,gopay-pin/forgot-pin/main/subtitle-2,2,CONSUMER:566,Confirm new GoPay PIN
SAME_SECTION_SAME_PAIR_DIFF_SCREEN_OR_CONTEXT,P1169,cp_01M3NX21Q0E6KVRZW4MAECWS1Q,referral-m1/shared/help/text,2,CONSUMER:733,How to get rewards
SAME_SECTION_SAME_PAIR_DIFF_SCREEN_OR_CONTEXT,P1169,cp_01M3NX21Q1E5XAHX6KPKC2VS4B,referral-m1/shared/construct/text-how-get-rewards,2,CONSUMER:742,How to get rewards
SAME_SECTION_SAME_PAIR_DIFF_SCREEN_OR_CONTEXT,P1170,cp_01M3NX21QNFWFBRY44FY5ETFNJ,security-meter-short-term/shared/under-other-security-settings/text,2,CONSUMER:908,Manage {unresolved}
SAME_SECTION_SAME_PAIR_DIFF_SCREEN_OR_CONTEXT,P1170,cp_01M3NX21QPEWY8BHQF4WRRQJRS,security-meter-short-term/shared/manage-biometric/text,2,CONSUMER:915,Manage {unresolved}
SAME_SECTION_SAME_PAIR_DIFF_SCREEN_OR_CONTEXT,P1171,cp_01M3NX21QQFHAT0M68BGRRR2WS,othersetting/managebiometric/on-other-security-settings/title,2,CONSUMER:939,Manage {unresolved}
SAME_SECTION_SAME_PAIR_DIFF_SCREEN_OR_CONTEXT,P1171,cp_01M3NX21QRE4YRS46YS5QXTG9Z,managebiometricpage/shared/for-manage-biometric/title,2,CONSUMER:944,Manage {unresolved}
SAME_SECTION_SAME_PAIR_DIFF_SCREEN_OR_CONTEXT,P1172,cp_01M3NX21S1EKPA9BRSRSG2A9DH,gopay-social/shared/group/cta,2,CONSUMER:1263,Create group
SAME_SECTION_SAME_PAIR_DIFF_SCREEN_OR_CONTEXT,P1172,cp_01M3NX21SZFY7T8P7900NB2MVN,gopay-social/shared/main/text-create-group,2,CONSUMER:1440,Create group
SAME_SECTION_SAME_PAIR_DIFF_SCREEN_OR_CONTEXT,P1173,cp_01M3NX21S5EK6A14QXK63N99AW,gopay-social/shared/profile-chat-room/text,2,CONSUMER:1285,Joined Sep 2017 ·
SAME_SECTION_SAME_PAIR_DIFF_SCREEN_OR_CONTEXT,P1173,cp_01M3NX21SEECZ81VJG1BN6E4EF,gopay-social/shared/profile-detail/text,2,CONSUMER:1338,Joined Sep 2017 ·
SAME_SECTION_SAME_PAIR_DIFF_SCREEN_OR_CONTEXT,P1174,cp_01M3NX21T3EJ3BA90PMFADDEYX,social-landing/shared/landing/title,3,CONSUMER:1465,GoPay Fren
SAME_SECTION_SAME_PAIR_DIFF_SCREEN_OR_CONTEXT,P1174,cp_01M3NX21T6E4H9G1G7KFYNPAC4,social-landing/shared/landing/title-2,3,CONSUMER:1502,GoPay Fren
SAME_SECTION_SAME_PAIR_DIFF_SCREEN_OR_CONTEXT,P1174,cp_01M3NX21TAE3G8CN7BCWKA4BVH,social-landing/shared/contact-linked-and-transfer/text,3,CONSUMER:1543,GoPay Fren
SAME_SECTION_SAME_PAIR_DIFF_SCREEN_OR_CONTEXT,P1175,cp_01M3NX21T3F0YAVF1J9YYWQNX4,social-landing/shared/no-contact-and-no-transfer/text,3,CONSUMER:1467,Recent activity
SAME_SECTION_SAME_PAIR_DIFF_SCREEN_OR_CONTEXT,P1175,cp_01M3NX21T4F3B8VTM0W4C7SPVE,social-landing/shared/contact-linked-and-gopay-user/text,3,CONSUMER:1474,Recent activity
SAME_SECTION_SAME_PAIR_DIFF_SCREEN_OR_CONTEXT,P1175,cp_01M3NX21T4E05V82GTBZ1JM5C6,social-landing/shared/active-pill/badge-2,3,CONSUMER:1477,Recent activity
SAME_SECTION_SAME_PAIR_DIFF_SCREEN_OR_CONTEXT,P1176,cp_01M3NX21T4EREB2AER0DPCKKCA,social-landing/shared/no-contact-and-no-transfer/text-other-accounts,4,CONSUMER:1483,Other accounts
SAME_SECTION_SAME_PAIR_DIFF_SCREEN_OR_CONTEXT,P1176,cp_01M3NX21T5EGEA0XQKMY230AF2,social-landing/shared/active-pill/badge-3,4,CONSUMER:1487,Other accounts
SAME_SECTION_SAME_PAIR_DIFF_SCREEN_OR_CONTEXT,P1176,cp_01M3NX21T5FRD8F8P2WJF11CGV,social-landing/shared/recent-transfer-not-linked/text,4,CONSUMER:1493,Other accounts
SAME_SECTION_SAME_PAIR_DIFF_SCREEN_OR_CONTEXT,P1176,cp_01M3NX21T6F2Z8ZZJJS8B8F4SN,social-landing/shared/active-pill/badge-4,4,CONSUMER:1497,Other accounts
SAME_SECTION_SAME_PAIR_DIFF_SCREEN_OR_CONTEXT,P1177,cp_01M3NX21T5E43SZ2TPG0JZ6W1M,social-landing/shared/main/cta-2,3,CONSUMER:1495,Link
SAME_SECTION_SAME_PAIR_DIFF_SCREEN_OR_CONTEXT,P1177,cp_01M3NX21T9E649D7S6Z694D1P0,social-landing/shared/main/cta-4,3,CONSUMER:1527,Link
SAME_SECTION_SAME_PAIR_DIFF_SCREEN_OR_CONTEXT,P1177,cp_01M3NX21TBFY0TP9GW05ZS75Y5,social-landing/shared/main/cta-6,3,CONSUMER:1548,Link
SAME_SECTION_SAME_PAIR_DIFF_SCREEN_OR_CONTEXT,P1178,cp_01M3NX21T8FYVSWEFQBAQTNEZ9,social-landing/shared/descritpion/text,2,CONSUMER:1525,Link your friend's account to their contact so you can easily see your transaction history together.
SAME_SECTION_SAME_PAIR_DIFF_SCREEN_OR_CONTEXT,P1178,cp_01M3NX21TBEC2RHN6GK97EX070,social-landing/shared/main/description-8,2,CONSUMER:1546,Link your friend's account to their contact so you can easily see your transaction history together.
SAME_SECTION_SAME_PAIR_DIFF_SCREEN_OR_CONTEXT,P1179,cp_01M3NX21T9F02V5PCD3K0AHQWV,social-landing/shared/no-contact-and-no-transfer/text-e-money-accounts,2,CONSUMER:1532,E-money accounts
SAME_SECTION_SAME_PAIR_DIFF_SCREEN_OR_CONTEXT,P1179,cp_01M3NX21TAEBTTSMK5D0Z75DQY,social-landing/shared/main/title-2,2,CONSUMER:1545,E-money accounts
SAME_SECTION_SAME_PAIR_DIFF_SCREEN_OR_CONTEXT,P1180,cp_01M3NX21TFFJQVRW9D6HDHDFXY,ramadhan-donation/shared/homepage-entry-point/text,2,CONSUMER:1593,Berbagi Bersama
SAME_SECTION_SAME_PAIR_DIFF_SCREEN_OR_CONTEXT,P1180,cp_01M3NX21TGFQA8KGVRNASPTFB9,ramadhan-donation/shared/landing/text,2,CONSUMER:1597,Berbagi Bersama
SAME_SECTION_SAME_PAIR_DIFF_SCREEN_OR_CONTEXT,P1181,cp_01M3NX21TQFVKTP22GK2PJCFD2,crm-experiment/shared/landing/text,2,CONSUMER:1644,Download GoPay app now
SAME_SECTION_SAME_PAIR_DIFF_SCREEN_OR_CONTEXT,P1181,cp_01M3NX21TREBVVNK0R93W67HBJ,crm-experiment/shared/pulsa/text,2,CONSUMER:1649,Download GoPay app now
SAME_SECTION_SAME_PAIR_DIFF_SCREEN_OR_CONTEXT,P1182,cp_01M3NX21TTES2VKT07JYRZ56ZM,profile-picture/shared/dynamic/cta,2,CONSUMER:1668,Add profile picture
SAME_SECTION_SAME_PAIR_DIFF_SCREEN_OR_CONTEXT,P1182,cp_01M3NX21TVF66TFY4ZPP5ZYTJF,profile-picture/shared/for-bottom-sheets-dynamic/title,2,CONSUMER:1671,Add profile picture
SAME_SECTION_SAME_PAIR_DIFF_SCREEN_OR_CONTEXT,P1183,cp_01M3NX21V5FYA8QN9Z9WPC7AHM,one-tap-login/shared/main/title,3,CONSUMER:1727,Trusted device
SAME_SECTION_SAME_PAIR_DIFF_SCREEN_OR_CONTEXT,P1183,cp_01M3NX21V5EPYAVCF91XJS37RP,one-tap-login/shared/main/title-2,3,CONSUMER:1730,Trusted device
SAME_SECTION_SAME_PAIR_DIFF_SCREEN_OR_CONTEXT,P1183,cp_01M3NX21V7FD9V0G9HYAMJPTA5,one-tap-login/shared/main/text-trusted-device,3,CONSUMER:1744,Trusted device
SAME_SECTION_SAME_PAIR_DIFF_SCREEN_OR_CONTEXT,P1184,cp_01M3NX21VBE6W98SYZS9DABBRK,login-history/shared/entry-point-for-account/text,2,CONSUMER:1769,Security settings
SAME_SECTION_SAME_PAIR_DIFF_SCREEN_OR_CONTEXT,P1184,cp_01M3NX21VBF32RKEPEN0G7X3TZ,login-history/shared/entry-point-for-l2-inside-the/text,2,CONSUMER:1772,Security settings
SAME_SECTION_SAME_PAIR_DIFF_SCREEN_OR_CONTEXT,P1185,cp_01M3NX21VTEBQ9JP3D7PV9NS8G,cross-sell-banner/shared/single-card-cross-sell/text,2,CONSUMER:1911,Get free transfer 100x only on GoPay app
SAME_SECTION_SAME_PAIR_DIFF_SCREEN_OR_CONTEXT,P1185,cp_01M3NX21VVEDSRXJ8DZK4FF5P4,cross-sell-banner/shared/multicard-cross-sell/text,2,CONSUMER:1917,Get free transfer 100x only on GoPay app
SAME_SECTION_SAME_PAIR_DIFF_SCREEN_OR_CONTEXT,P1186,cp_01M3NX21WGFHYADPSVRKCAE5T8,voucher-pack-retention-project/shared/streaming-use-case/text-voucher-expire-one,2,CONSUMER:2112,Your voucher expire in one week
SAME_SECTION_SAME_PAIR_DIFF_SCREEN_OR_CONTEXT,P1186,cp_01M3NX21WHF4A99840VAMC783F,voucher-pack-retention-project/shared/gaming-use-case/text-voucher-expire-one,2,CONSUMER:2115,Your voucher expire in one week
SAME_SECTION_SAME_PAIR_DIFF_SCREEN_OR_CONTEXT,P1187,cp_01M3NX21WVEKABC83RN3NXGEFY,onboarding-gamification/shared/floating-entry-point/text,2,CONSUMER:2205,GoPay Quiz
SAME_SECTION_SAME_PAIR_DIFF_SCREEN_OR_CONTEXT,P1187,cp_01M3NX21WWF3AVQJQY1MKN5JNN,onboarding-gamification/shared/landing/text,2,CONSUMER:2208,GoPay Quiz
SAME_SECTION_SAME_PAIR_DIFF_SCREEN_OR_CONTEXT,P1188,cp_01M3NX21WXEFK8AXR6277JXVV8,onboarding-gamification/shared/main/option,2,CONSUMER:2217,True
SAME_SECTION_SAME_PAIR_DIFF_SCREEN_OR_CONTEXT,P1188,cp_01M3NX21X6EZ3SC54EA8HX3VA5,onboarding-gamification/shared/main/option-4,2,CONSUMER:2271,True
SAME_SECTION_SAME_PAIR_DIFF_SCREEN_OR_CONTEXT,P1189,cp_01M3NX21WYFA0BFJT91ZBC6Q6G,onboarding-gamification/shared/feedback-correct/description,2,CONSUMER:2221,You can get cash back every time you transact using QRIS!
SAME_SECTION_SAME_PAIR_DIFF_SCREEN_OR_CONTEXT,P1189,cp_01M3NX21WZEZ3A81EPBQPSK4MK,onboarding-gamification/shared/feedback-timeout/description,2,CONSUMER:2227,You can get cash back every time you transact using QRIS!
SAME_SECTION_SAME_PAIR_DIFF_SCREEN_OR_CONTEXT,P1190,cp_01M3NX21WZE5H8S3T86N3BF1WE,onboarding-gamification/shared/feedback-wrong/title,4,CONSUMER:2223,Oops. Almost!
SAME_SECTION_SAME_PAIR_DIFF_SCREEN_OR_CONTEXT,P1190,cp_01M3NX21X2ETW80NGBC32D867F,onboarding-gamification/shared/feedback-wrong/title-2,4,CONSUMER:2242,Oops. Almost!
SAME_SECTION_SAME_PAIR_DIFF_SCREEN_OR_CONTEXT,P1190,cp_01M3NX21X5F96RYP6WPDSC705V,onboarding-gamification/shared/feedback-wrong/title-3,4,CONSUMER:2261,Oops. Almost!
SAME_SECTION_SAME_PAIR_DIFF_SCREEN_OR_CONTEXT,P1190,cp_01M3NX21X7ET494X668DC1HGSE,onboarding-gamification/shared/feedback-wrong/title-4,4,CONSUMER:2277,Oops. Almost!
SAME_SECTION_SAME_PAIR_DIFF_SCREEN_OR_CONTEXT,P1191,cp_01M3NX21WZF98B9E9VDTN7WXYS,onboarding-gamification/shared/feedback-timeout/title,2,CONSUMER:2226,Time's up
SAME_SECTION_SAME_PAIR_DIFF_SCREEN_OR_CONTEXT,P1191,cp_01M3NX21X5F2FSH4R6XKNY0A79,onboarding-gamification/shared/feedback-timeout/title-3,2,CONSUMER:2264,Time's up
SAME_SECTION_SAME_PAIR_DIFF_SCREEN_OR_CONTEXT,P1192,cp_01M3NX21X2FX698NTG7PPYG428,onboarding-gamification/shared/feedback-correct/description-2,2,CONSUMER:2240,GoPay Pinjam can lend you up to Rp15.000.000
SAME_SECTION_SAME_PAIR_DIFF_SCREEN_OR_CONTEXT,P1192,cp_01M3NX21X3EF3TGC5BE8RQK19M,onboarding-gamification/shared/feedback-timeout/description-2,2,CONSUMER:2246,GoPay Pinjam can lend you up to Rp15.000.000
SAME_SECTION_SAME_PAIR_DIFF_SCREEN_OR_CONTEXT,P1193,cp_01M3NX21X4F9WSDVJSW2J9EE6X,onboarding-gamification/shared/feedback-correct/description-3,2,CONSUMER:2259,You can get 100x FREE transfer in GoPay app!
SAME_SECTION_SAME_PAIR_DIFF_SCREEN_OR_CONTEXT,P1193,cp_01M3NX21X5E6SS5ZZYN85W0JWC,onboarding-gamification/shared/feedback-timeout/description-3,2,CONSUMER:2265,You can get 100x FREE transfer in GoPay app!
SAME_SECTION_SAME_PAIR_DIFF_SCREEN_OR_CONTEXT,P1194,cp_01M3NX21X7EMHA1BN9ZGEGBT3S,onboarding-gamification/shared/feedback-correct/description-4,3,CONSUMER:2275,In GoPay app you can get pulsa with cheap price
SAME_SECTION_SAME_PAIR_DIFF_SCREEN_OR_CONTEXT,P1194,cp_01M3NX21X7E55ABNYQYEF32MZJ,onboarding-gamification/shared/freedbacl-wrong/description-2,3,CONSUMER:2278,In GoPay app you can get pulsa with cheap price
SAME_SECTION_SAME_PAIR_DIFF_SCREEN_OR_CONTEXT,P1194,cp_01M3NX21X8EJYV30A5WPEKJRK8,onboarding-gamification/shared/feedback-timeout/description-4,3,CONSUMER:2281,In GoPay app you can get pulsa with cheap price
SAME_SECTION_SAME_PAIR_DIFF_SCREEN_OR_CONTEXT,P1195,cp_01M3NX21ZTE9NSSASZJHD7QJQP,mini-app/shared/disclaimer-no-design/disclaimer,2,CONSUMER:2846,You’ll access external content
SAME_SECTION_SAME_PAIR_DIFF_SCREEN_OR_CONTEXT,P1195,cp_01M3NX21ZTFPGBT4HAQGQC89F4,mini-app/shared/disclaimer-design/disclaimer,2,CONSUMER:2850,You’ll access external content
SAME_SECTION_SAME_PAIR_DIFF_SCREEN_OR_CONTEXT,P1196,cp_01M3NX220HEXGTCZBSFKE85CSD,group-mission/shared/ongoing/text,2,CONSUMER:3015,"{unresolved} slots are filled, {unresolved} remaining!"
SAME_SECTION_SAME_PAIR_DIFF_SCREEN_OR_CONTEXT,P1196,cp_01M3NX220QFX1RDZ1Y94BRR0RY,group-mission/shared/main/text-unresolved-slots,2,CONSUMER:3058,"{unresolved} slots are filled, {unresolved} remaining!"
SAME_SECTION_SAME_PAIR_DIFF_SCREEN_OR_CONTEXT,P1197,cp_01M3NX221HFA7BRVQJ1E26Y6YJ,scratch-card/shared/education-dialogue-card-if-users/text,2,CONSUMER:3187,Get rewards in every transaction
SAME_SECTION_SAME_PAIR_DIFF_SCREEN_OR_CONTEXT,P1197,cp_01M3NX221KFA1SMG2EA0PSEA19,scratch-card/shared/education-dialogue-card-if-users/text-get-rewards-every,2,CONSUMER:3195,Get rewards in every transaction
SAME_SECTION_SAME_PAIR_DIFF_SCREEN_OR_CONTEXT,P1198,cp_01M3NX222GECJAFBE49SY66A8C,homepage-v3-1/shared/profile-entry-point/text,2,CONSUMER:3415,Reminders
SAME_SECTION_SAME_PAIR_DIFF_SCREEN_OR_CONTEXT,P1198,cp_01M3NX222GFR9S7DZN4Q9CPGHQ,homepage-v3-1/shared/l1-reminder/text,2,CONSUMER:3418,Reminders
SAME_SECTION_SAME_PAIR_DIFF_SCREEN_OR_CONTEXT,P1199,cp_01M3NX222NF8R939RS8SERFMSK,gems-hub/shared/genie-home-for-existing-user/text,2,CONSUMER:3470,Win 1mio Coins
SAME_SECTION_SAME_PAIR_DIFF_SCREEN_OR_CONTEXT,P1199,cp_01M3NX222REMBTFT017GFAQTVQ,gems-hub/shared/genie-home-for-50-ruby/text,2,CONSUMER:3482,Win 1mio Coins
SAME_SECTION_SAME_PAIR_DIFF_SCREEN_OR_CONTEXT,P1200,cp_01M3NX222QF7JBCZXA4W944525,gems-hub/shared/genie-v3-existing-user/text,2,CONSUMER:3478,Win 1mio Coins!
SAME_SECTION_SAME_PAIR_DIFF_SCREEN_OR_CONTEXT,P1200,cp_01M3NX222RE3985V6F98JQPXGA,gems-hub/shared/genie-v3-50-ruby/text,2,CONSUMER:3487,Win 1mio Coins!
SAME_SECTION_SAME_PAIR_DIFF_SCREEN_OR_CONTEXT,P1201,cp_01M3NX2236FD083GYHEPDR51E6,ruby-leaderboard/shared/claim-reward-top-3/text,2,CONSUMER:3569,You won {unresolved}!
SAME_SECTION_SAME_PAIR_DIFF_SCREEN_OR_CONTEXT,P1201,cp_01M3NX2236F35SD5JBHSE7YDTV,ruby-leaderboard/shared/claim-reward-non-top-3/text,2,CONSUMER:3572,You won {unresolved}!
SAME_SECTION_SAME_PAIR_DIFF_SCREEN_OR_CONTEXT,P1202,cp_01M3NX2239E9MB6KC5Z6DHKJJ0,ruby-leaderboard/shared/leaderboard-on-ruby-zone/text,2,CONSUMER:3582,Ruby league
SAME_SECTION_SAME_PAIR_DIFF_SCREEN_OR_CONTEXT,P1202,cp_01M3NX223DF9EA5TKJY5RC3XP4,ruby-leaderboard/shared/leaderboard-landingpage/text,2,CONSUMER:3595,Ruby league
SAME_SECTION_SAME_PAIR_DIFF_SCREEN_OR_CONTEXT,P1203,cp_01M3NX223TEV8TGJHZVQ0BNQDK,birthday-project/intermediary/main/text,2,CONSUMER:3667,Happy birthday {unresolved} from GoPay
SAME_SECTION_SAME_PAIR_DIFF_SCREEN_OR_CONTEXT,P1203,cp_01M3NX223VFE18P8H516TD7YJ5,birthday-project/visual-to-share-on-socmed/main/text,2,CONSUMER:3673,Happy birthday {unresolved} from GoPay
SAME_SECTION_SAME_PAIR_DIFF_SCREEN_OR_CONTEXT,P1204,cp_01M3NX223YFNTS07T646BCYNXM,ruby-league-improvement/shared/l0-ruby-zone-top-banner/banner,2,CONSUMER:3690,Rank {unresolved}
SAME_SECTION_SAME_PAIR_DIFF_SCREEN_OR_CONTEXT,P1204,cp_01M3NX223ZENGB2AT78VTF2SKS,ruby-league-improvement/shared/when-user-is-not-winning-a/text,2,CONSUMER:3698,Rank {unresolved}
SAME_SECTION_SAME_PAIR_DIFF_SCREEN_OR_CONTEXT,P1205,cp_01M3NX223YE5R9QV34X4TQZSTG,ruby-league-improvement/shared/main/text,4,CONSUMER:3691,Ruby league • Live
SAME_SECTION_SAME_PAIR_DIFF_SCREEN_OR_CONTEXT,P1205,cp_01M3NX223ZF4PBB73PN579M37K,ruby-league-improvement/shared/when-user-not-ranked-yet/text,4,CONSUMER:3694,Ruby league • Live
SAME_SECTION_SAME_PAIR_DIFF_SCREEN_OR_CONTEXT,P1205,cp_01M3NX2240EG0RERK4BXMD645J,ruby-league-improvement/shared/main/text-ruby-league-live,4,CONSUMER:3699,Ruby league • Live
SAME_SECTION_SAME_PAIR_DIFF_SCREEN_OR_CONTEXT,P1205,cp_01M3NX2241E96SN6APYQJKWGNF,ruby-league-improvement/shared/main/text-ruby-league-live-2,4,CONSUMER:3703,Ruby league • Live
SAME_SECTION_SAME_PAIR_DIFF_SCREEN_OR_CONTEXT,P1206,cp_01M3NX2244EECA574APQ12PJSA,security-alert/shared/push-notif/text,3,CONSUMER:3730,New login detected
SAME_SECTION_SAME_PAIR_DIFF_SCREEN_OR_CONTEXT,P1206,cp_01M3NX2246E7JBT590NXH1FXYX,security-alert/account-safety/main/title,3,CONSUMER:3746,New login detected
SAME_SECTION_SAME_PAIR_DIFF_SCREEN_OR_CONTEXT,P1206,cp_01M3NX224HFHX9CZHTK3MDBNY3,security-alert/account-activity/banner-warning/error,3,CONSUMER:3808,New login detected
SAME_SECTION_SAME_PAIR_DIFF_SCREEN_OR_CONTEXT,P1207,cp_01M3NX2245E13SD1FV0KECCZWA,security-alert/account-safety/entry-point/text,2,CONSUMER:3743,Security alert
SAME_SECTION_SAME_PAIR_DIFF_SCREEN_OR_CONTEXT,P1207,cp_01M3NX224FEWVV2W1RREY566XD,security-alert/account-activity/main/title,2,CONSUMER:3800,Security alert
SAME_SECTION_SAME_PAIR_DIFF_SCREEN_OR_CONTEXT,P1208,cp_01M3NX2246EHCS7SRZFW3P24E6,security-alert/account-safety/main/title-2,6,CONSUMER:3750,Activity details
SAME_SECTION_SAME_PAIR_DIFF_SCREEN_OR_CONTEXT,P1208,cp_01M3NX224BEHT8HFMECX23G3CD,security-alert/account-safety/main/text-activity-details,6,CONSUMER:3777,Activity details
SAME_SECTION_SAME_PAIR_DIFF_SCREEN_OR_CONTEXT,P1208,cp_01M3NX224EF0PT1AKEG2T1FC5X,security-alert/account-safety/main/text-activity-details-2,6,CONSUMER:3791,Activity details
SAME_SECTION_SAME_PAIR_DIFF_SCREEN_OR_CONTEXT,P1208,cp_01M3NX224YENNRBVS6HG2JESW0,security-alert/account-activity/main/text-activity-details,6,CONSUMER:3886,Activity details
SAME_SECTION_SAME_PAIR_DIFF_SCREEN_OR_CONTEXT,P1208,cp_01M3NX2250EK8RFKYHMBBHTGGZ,security-alert/account-activity/main/text-activity-details-2,6,CONSUMER:3906,Activity details
SAME_SECTION_SAME_PAIR_DIFF_SCREEN_OR_CONTEXT,P1208,cp_01M3NX2254F10SZPX6VP4EMG36,security-alert/account-activity/main/text-activity-details-3,6,CONSUMER:3927,Activity details
SAME_SECTION_SAME_PAIR_DIFF_SCREEN_OR_CONTEXT,P1209,cp_01M3NX2246E9FBT5KD17Q4KV6Q,security-alert/account-safety/main/text,3,CONSUMER:3751,Device
SAME_SECTION_SAME_PAIR_DIFF_SCREEN_OR_CONTEXT,P1209,cp_01M3NX2250EB1VAAYTMP41RAAT,security-alert/account-activity/main/text-device,3,CONSUMER:3908,Device
SAME_SECTION_SAME_PAIR_DIFF_SCREEN_OR_CONTEXT,P1209,cp_01M3NX2254E0FS2YZ200BVFKZA,security-alert/account-activity/main/text-device-2,3,CONSUMER:3929,Device
SAME_SECTION_SAME_PAIR_DIFF_SCREEN_OR_CONTEXT,P1210,cp_01M3NX2247EKPVCZ6WF6SS3EXP,security-alert/account-safety/main/text-app,3,CONSUMER:3752,App
SAME_SECTION_SAME_PAIR_DIFF_SCREEN_OR_CONTEXT,P1210,cp_01M3NX2251EWJRVTBQPKP9738V,security-alert/account-activity/main/text-app,3,CONSUMER:3909,App
SAME_SECTION_SAME_PAIR_DIFF_SCREEN_OR_CONTEXT,P1210,cp_01M3NX2254FWY8F7ZH8FGQREBK,security-alert/account-activity/main/text-app-2,3,CONSUMER:3930,App
SAME_SECTION_SAME_PAIR_DIFF_SCREEN_OR_CONTEXT,P1211,cp_01M3NX224AE5R8MPXRXWNFMJRX,security-alert/account-safety/if-user-dismiss-the-change-pin/text,2,CONSUMER:3771,Device has been logged out
SAME_SECTION_SAME_PAIR_DIFF_SCREEN_OR_CONTEXT,P1211,cp_01M3NX224XEHJBZVA9Z1R5PDX3,security-alert/account-activity/main/text-device-been-logged,2,CONSUMER:3880,Device has been logged out
SAME_SECTION_SAME_PAIR_DIFF_SCREEN_OR_CONTEXT,P1212,cp_01M3NX224AEVY9P5R2V2Q2TKNP,security-alert/account-safety/main/text-current-pin-been,2,CONSUMER:3772,"Your current PIN has been exposed, change it immediately"
SAME_SECTION_SAME_PAIR_DIFF_SCREEN_OR_CONTEXT,P1212,cp_01M3NX224XE0K9FXTRN5BGEHAE,security-alert/account-activity/main/text-current-pin-been,2,CONSUMER:3881,"Your current PIN has been exposed, change it immediately"
SAME_SECTION_SAME_PAIR_DIFF_SCREEN_OR_CONTEXT,P1213,cp_01M3NX224CEX88SWJT3W0Y617Y,security-alert/account-safety/main/text-balance-loss-occurs,2,CONSUMER:3781;CONSUMER:3795,Balance loss that occurs outside your control will be covered.
SAME_SECTION_SAME_PAIR_DIFF_SCREEN_OR_CONTEXT,P1213,cp_01M3NX224ZEE7RKSMTZB3RDR5R,security-alert/account-activity/main/text-balance-loss-occurs,2,CONSUMER:3890;CONSUMER:3918;CONSUMER:3939,Balance loss that occurs outside your control will be covered.
SAME_SECTION_SAME_PAIR_DIFF_SCREEN_OR_CONTEXT,P1214,cp_01M3NX224CFXW87BW7E4B4P2R6,security-alert/account-safety/main/text-learn-more-about,2,CONSUMER:3782;CONSUMER:3796,Learn more about this
SAME_SECTION_SAME_PAIR_DIFF_SCREEN_OR_CONTEXT,P1214,cp_01M3NX224ZEY6BKH89TQ7CC81W,security-alert/account-activity/main/text-learn-more-about,2,CONSUMER:3891;CONSUMER:3919;CONSUMER:3940,Learn more about this
SAME_SECTION_SAME_PAIR_DIFF_SCREEN_OR_CONTEXT,P1215,cp_01M3NX224CF8WT6KFBJ509V988,security-alert/account-safety/main/text-change-pin-regularly,2,CONSUMER:3784,Change your PIN regularly to keep it unpredictable.
SAME_SECTION_SAME_PAIR_DIFF_SCREEN_OR_CONTEXT,P1215,cp_01M3NX224XF21AHAW8DZMVJZE0,security-alert/account-activity/main/text-change-pin-regularly,2,CONSUMER:3883,Change your PIN regularly to keep it unpredictable.
SAME_SECTION_SAME_PAIR_DIFF_SCREEN_OR_CONTEXT,P1216,cp_01M3NX225HFFE9T5VVDHSKY9V1,gostar-entrypoint/shared/main/text-explore-gostar-2,2,CONSUMER:4027,Explore GoStar!
SAME_SECTION_SAME_PAIR_DIFF_SCREEN_OR_CONTEXT,P1216,cp_01M3NX225MF2597J9Z1AR11X4T,gostar-entrypoint/shared/introduction-approach/text-explore-gostar-2,2,CONSUMER:4041,Explore GoStar!
SAME_SECTION_SAME_PAIR_DIFF_SCREEN_OR_CONTEXT,P1217,cp_01M3NX2263FD9T82RTJYFCW370,spin-the-wheel-ruby-zone/shared/daily-spin/text,3,CONSUMER:4131,Win reward up to 1mio Coins
SAME_SECTION_SAME_PAIR_DIFF_SCREEN_OR_CONTEXT,P1217,cp_01M3NX2266FSX8T7FRMACV9ZRK,spin-the-wheel-ruby-zone/shared/sumur-harapan/text,3,CONSUMER:4148,Win reward up to 1mio Coins
SAME_SECTION_SAME_PAIR_DIFF_SCREEN_OR_CONTEXT,P1217,cp_01M3NX226BEQJTGBBFD1BHNC53,spin-the-wheel-ruby-zone/shared/main/title-2,3,CONSUMER:4181,Win reward up to 1mio Coins
SAME_SECTION_SAME_PAIR_DIFF_SCREEN_OR_CONTEXT,P1218,cp_01M3NX2264EGZAS6A0KATFSV3T,spin-the-wheel-ruby-zone/shared/main/cta,2,CONSUMER:4133,Spin now
SAME_SECTION_SAME_PAIR_DIFF_SCREEN_OR_CONTEXT,P1218,cp_01M3NX2265F4H9JCDPE0M3849X,spin-the-wheel-ruby-zone/shared/main/text-spin-now,2,CONSUMER:4145,Spin now
SAME_SECTION_SAME_PAIR_DIFF_SCREEN_OR_CONTEXT,P1219,cp_01M3NX2264FK59P2D78C2Q5KN5,spin-the-wheel-ruby-zone/shared/out-of-spin/text,2,CONSUMER:4135,Out of spin! Wait for {timer_icon} {timestamp}
SAME_SECTION_SAME_PAIR_DIFF_SCREEN_OR_CONTEXT,P1219,cp_01M3NX226FEV8B17DDGNZ9JB5W,spin-the-wheel-ruby-zone/shared/daily-spin/text-out-spin-wait-timer,2,CONSUMER:4201,Out of spin! Wait for {timer_icon} {timestamp}
SAME_SECTION_SAME_PAIR_DIFF_SCREEN_OR_CONTEXT,P1220,cp_01M3NX2264FBETXXYECJH27AMJ,spin-the-wheel-ruby-zone/shared/insufficient-ruby/text,3,CONSUMER:4136,Insufficient Ruby. Earn more here
SAME_SECTION_SAME_PAIR_DIFF_SCREEN_OR_CONTEXT,P1220,cp_01M3NX2269F27BFCFS64QNTVEP,spin-the-wheel-ruby-zone/shared/if-ruby-not-enough/text,3,CONSUMER:4174,Insufficient Ruby. Earn more here
SAME_SECTION_SAME_PAIR_DIFF_SCREEN_OR_CONTEXT,P1220,cp_01M3NX226CFRMR1Y2PBB91HMMX,spin-the-wheel-ruby-zone/shared/if-ruby-not-sufficient/text,3,CONSUMER:4188,Insufficient Ruby. Earn more here
SAME_SECTION_SAME_PAIR_DIFF_SCREEN_OR_CONTEXT,P1221,cp_01M3NX2266ED0B3YB5FQX776CY,spin-the-wheel-ruby-zone/shared/main/cta-2,2,CONSUMER:4150;CONSUMER:4154;CONSUMER:4158;CONSUMER:4162,Use {unresolved} {logo_ruby}
SAME_SECTION_SAME_PAIR_DIFF_SCREEN_OR_CONTEXT,P1221,cp_01M3NX2269E46RYZ4590DKW8NP,spin-the-wheel-ruby-zone/shared/main/text-use-unresolved-logo,2,CONSUMER:4166;CONSUMER:4170,Use {unresolved} {logo_ruby}
SAME_SECTION_SAME_PAIR_DIFF_SCREEN_OR_CONTEXT,P1222,cp_01M3NX226EEP9BKKANPFN0K8DT,spin-the-wheel-ruby-zone/shared/back/text,2,CONSUMER:4198,Back to Ruby Zone
SAME_SECTION_SAME_PAIR_DIFF_SCREEN_OR_CONTEXT,P1222,cp_01M3NX226FF639AJWRM2XHBMJD,spin-the-wheel-ruby-zone/shared/main/text-back-ruby-zone,2,CONSUMER:4204,Back to Ruby Zone
SAME_SECTION_SAME_PAIR_DIFF_SCREEN_OR_CONTEXT,P1223,cp_01M3NX226JE07TJ1V1W7JAX9MJ,gopay-widget-quick-actions/shared/ios/text,2,CONSUMER:4229,Quick actions
SAME_SECTION_SAME_PAIR_DIFF_SCREEN_OR_CONTEXT,P1223,cp_01M3NX226WF5BTBC66D9QPNPWX,gopay-widget-quick-actions/shared/main/title-2,2,CONSUMER:4304,Quick actions
SAME_SECTION_SAME_PAIR_DIFF_SCREEN_OR_CONTEXT,P1224,cp_01M3NX2274FBVBA3J7MBTY7G3C,gopay-widget-quick-actions/iphone/shortcut/text,2,CONSUMER:4350,Press and hold your lock screen
SAME_SECTION_SAME_PAIR_DIFF_SCREEN_OR_CONTEXT,P1224,cp_01M3NX2275E55AG1HVTPAXTTRY,gopay-widget-quick-actions/iphone/widget-panel/text,2,CONSUMER:4358,Press and hold your lock screen
SAME_SECTION_SAME_PAIR_DIFF_SCREEN_OR_CONTEXT,P1225,cp_01M3NX2275E64R14FDE44HNGE5,gopay-widget-quick-actions/iphone/4/text,3,CONSUMER:4353;CONSUMER:4375,"Type ""GoPay"" and choose your preferred GoPay feature"
SAME_SECTION_SAME_PAIR_DIFF_SCREEN_OR_CONTEXT,P1225,cp_01M3NX227AE5T91VVDEG3G3SYM,gopay-widget-quick-actions/iphone/3/text-type-gopay-choose,3,CONSUMER:4381,"Type ""GoPay"" and choose your preferred GoPay feature"
SAME_SECTION_SAME_PAIR_DIFF_SCREEN_OR_CONTEXT,P1225,cp_01M3NX227BFHA9N8K2GS7D2PM9,gopay-widget-quick-actions/android/3/text,3,CONSUMER:4388,"Type ""GoPay"" and choose your preferred GoPay feature"
SAME_SECTION_SAME_PAIR_DIFF_SCREEN_OR_CONTEXT,P1226,cp_01M3NX227CF74TY8J2DFWZN0S6,call-shield/shared/security-meter/text,2,CONSUMER:4399,Call guard feature
SAME_SECTION_SAME_PAIR_DIFF_SCREEN_OR_CONTEXT,P1226,cp_01M3NX227FE79952KDGS1B34ZS,call-shield/shared/cross-sell/text,2,CONSUMER:4416,Call guard feature
SAME_SECTION_SAME_PAIR_DIFF_SCREEN_OR_CONTEXT,P1227,cp_01M3NX227FEZ1RBWDH60EMZW4H,call-shield/shared/main/text-turn-get-alerts,2,CONSUMER:4417,Turn it on to get alerts for official or suspicious calls
SAME_SECTION_SAME_PAIR_DIFF_SCREEN_OR_CONTEXT,P1227,cp_01M3NX227HER8SKR8BVSNNAP75,call-shield/shared/main/description-5,2,CONSUMER:4434,Turn it on to get alerts for official or suspicious calls
SAME_SECTION_SAME_PAIR_DIFF_SCREEN_OR_CONTEXT,P1228,cp_01M3NX227RFH19JVNTT1HMM4NZ,group-platform/shared/main/text-create-group,5,CONSUMER:4499,Create group
SAME_SECTION_SAME_PAIR_DIFF_SCREEN_OR_CONTEXT,P1228,cp_01M3NX2280EJ7ANHA3ZPRQAEXB,creategroup/entry-point/main/cta,5,CONSUMER:4540,Create group
SAME_SECTION_SAME_PAIR_DIFF_SCREEN_OR_CONTEXT,P1228,cp_01M3NX2281FNQTRS69KH09VXB6,chatroom/person/options-creategroup/cta,5,CONSUMER:4547,Create group
SAME_SECTION_SAME_PAIR_DIFF_SCREEN_OR_CONTEXT,P1228,cp_01M3NX2281E0EBFFNTDT6K2FET,genie/social/group/cta,5,CONSUMER:4549,Create group
SAME_SECTION_SAME_PAIR_DIFF_SCREEN_OR_CONTEXT,P1228,cp_01M3NX228FEK2RFB322B3N8BG8,creationflow/addgroupdetails/main/title,5,CONSUMER:4629,Create group
SAME_SECTION_SAME_PAIR_DIFF_SCREEN_OR_CONTEXT,P1229,cp_01M3NX2281FTGB6TJJX4D2V86Z,group-platform/entry-point/profile-detail/text,2,CONSUMER:4544,Create group with this person
SAME_SECTION_SAME_PAIR_DIFF_SCREEN_OR_CONTEXT,P1229,cp_01M3NX228RF9WAW8AF2F33A7YG,group-platform/group-creation-flow/main/text-create-group-person,2,CONSUMER:4677,Create group with this person
SAME_SECTION_SAME_PAIR_DIFF_SCREEN_OR_CONTEXT,P1230,cp_01M3NX2282F78BA7M6C69FXNDS,groupinvitation/entry-point/main/title,3,CONSUMER:4553,Group invitation
SAME_SECTION_SAME_PAIR_DIFF_SCREEN_OR_CONTEXT,P1230,cp_01M3NX2282F4QVASDD3XJ7BFPN,geniereminder/group/main/title,3,CONSUMER:4556,Group invitation
SAME_SECTION_SAME_PAIR_DIFF_SCREEN_OR_CONTEXT,P1230,cp_01M3NX2284F6GV57QKGRW518ZS,groupinvitation/landingpage/empty/title,3,CONSUMER:4563,Group invitation
SAME_SECTION_SAME_PAIR_DIFF_SCREEN_OR_CONTEXT,P1231,cp_01M3NX2282FJAACQZK1B4XN2P0,groupinvitation/view/genie-and-social/cta,2,CONSUMER:4554,View all
SAME_SECTION_SAME_PAIR_DIFF_SCREEN_OR_CONTEXT,P1231,cp_01M3NX2288F56AHG47V73XNAW7,viewallmembers/entry-point/main/title,2,CONSUMER:4591,View all
SAME_SECTION_SAME_PAIR_DIFF_SCREEN_OR_CONTEXT,P1232,cp_01M3NX2289EJQVTVXPVC42V6MT,members/status/owner/text,2,CONSUMER:4594,Owner
SAME_SECTION_SAME_PAIR_DIFF_SCREEN_OR_CONTEXT,P1232,cp_01M3NX229BEH8ACE1RJ0DX6TNG,assignenewowner/status/main/text,2,CONSUMER:4779,Owner
SAME_SECTION_SAME_PAIR_DIFF_SCREEN_OR_CONTEXT,P1233,cp_01M3NX228HE84BEA3B7ZHGFEWG,creationflow/addgroupdetails/error-nameviolation/text,2,CONSUMER:4635,Choose a different group name
SAME_SECTION_SAME_PAIR_DIFF_SCREEN_OR_CONTEXT,P1233,cp_01M3NX22A1FNRBESB9N31A9GJE,nameviolation/users-already-left-kicked-out/main/title,2,CONSUMER:4887,Choose a different group name
SAME_SECTION_SAME_PAIR_DIFF_SCREEN_OR_CONTEXT,P1234,cp_01M3NX228NFPYS2KNVBA9BV6SH,chatroom/group/howmanymember/text,2,CONSUMER:4662,{unresolved} members
SAME_SECTION_SAME_PAIR_DIFF_SCREEN_OR_CONTEXT,P1234,cp_01M3NX229SEQXBKADDJ5N2AHPT,chatroom/bubblechat/splitbill-totalmember/text,2,CONSUMER:4849,{unresolved} members
SAME_SECTION_SAME_PAIR_DIFF_SCREEN_OR_CONTEXT,P1235,cp_01M3NX2291F25S3H8T7E3QT1BT,chatroom/features/sharetransaction/text,2,CONSUMER:4719,Share transactions
SAME_SECTION_SAME_PAIR_DIFF_SCREEN_OR_CONTEXT,P1235,cp_01M3NX22B1EXQBEQ4XSQXD86PY,toolbar/sharetransaction/main/text,2,CONSUMER:5013,Share transactions
SAME_SECTION_SAME_PAIR_DIFF_SCREEN_OR_CONTEXT,P1236,cp_01M3NX2292F9EVDE9FNDVCQ0FC,owner/addmember/postgroupcreation-gotit/cta,16,CONSUMER:4725,Got it
SAME_SECTION_SAME_PAIR_DIFF_SCREEN_OR_CONTEXT,P1236,cp_01M3NX229KFE9AJK6XE8Y2X0QC,deletedgroup/memberclickpn/main/cta,16,CONSUMER:4817,Got it
SAME_SECTION_SAME_PAIR_DIFF_SCREEN_OR_CONTEXT,P1236,cp_01M3NX229MEA1BKFCDCXKGSQEV,memberleft/clickoldpn/main/cta,16,CONSUMER:4821,Got it
SAME_SECTION_SAME_PAIR_DIFF_SCREEN_OR_CONTEXT,P1236,cp_01M3NX229MF5ZBWR1RZFMZ4REG,memberdetail/notinthegroup/main/cta,16,CONSUMER:4825,Got it
SAME_SECTION_SAME_PAIR_DIFF_SCREEN_OR_CONTEXT,P1236,cp_01M3NX229PF379RNAQ2VATGTW2,group-platform/users-already-left-kicked-out/main/text-got,16,CONSUMER:4834,Got it
SAME_SECTION_SAME_PAIR_DIFF_SCREEN_OR_CONTEXT,P1236,cp_01M3NX229QFGZ8G3XH6S9NQAW4,invite/memberalreadyinvited/main/cta,16,CONSUMER:4838,Got it
SAME_SECTION_SAME_PAIR_DIFF_SCREEN_OR_CONTEXT,P1236,cp_01M3NX22A2FQ483CMREQZ0JSAC,nameviolation/users-already-left-kicked-out/main/cta,16,CONSUMER:4889,Got it
SAME_SECTION_SAME_PAIR_DIFF_SCREEN_OR_CONTEXT,P1236,cp_01M3NX22ACFW1VQMKB5PR61CFB,splitbill/receiverchange/main/cta,16,CONSUMER:4924,Got it
SAME_SECTION_SAME_PAIR_DIFF_SCREEN_OR_CONTEXT,P1236,cp_01M3NX22AEE4PTBH54VF6ZHT2R,addmember/invitationfull/main/cta,16,CONSUMER:4935,Got it
SAME_SECTION_SAME_PAIR_DIFF_SCREEN_OR_CONTEXT,P1236,cp_01M3NX22AGFRZSBWVGHRXCVHHP,creationflow/selectmembers/toomanyselected/cta,16,CONSUMER:4941,Got it
SAME_SECTION_SAME_PAIR_DIFF_SCREEN_OR_CONTEXT,P1236,cp_01M3NX22AHEM8TQ11Y2MD848RS,memberjoined/clickpn/main/cta,16,CONSUMER:4945,Got it
SAME_SECTION_SAME_PAIR_DIFF_SCREEN_OR_CONTEXT,P1236,cp_01M3NX22AHFVPTXA3J8FZ24WTF,addmember/memberfull/main/cta,16,CONSUMER:4949,Got it
SAME_SECTION_SAME_PAIR_DIFF_SCREEN_OR_CONTEXT,P1236,cp_01M3NX22AJE1NTDV3KRRSTQ43K,memberjoin/groupfull/main/cta,16,CONSUMER:4953,Got it
SAME_SECTION_SAME_PAIR_DIFF_SCREEN_OR_CONTEXT,P1236,cp_01M3NX22AMEAKV3SC44Y62MMWC,failedtoadd/members-in-the-group-already/main/cta,16,CONSUMER:4957,Got it
SAME_SECTION_SAME_PAIR_DIFF_SCREEN_OR_CONTEXT,P1236,cp_01M3NX22ANEXWTF57T6FNV1PYV,failedtoadd/somemembers/main/cta,16,CONSUMER:4961,Got it
SAME_SECTION_SAME_PAIR_DIFF_SCREEN_OR_CONTEXT,P1236,cp_01M3NX22ANFT0TNAE453R99NXY,group-platform/members-in-the-group-already/main/text-got,16,CONSUMER:4965,Got it
SAME_SECTION_SAME_PAIR_DIFF_SCREEN_OR_CONTEXT,P1237,cp_01M3NX229JEZ194J975PN3HJKC,linkexpired/group-creation-flow/main/cta,2,CONSUMER:4813,"Okay, got it"
SAME_SECTION_SAME_PAIR_DIFF_SCREEN_OR_CONTEXT,P1237,cp_01M3NX229RFP48ZR38KZ9379G1,groupfull/users-already-left-kicked-out/main/cta,2,CONSUMER:4842,"Okay, got it"
SAME_SECTION_SAME_PAIR_DIFF_SCREEN_OR_CONTEXT,P1238,cp_01M3NX229QFZNA19ZJ9J64D5G4,groupfull/users-already-left-kicked-out/main/title,3,CONSUMER:4840,The group is full
SAME_SECTION_SAME_PAIR_DIFF_SCREEN_OR_CONTEXT,P1238,cp_01M3NX22AHEE3B2X09NKMMN0PP,addmember/memberfull/main/title,3,CONSUMER:4947,The group is full
SAME_SECTION_SAME_PAIR_DIFF_SCREEN_OR_CONTEXT,P1238,cp_01M3NX22AJF0CSX4670TZV5DK7,memberjoin/groupfull/main/title,3,CONSUMER:4951,The group is full
SAME_SECTION_SAME_PAIR_DIFF_SCREEN_OR_CONTEXT,P1239,cp_01M3NX22ABFMH8ZBY06P8ME4T0,group-platform/users-already-left-kicked-out/chat-notif/text,2,CONSUMER:4921,Payment receiver has been changed
SAME_SECTION_SAME_PAIR_DIFF_SCREEN_OR_CONTEXT,P1239,cp_01M3NX22ABEDPTCN0T5Z9T39VG,splitbill/receiverchange/main/title,2,CONSUMER:4922,Payment receiver has been changed
SAME_SECTION_SAME_PAIR_DIFF_SCREEN_OR_CONTEXT,P1240,cp_01M3NX22B3EY3SHTC6XA9WPVQG,3pd-alert/shared/security-pill/badge,2,CONSUMER:5028,New app linked
SAME_SECTION_SAME_PAIR_DIFF_SCREEN_OR_CONTEXT,P1240,cp_01M3NX22B4EF2T83HX7X9GH3RH,3pd-alert/shared/main/text,2,CONSUMER:5033,New app linked
SAME_SECTION_SAME_PAIR_DIFF_SCREEN_OR_CONTEXT,P1241,cp_01M3NX22BFFTETAJQWN17HQNFX,3pd-alert/shared/main/text-change-pin-didn-t,2,CONSUMER:5104,Change your PIN if you didn’t link this app.
SAME_SECTION_SAME_PAIR_DIFF_SCREEN_OR_CONTEXT,P1241,cp_01M3NX22BKESFAHAEQRQG5P1S7,3pd-alert/shared/if-app-is-unlinked/text,2,CONSUMER:5135,Change your PIN if you didn’t link this app.
SAME_SECTION_SAME_PAIR_DIFF_SCREEN_OR_CONTEXT,P1242,cp_01M3NX22CGFJNTCZFD24BXCD92,social-mission/genie/main/text-got,4,CONSUMER:5282,Got it
SAME_SECTION_SAME_PAIR_DIFF_SCREEN_OR_CONTEXT,P1242,cp_01M3NX22CPE3Y8DGJ6XEAB49FE,social-mission/push-notif/main/text-got,4,CONSUMER:5321,Got it
SAME_SECTION_SAME_PAIR_DIFF_SCREEN_OR_CONTEXT,P1242,cp_01M3NX22CQEQNTQT7YD089741Z,social-mission/push-notif/main/text-got-2,4,CONSUMER:5325,Got it
SAME_SECTION_SAME_PAIR_DIFF_SCREEN_OR_CONTEXT,P1242,cp_01M3NX22CRFG5TSRBY12Q4XC60,social-mission/push-notif/main/text-got-3,4,CONSUMER:5329,Got it
SAME_SECTION_SAME_PAIR_DIFF_SCREEN_OR_CONTEXT,P1243,cp_01M3NX22DEE15RH6DG9RV566QJ,settings/entrypoint/entry-point-on-account/title,2,CONSUMER:5511,Settings
SAME_SECTION_SAME_PAIR_DIFF_SCREEN_OR_CONTEXT,P1243,cp_01M3NX22DEFX9VN5SYHS2R788Z,settings/landingpage/settings/title,2,CONSUMER:5514,Settings
SAME_SECTION_SAME_PAIR_DIFF_SCREEN_OR_CONTEXT,P1244,cp_01M3NX22DGFJK82C82982TD2YY,settings/landingpage/accountsection-loginoption/title,2,CONSUMER:5523,Ways to log in to GoPay
SAME_SECTION_SAME_PAIR_DIFF_SCREEN_OR_CONTEXT,P1244,cp_01M3NX22DPEZZS023YXM8KMHA9,settings/loginoptions/landingpage/title,2,CONSUMER:5561,Ways to log in to GoPay
SAME_SECTION_SAME_PAIR_DIFF_SCREEN_OR_CONTEXT,P1245,cp_01M3NX22DHFTERYV98BNF2G2H7,settings/landingpage/accountsection-privacy/title,2,CONSUMER:5529,Account privacy
SAME_SECTION_SAME_PAIR_DIFF_SCREEN_OR_CONTEXT,P1245,cp_01M3NX22DQED7RRYTW5Q18KHZ4,settings/privacy/privacy/title,2,CONSUMER:5569,Account privacy
SAME_SECTION_SAME_PAIR_DIFF_SCREEN_OR_CONTEXT,P1246,cp_01M3NX22DXFR8AAAC263NJVDBM,expense-management/gopay-home-shuffle-card-users/main/cta,2,MONEY:15;MONEY:20;MONEY:24,Check the full report
SAME_SECTION_SAME_PAIR_DIFF_SCREEN_OR_CONTEXT,P1246,cp_01M3NX22DZF6QA5T9E596WT11T,expense-management/gopay-home-shuffle-card/main/text-check-full-report,2,MONEY:27,Check the full report
SAME_SECTION_SAME_PAIR_DIFF_SCREEN_OR_CONTEXT,P1247,cp_01M3NX22DXER58Z8T7Z89MHEMA,expense-management/gopay-home-shuffle-card-users/returning-user/text,2,MONEY:17,January expense report
SAME_SECTION_SAME_PAIR_DIFF_SCREEN_OR_CONTEXT,P1247,cp_01M3NX22DYENAS2PEM6Q17R99A,expense-management/gopay-home-shuffle-card-users/returning-user-no-data-yet/text,2,MONEY:22,January expense report
SAME_SECTION_SAME_PAIR_DIFF_SCREEN_OR_CONTEXT,P1248,cp_01M3NX22E1FV78Z1Q643X4T77X,expense-management/finance-home/main/text,2,MONEY:35,Total {month}
SAME_SECTION_SAME_PAIR_DIFF_SCREEN_OR_CONTEXT,P1248,cp_01M3NX22EFEZM9NT8EETC953FQ,expense-management/graph-when-clicked-on-a-week/main/text-total-month,2,MONEY:103,Total {month}
SAME_SECTION_SAME_PAIR_DIFF_SCREEN_OR_CONTEXT,P1249,cp_01M3NX22E3EJHSDWDYWXN920TW,expense-management/finance-home/main/text-top-categories,2,MONEY:43,Top categories
SAME_SECTION_SAME_PAIR_DIFF_SCREEN_OR_CONTEXT,P1249,cp_01M3NX22E7FVG9RRTTFT4T036D,expense-management/expense-home/categories/text,2,MONEY:64,Top categories
SAME_SECTION_SAME_PAIR_DIFF_SCREEN_OR_CONTEXT,P1250,cp_01M3NX22E5FPEB745A7J46S471,expense-management/expense-home/gopay-finance-expensereport-home/cta,2,MONEY:54,Add expense
SAME_SECTION_SAME_PAIR_DIFF_SCREEN_OR_CONTEXT,P1250,cp_01M3NX22EAE20AMK8TH3R92V6B,expense-management/expense-home/gopay-finance-expensereport-home/text-add-expense,2,MONEY:77,Add expense
SAME_SECTION_SAME_PAIR_DIFF_SCREEN_OR_CONTEXT,P1251,cp_01M3NX22E6EKW99E7GYXZJR9JB,expense-management/expense-home/main/text-month-re-week-4,2,MONEY:59,{month} - You're on week 4
SAME_SECTION_SAME_PAIR_DIFF_SCREEN_OR_CONTEXT,P1251,cp_01M3NX22EBF8F89MGMB8SH7HYY,expense-management/graph-when-clicked-on-a-week/main/text,2,MONEY:82;MONEY:106,{month} - You're on week 4
SAME_SECTION_SAME_PAIR_DIFF_SCREEN_OR_CONTEXT,P1252,cp_01M3NX22E6FHEB6B37YBENDQ1R,expense-management/expense-home/main/text-weekly-expense-chart,3,MONEY:60,Weekly expense chart
SAME_SECTION_SAME_PAIR_DIFF_SCREEN_OR_CONTEXT,P1252,cp_01M3NX22ECE8WBE6AYQ3W855RD,expense-management/graph-when-clicked-on-a-week/main/text-weekly-expense-chart,3,MONEY:84,Weekly expense chart
SAME_SECTION_SAME_PAIR_DIFF_SCREEN_OR_CONTEXT,P1252,cp_01M3NX22EGEDK942BBW9NW1GYY,expense-management/graph-when-clicked-on-a-week/main/text-weekly-expense-chart-3,3,MONEY:107,Weekly expense chart
SAME_SECTION_SAME_PAIR_DIFF_SCREEN_OR_CONTEXT,P1253,cp_01M3NX22E8F1T9297XJGDCN5AP,expense-management/expense-home/gopay-finance-expensereport-home/text,2,MONEY:68,Expense history
SAME_SECTION_SAME_PAIR_DIFF_SCREEN_OR_CONTEXT,P1253,cp_01M3NX22EGEGRR9SPFEFCCNACM,expense-management/graph-when-clicked-on-a-week/fe-copy-gopay-finance/text-expense-history,2,MONEY:109,Expense history
SAME_SECTION_SAME_PAIR_DIFF_SCREEN_OR_CONTEXT,P1254,cp_01M3NX22EKE74RGE1T4XS20NF3,add-expense/shared/gopay-finance-expensereport/cta,2,MONEY:119,Check all categories
SAME_SECTION_SAME_PAIR_DIFF_SCREEN_OR_CONTEXT,P1254,cp_01M3NX22F3EW99ZFQX864W98E1,add-expense/not-uploaded-to-lokalise/main/cta-2,2,MONEY:186,Check all categories
SAME_SECTION_SAME_PAIR_DIFF_SCREEN_OR_CONTEXT,P1255,cp_01M3NX22EZFPMT27Q0J2PF7K3B,add-expense/not-uploaded-to-lokalise/fe-copy-gopay-finance/text-yes-delete,2,MONEY:170,"Yes, delete"
SAME_SECTION_SAME_PAIR_DIFF_SCREEN_OR_CONTEXT,P1255,cp_01M3NX22F3F8S8XN7S9XG9Z4JD,add-expense/not-uploaded-to-lokalise/gopay-finance-expensereport/text-yes-delete,2,MONEY:190,"Yes, delete"
SAME_SECTION_SAME_PAIR_DIFF_SCREEN_OR_CONTEXT,P1256,cp_01M3NX22F2E7DV5A7STXFAKBHP,add-expense/not-uploaded-to-lokalise/gopay-finance-expensereport/text,2,MONEY:184,Expense category
SAME_SECTION_SAME_PAIR_DIFF_SCREEN_OR_CONTEXT,P1256,cp_01M3NX22FCFPDV8HHA5HDWNM7S,add-expense/transaction-history-gopay-app/gopay-finance-expensereport/text,2,MONEY:227,Expense category
SAME_SECTION_SAME_PAIR_DIFF_SCREEN_OR_CONTEXT,P1257,cp_01M3NX22FGE47ABJ84NTJYAVJB,push-notifications/notifying-on-report/last-months-report-first-date-of/push-title,2,MONEY:246,See what you spent on last month 💰
SAME_SECTION_SAME_PAIR_DIFF_SCREEN_OR_CONTEXT,P1257,cp_01M3NX22FGFPSB1S4PA84Q04NM,push-notifications/notifying-on-report/1-category/push-title,2,MONEY:247,See what you spent on last month 💰
SAME_SECTION_SAME_PAIR_DIFF_SCREEN_OR_CONTEXT,P1258,cp_01M3NX22FHEYQA6GM7SJ9GJ56P,push-notifications/notifying-on-report/week-2-report-1-inform-top/push-body,2,MONEY:249,Spent on something else without GoPay? Record them here to get a complete view of your spending.
SAME_SECTION_SAME_PAIR_DIFF_SCREEN_OR_CONTEXT,P1258,cp_01M3NX22FJEAZA5DWY7QDQ7Z2P,push-notifications/notifying-on-report/week-2-report-if-the-top/push-body,2,MONEY:251,Spent on something else without GoPay? Record them here to get a complete view of your spending.
SAME_SECTION_SAME_PAIR_DIFF_SCREEN_OR_CONTEXT,P1259,cp_01M3NX22FQFKCT5QVXAR24P784,expensereport/budgetcreation/createnew-success/title,2,MONEY:286,Budget created
SAME_SECTION_SAME_PAIR_DIFF_SCREEN_OR_CONTEXT,P1259,cp_01M3NX22FSFW4A83VYMGXP3X0R,expensereport/budgetcreation/createnew-success/toast,2,MONEY:297,Budget created
SAME_SECTION_SAME_PAIR_DIFF_SCREEN_OR_CONTEXT,P1260,cp_01M3NX22FQFN8AMTYD636BT8P1,expensereport/budgetedit/editamount-success/title,2,MONEY:287,Budget adjusted
SAME_SECTION_SAME_PAIR_DIFF_SCREEN_OR_CONTEXT,P1260,cp_01M3NX22FSFZ9SG01BGCJ2S7AG,expensereport/budgetedit/success/toast,2,MONEY:298,Budget adjusted
SAME_SECTION_SAME_PAIR_DIFF_SCREEN_OR_CONTEXT,P1261,cp_01M3NX22G6E1SA811X2RH7CX96,crypto/shared/buy/cta,2,MONEY:363,Buy
SAME_SECTION_SAME_PAIR_DIFF_SCREEN_OR_CONTEXT,P1261,cp_01M3NX22GAFEDABN1W7H6G7CT4,crypto/shared/main/cta-4,2,MONEY:377,Buy
SAME_SECTION_SAME_PAIR_DIFF_SCREEN_OR_CONTEXT,P1262,cp_01M3NX22GDFFW8Z9XQXGZERD01,transaction-history-list-view/transaction-history-list-view/awaiting-transaction-code/text,5,MONEY:401,Transaction history status
SAME_SECTION_SAME_PAIR_DIFF_SCREEN_OR_CONTEXT,P1262,cp_01M3NX22GEFSTA3S45J8SH9GHW,transaction-history-list-view/transaction-history-list-view/ready-to-cash-out/text,5,MONEY:406,Transaction history status
SAME_SECTION_SAME_PAIR_DIFF_SCREEN_OR_CONTEXT,P1262,cp_01M3NX22GFE208C9XVB40MPQDA,transaction-history-list-view/transaction-history-list-view/cash-out-successful/text,5,MONEY:411,Transaction history status
SAME_SECTION_SAME_PAIR_DIFF_SCREEN_OR_CONTEXT,P1262,cp_01M3NX22GHF4NRV2ECTS7V6E5T,transaction-history-list-view/transaction-history-list-view/expired-en/text,5,MONEY:416,Transaction history status
SAME_SECTION_SAME_PAIR_DIFF_SCREEN_OR_CONTEXT,P1262,cp_01M3NX22GJFZYT8A6ENW8VC52B,transaction-history-list-view/transaction-history-list-view/failed-en/text,5,MONEY:421,Transaction history status
SAME_SECTION_SAME_PAIR_DIFF_SCREEN_OR_CONTEXT,P1263,cp_01M3NX22GKEDC9PWSST0D0T98P,transaction-receipt-detail-view/shared/cash-out-amount/value,4,MONEY:429,Rp1.000.000
SAME_SECTION_SAME_PAIR_DIFF_SCREEN_OR_CONTEXT,P1263,cp_01M3NX22GPFGSRXYQG789BA0NB,transaction-receipt-detail-view/shared/cash-out-amount/value-2,4,MONEY:440,Rp1.000.000
SAME_SECTION_SAME_PAIR_DIFF_SCREEN_OR_CONTEXT,P1263,cp_01M3NX22GSFWEAVFDPEQ2Z5T80,transaction-receipt-detail-view/shared/cash-out-amount/value-3,4,MONEY:451,Rp1.000.000
SAME_SECTION_SAME_PAIR_DIFF_SCREEN_OR_CONTEXT,P1263,cp_01M3NX22GWFZMREQE0P03F87YC,transaction-receipt-detail-view/failed/cash-out-amount/value,4,MONEY:462,Rp1.000.000
SAME_SECTION_SAME_PAIR_DIFF_SCREEN_OR_CONTEXT,P1264,cp_01M3NX22GMEMBVPDZY8C4F5AHK,transaction-receipt-detail-view/shared/cash-out/description,4,MONEY:430,Withdraw at BCA ATM
SAME_SECTION_SAME_PAIR_DIFF_SCREEN_OR_CONTEXT,P1264,cp_01M3NX22GPE46RQQE4CWCKN1T5,transaction-receipt-detail-view/shared/cash-out/description-2,4,MONEY:441,Withdraw at BCA ATM
SAME_SECTION_SAME_PAIR_DIFF_SCREEN_OR_CONTEXT,P1264,cp_01M3NX22GSEJCR4ZR1D6SM64H5,transaction-receipt-detail-view/shared/cash-out/description-3,4,MONEY:452,Withdraw at BCA ATM
SAME_SECTION_SAME_PAIR_DIFF_SCREEN_OR_CONTEXT,P1264,cp_01M3NX22GWFN6AG895AC012JRR,transaction-receipt-detail-view/failed/cash-out/description,4,MONEY:463,Withdraw at BCA ATM
SAME_SECTION_SAME_PAIR_DIFF_SCREEN_OR_CONTEXT,P1265,cp_01M3NX22GQF0QTZEKYPFBMY1JK,transaction-receipt-detail-view/shared/status/text,2,MONEY:442;MONEY:453,"Please refer to this sheet, ""Cash out"" tab"
SAME_SECTION_SAME_PAIR_DIFF_SCREEN_OR_CONTEXT,P1265,cp_01M3NX22GWF28VVYKG97M2H9B4,transaction-receipt-detail-view/failed/status/text,2,MONEY:464,"Please refer to this sheet, ""Cash out"" tab"
SAME_SECTION_SAME_PAIR_DIFF_SCREEN_OR_CONTEXT,P1266,cp_01M3NX22GZF5JREVTCFR3S5C88,transaction-receipt-detail-view/transaction-history-listing/withdraw-successful/text,2,MONEY:475,Withdrawal
SAME_SECTION_SAME_PAIR_DIFF_SCREEN_OR_CONTEXT,P1266,cp_01M3NX22H0F78B60D9Y49R2NXZ,transaction-receipt-detail-view/transaction-history-listing/main/text,2,MONEY:479,Withdrawal
SAME_SECTION_SAME_PAIR_DIFF_SCREEN_OR_CONTEXT,P1267,cp_01M3NX22H2FVJ9T60QCE7GBSS7,va-transfer-improvements-dec-22/select-virtual-account/admin-fee-info/helper,5,MONEY:489,Admin fee Rp2.500
SAME_SECTION_SAME_PAIR_DIFF_SCREEN_OR_CONTEXT,P1267,cp_01M3NX22H3EFTTE61HJYD6B9VW,va-transfer-improvements-dec-22/select-virtual-account/main/text,5,MONEY:493,Admin fee Rp2.500
SAME_SECTION_SAME_PAIR_DIFF_SCREEN_OR_CONTEXT,P1267,cp_01M3NX22H3EH4AR0GTHCTRDWWJ,va-transfer-improvements-dec-22/select-virtual-account/admin-fee-info/helper-3,5,MONEY:496,Admin fee Rp2.500
SAME_SECTION_SAME_PAIR_DIFF_SCREEN_OR_CONTEXT,P1267,cp_01M3NX22H4FHYSZBNBAAB3P318,va-transfer-improvements-dec-22/select-virtual-account/main/text-admin-fee-rp2-500,5,MONEY:500,Admin fee Rp2.500
SAME_SECTION_SAME_PAIR_DIFF_SCREEN_OR_CONTEXT,P1267,cp_01M3NX22H5FH3A9ETH3KVM2F47,va-transfer-improvements-dec-22/select-virtual-account/main/text-admin-fee-rp2-500-2,5,MONEY:504,Admin fee Rp2.500
SAME_SECTION_SAME_PAIR_DIFF_SCREEN_OR_CONTEXT,P1268,cp_01M3NX22H6FCTBT38T6V30APFB,va-transfer-improvements-dec-22/select-virtual-account/admin-fee-info/helper-6,2,MONEY:508,Admin fee Rp2.500 + interbank transfer fee
SAME_SECTION_SAME_PAIR_DIFF_SCREEN_OR_CONTEXT,P1268,cp_01M3NX22H7FRC9WDN50V034296,va-transfer-improvements-dec-22/payment-widget/admin-fee-info/helper,2,MONEY:520,Admin fee Rp2.500 + interbank transfer fee
SAME_SECTION_SAME_PAIR_DIFF_SCREEN_OR_CONTEXT,P1269,cp_01M3NX22H8E7NV6CG7TWSB8FGK,va-transfer-improvements-dec-22/order-details-universal-va-in/other-banks/text,2,MONEY:537,{bankname} Virtual Account for other banks
SAME_SECTION_SAME_PAIR_DIFF_SCREEN_OR_CONTEXT,P1269,cp_01M3NX22H8F8QS2HX8R7ZXW71V,va-transfer-improvements-dec-22/order-details-universal-va/other-banks/text,2,MONEY:553,{bankname} Virtual Account for other banks
SAME_SECTION_SAME_PAIR_DIFF_SCREEN_OR_CONTEXT,P1270,cp_01M3NX22HHEW5SRK0J7TYHG5JR,list-view-transaction-history/awaiting-payment/amount/value,8,MONEY:603,Rp1.000.000
SAME_SECTION_SAME_PAIR_DIFF_SCREEN_OR_CONTEXT,P1270,cp_01M3NX22HJEVJ92T7MW8KM1YVP,list-view-transaction-history/sending-in-progress/amount/value,8,MONEY:608,Rp1.000.000
SAME_SECTION_SAME_PAIR_DIFF_SCREEN_OR_CONTEXT,P1270,cp_01M3NX22HKEWK9H5KT6HW4Y5Y0,list-view-transaction-history/success/amount/value,8,MONEY:613,Rp1.000.000
SAME_SECTION_SAME_PAIR_DIFF_SCREEN_OR_CONTEXT,P1270,cp_01M3NX22HMEWKT438P2D3J2TMS,list-view-transaction-history/expired/amount/value,8,MONEY:618,Rp1.000.000
SAME_SECTION_SAME_PAIR_DIFF_SCREEN_OR_CONTEXT,P1270,cp_01M3NX22HPEJ7BFT2A8H59Y3VZ,list-view-transaction-history/cancelled/amount/value,8,MONEY:623,Rp1.000.000
SAME_SECTION_SAME_PAIR_DIFF_SCREEN_OR_CONTEXT,P1270,cp_01M3NX22HQFV1SM1S3JNQY5F0B,list-view-transaction-history/failed/amount/value,8,MONEY:628,Rp1.000.000
SAME_SECTION_SAME_PAIR_DIFF_SCREEN_OR_CONTEXT,P1270,cp_01M3NX22HREPWRBDNF08B8W4A0,list-view-transaction-history/failed-and-retransferred/amount/value,8,MONEY:633,Rp1.000.000
SAME_SECTION_SAME_PAIR_DIFF_SCREEN_OR_CONTEXT,P1270,cp_01M3NX22HRF43V9FCVSRKQEWM0,list-view-transaction-history/order-details-header/amount/value,8,MONEY:636,Rp1.000.000
SAME_SECTION_SAME_PAIR_DIFF_SCREEN_OR_CONTEXT,P1271,cp_01M3NX22KMF8QV9TKXD3M0NYPV,push-notifications/failed-transactions-pn-will-be/3-days-and-7-days-first-phase/push-title,2,MONEY:934,Your transfer's still failed
SAME_SECTION_SAME_PAIR_DIFF_SCREEN_OR_CONTEXT,P1271,cp_01M3NX22KNE6FBCWSHS8F0RWRT,push-notifications/failed-transactions-pn-will-be/3-days-and-7-days-second-phase/push-title,2,MONEY:935,Your transfer's still failed
SAME_SECTION_SAME_PAIR_DIFF_SCREEN_OR_CONTEXT,P1272,cp_01M3NX22KNFH4VB5SGDX83MVHN,p2p-receiver-balance-limit/shared/if-the-receiver-has-1-bank/text,3,MONEY:939,Your destination account is unable to receive GoPay
SAME_SECTION_SAME_PAIR_DIFF_SCREEN_OR_CONTEXT,P1272,cp_01M3NX22KPEK58QT2ECT5E9244,p2p-receiver-balance-limit/shared/if-the-receiver-has-more-than-1/text,3,MONEY:950,Your destination account is unable to receive GoPay
SAME_SECTION_SAME_PAIR_DIFF_SCREEN_OR_CONTEXT,P1272,cp_01M3NX22KQFYPTF5MRKGMDH637,p2p-receiver-balance-limit/shared/if-the-receiver-has-no-bank/text,3,MONEY:960,Your destination account is unable to receive GoPay
SAME_SECTION_SAME_PAIR_DIFF_SCREEN_OR_CONTEXT,P1273,cp_01M3NX22M5F7W9RSCT9XFZB5VV,manage-accounts/umt-home-receiver-drawer/remove-method-dialogue-card/text,2,MONEY:1021,Remove this account?
SAME_SECTION_SAME_PAIR_DIFF_SCREEN_OR_CONTEXT,P1273,cp_01M3NX22M7FTFTT73EVCYAP2VJ,manage-accounts/umt-home-receiver-drawer/remove-method-self-account/text,2,MONEY:1029,Remove this account?
SAME_SECTION_SAME_PAIR_DIFF_SCREEN_OR_CONTEXT,P1274,cp_01M3NX22MHFATSM3DGY1PX570F,awaiting-payment/va-generated/main/description-2,2,MONEY:1082,"Transfer <Rp1.000.000> to {bca_virtual_account} before <13 Jan 2022, 13:51 WIB> so we can send it to"
SAME_SECTION_SAME_PAIR_DIFF_SCREEN_OR_CONTEXT,P1274,cp_01M3NX22MHFF89F5EF64WVVBMZ,awaiting-payment/nudge-after-x-hours/main/description-2,2,MONEY:1085,"Transfer <Rp1.000.000> to {bca_virtual_account} before <13 Jan 2022, 13:51 WIB> so we can send it to"
SAME_SECTION_SAME_PAIR_DIFF_SCREEN_OR_CONTEXT,P1275,cp_01M3NX22N0EDM8EH5VJES3WQG1,indomaret/codegenerated/help/cta,3,MONEY:1164,Help
SAME_SECTION_SAME_PAIR_DIFF_SCREEN_OR_CONTEXT,P1275,cp_01M3NX22N3FSYRY6JABDJ4KG5T,indomaret/helppage/keepreceipt-help/cta,3,MONEY:1187,Help
SAME_SECTION_SAME_PAIR_DIFF_SCREEN_OR_CONTEXT,P1275,cp_01M3NX22N4ERGTPJ7JT6E94WZR,indomaret-top-up/help-ask-for-receipt-from/main/cta,3,MONEY:1199,Help
SAME_SECTION_SAME_PAIR_DIFF_SCREEN_OR_CONTEXT,P1276,cp_01M3NX22N1EQPA8DE3MB8T5Z0M,indomaret/exitconfirmation/dialog-exit/cta,2,MONEY:1169,"Yes, exit"
SAME_SECTION_SAME_PAIR_DIFF_SCREEN_OR_CONTEXT,P1276,cp_01M3NX22N6EE59H4M4ZPSMG4ZK,indomaret-top-up/exit-confirmation/main/cta-2,2,MONEY:1204,"Yes, exit"
SAME_SECTION_SAME_PAIR_DIFF_SCREEN_OR_CONTEXT,P1277,cp_01M3NX22NEFCVAEPKNZTK5BNMS,withdraw/homescreen/main/text-via-bank-transfer,2,MONEY:1270,Via bank transfer
SAME_SECTION_SAME_PAIR_DIFF_SCREEN_OR_CONTEXT,P1277,cp_01M3NX22NFEFS9A8602G4D01ZG,withdraw/homescreen/once-a-bank-is-added/text,2,MONEY:1275,Via bank transfer
SAME_SECTION_SAME_PAIR_DIFF_SCREEN_OR_CONTEXT,P1278,cp_01M3NX22NNFX08NQPR0WT5R8SG,withdraw-at-minimart/select-withdraw-method/main/text,2,MONEY:1298,Pick from where you'd like to withdraw
SAME_SECTION_SAME_PAIR_DIFF_SCREEN_OR_CONTEXT,P1278,cp_01M3NX22NRF908AANYFPRTGZZT,minimart/enteramount/selectwithdrawalmethod/description,2,MONEY:1310,Pick from where you'd like to withdraw
SAME_SECTION_SAME_PAIR_DIFF_SCREEN_OR_CONTEXT,P1279,cp_01M3NX22P9ERT9VG2QTQQ2A1NY,home/request/card-requestwithqr/title,2,MONEY:1390,Request via QR
SAME_SECTION_SAME_PAIR_DIFF_SCREEN_OR_CONTEXT,P1279,cp_01M3NX22PDF3PASJ59G1K6WZ2H,request-on-gopay-app/tooltip-on-upload-icon/main/text-request-via-qr,2,MONEY:1409,Request via QR
SAME_SECTION_SAME_PAIR_DIFF_SCREEN_OR_CONTEXT,P1280,cp_01M3NX22PAEW79NF4Q9GFCX568,home/request/card-requestwithqr-sharecode/cta,2,MONEY:1394,Share code
SAME_SECTION_SAME_PAIR_DIFF_SCREEN_OR_CONTEXT,P1280,cp_01M3NX22PDFJCRS0HZ6GS6DYGP,request-on-gopay-app/tooltip-on-upload-icon/main/cta,2,MONEY:1411,Share code
SAME_SECTION_SAME_PAIR_DIFF_SCREEN_OR_CONTEXT,P1281,cp_01M3NX22PWEQSSXCZG2K5CRJMV,making-a-request-lender-pov/ensure-number/order-list/text,2,MONEY:1477,Request to {name}
SAME_SECTION_SAME_PAIR_DIFF_SCREEN_OR_CONTEXT,P1281,cp_01M3NX22PZEVD959GNFXZFTVY3,making-a-request-lender-pov/ensure-number/order-details-if-request/text,2,MONEY:1489,Request to {name}
SAME_SECTION_SAME_PAIR_DIFF_SCREEN_OR_CONTEXT,P1282,cp_01M3NX22PXEP38N840ZH81T3SX,making-a-request-lender-pov/ensure-number/order-list-status-if-accepted/text,2,MONEY:1481,Received from {name}
SAME_SECTION_SAME_PAIR_DIFF_SCREEN_OR_CONTEXT,P1282,cp_01M3NX22PZFJSSFK6M0BA07MMF,making-a-request-lender-pov/ensure-number/order-details-if-paid-more-less/text,2,MONEY:1486,Received from {name}
SAME_SECTION_SAME_PAIR_DIFF_SCREEN_OR_CONTEXT,P1283,cp_01M3NX22Q6F3JVVRDAVBNYW9EV,error-states-and-confirmation/shared/main/text-got,3,MONEY:1529,Got it
SAME_SECTION_SAME_PAIR_DIFF_SCREEN_OR_CONTEXT,P1283,cp_01M3NX22Q9FN6S1SPR4YX7WZ3H,error-states-and-confirmation/shared/main/text-got-3,3,MONEY:1541,Got it
SAME_SECTION_SAME_PAIR_DIFF_SCREEN_OR_CONTEXT,P1283,cp_01M3NX22QAFBAVHVSQNFSNXQSE,error-states-and-confirmation/cant-transfer-via-qr/main/cta,3,MONEY:1545,Got it
SAME_SECTION_SAME_PAIR_DIFF_SCREEN_OR_CONTEXT,P1284,cp_01M3NX22QAEH4RF120P97QPQ9P,borrowers-pov/on-genie/main/text,2,MONEY:1548,Request from {name}
SAME_SECTION_SAME_PAIR_DIFF_SCREEN_OR_CONTEXT,P1284,cp_01M3NX22QBEEB9ZW8QVANV7HCW,borrowers-pov/request-details/main/text-request-name,2,MONEY:1554,Request from {name}
SAME_SECTION_SAME_PAIR_DIFF_SCREEN_OR_CONTEXT,P1285,cp_01M3NX22QDE6DVFSC1NCA5G5J0,tocontact/borrower/orderdetails-reject/cta,2,MONEY:1559,Reject
SAME_SECTION_SAME_PAIR_DIFF_SCREEN_OR_CONTEXT,P1285,cp_01M3NX22QFF6PTXF6594QJMBT9,tocontact/borrower/rejectionscreen-reject/cta,2,MONEY:1569,Reject
SAME_SECTION_SAME_PAIR_DIFF_SCREEN_OR_CONTEXT,P1286,cp_01M3NX22RAFM1956P1VX6GRQ8E,saving-tabungan-user/tutorial-for-tabungan/if-its-bank-to-bank-transfer/text,2,MONEY:1674,How to top up Tabungan by Jago
SAME_SECTION_SAME_PAIR_DIFF_SCREEN_OR_CONTEXT,P1286,cp_01M3NX22RDF94BKWST429HNNSA,saving-tabungan-user/tutorial-for-tabungan/if-its-bank-to-bank-transfer/text-how-top-up-tabungan,2,MONEY:1684,How to top up Tabungan by Jago
SAME_SECTION_SAME_PAIR_DIFF_SCREEN_OR_CONTEXT,P1287,cp_01M3NX22RNFFBV6MQ46ZTJGNGV,free-tabungan-top-up-campaign/on-wallet-card-gopay-home/bca-oneklik/text,2,MONEY:1719,FREE admin fee 2x/month
SAME_SECTION_SAME_PAIR_DIFF_SCREEN_OR_CONTEXT,P1287,cp_01M3NX22RPEFKT1F82NAAXKGVE,free-tabungan-top-up-campaign/on-wallet-card-gopay-home/bri-direct-debit/text,2,MONEY:1721,FREE admin fee 2x/month
SAME_SECTION_SAME_PAIR_DIFF_SCREEN_OR_CONTEXT,P1288,cp_01M3NX22SJE048QX0J9CXNV1D7,top-up/main/admin-fee/text,2,MONEY:1854,Admin fee Rp{amount}
SAME_SECTION_SAME_PAIR_DIFF_SCREEN_OR_CONTEXT,P1288,cp_01M3NX22SRE3R9MQGCD6FYCF34,top-up/main/main/description-3,2,MONEY:1884,Admin fee Rp{amount}
SAME_SECTION_SAME_PAIR_DIFF_SCREEN_OR_CONTEXT,P1289,cp_01M3NX22TJE87A65A3Y5VGRQ8M,simpanan-onboarding/onboarded-users-dont-have/streak-card-more-streaks/title,2,MONEY:2008,Make your progress count & keep going
SAME_SECTION_SAME_PAIR_DIFF_SCREEN_OR_CONTEXT,P1289,cp_01M3NX22TMEWQ83EXS86PXSAT9,simpanan-onboarding/onboarded-users-dont-have/streak-card-missed-streaks-for/text,2,MONEY:2012,Make your progress count & keep going
SAME_SECTION_SAME_PAIR_DIFF_SCREEN_OR_CONTEXT,P1290,cp_01M3NX22TKE46VBSDBVS2QGFYG,simpanan-onboarding/onboarded-users-dont-have/streak-card-missed-a-streak/text,2,MONEY:2011,Fire up your engine and start again
SAME_SECTION_SAME_PAIR_DIFF_SCREEN_OR_CONTEXT,P1290,cp_01M3NX22TMFGXTMNEVKZT9BTBB,simpanan-onboarding/onboarded-users-dont-have/missed-3-streaks-in-a-row/text,2,MONEY:2013,Fire up your engine and start again
SAME_SECTION_SAME_PAIR_DIFF_SCREEN_OR_CONTEXT,P1291,cp_01M3NX22TWFKRR7X1AGV77WB8G,home/failedtoload/header/description,2,MONEY:2048,Tap to refresh
SAME_SECTION_SAME_PAIR_DIFF_SCREEN_OR_CONTEXT,P1291,cp_01M3NX22TXEQ8S3ZQMAC6CEN5M,home/failedtoload/pocket-refresh/cta,2,MONEY:2050,Tap to refresh
SAME_SECTION_SAME_PAIR_DIFF_SCREEN_OR_CONTEXT,P1292,cp_01M3NX22VMEXXSWT0H6F6JP2NP,auto-debit/entry-point-on-simpanan-home/main/text,2,MONEY:2150,Auto save
SAME_SECTION_SAME_PAIR_DIFF_SCREEN_OR_CONTEXT,P1292,cp_01M3NX22W6FTTTSMVAMWERRTBG,auto-debit/details/main/text,2,MONEY:2226,Auto save
SAME_SECTION_SAME_PAIR_DIFF_SCREEN_OR_CONTEXT,P1293,cp_01M3NX22W4EZXBGWV2AJS0KFBE,auto-debit/state-started/main/text,2,MONEY:2218,Next schedule: tomorrow
SAME_SECTION_SAME_PAIR_DIFF_SCREEN_OR_CONTEXT,P1293,cp_01M3NX22W6FVC93CN37CNKJJZD,auto-debit/details/main/text-next-schedule,2,MONEY:2229,Next schedule: tomorrow
SAME_SECTION_SAME_PAIR_DIFF_SCREEN_OR_CONTEXT,P1294,cp_01M3NX22W4E90STN3Q3GN65V89,auto-debit/state-started/main/text-next-schedule-date,2,MONEY:2219,Next schedule: {date}
SAME_SECTION_SAME_PAIR_DIFF_SCREEN_OR_CONTEXT,P1294,cp_01M3NX22W7ESNVRHH4HBKFD2F7,auto-debit/details/main/text-next-schedule-date,2,MONEY:2230,Next schedule: {date}
SAME_SECTION_SAME_PAIR_DIFF_SCREEN_OR_CONTEXT,P1295,cp_01M3NX22XCF8DSPC3HEGADQJAH,sender/select-recipient/main/text,2,MONEY:2427,Angpao
SAME_SECTION_SAME_PAIR_DIFF_SCREEN_OR_CONTEXT,P1295,cp_01M3NX22XMEMH837S7CFF05495,sender/envelope-details/main/text,2,MONEY:2463,Angpao
SAME_SECTION_SAME_PAIR_DIFF_SCREEN_OR_CONTEXT,P1296,cp_01M3NX22XGF29SYM4EN1Y5D28H,sender/envelope-preview/main/text-date-time,2,MONEY:2445,<date & time>
SAME_SECTION_SAME_PAIR_DIFF_SCREEN_OR_CONTEXT,P1296,cp_01M3NX22XNE18V0PTQW44XTC89,sender/envelope-details/main/text-date-time,2,MONEY:2465,<date & time>
SAME_SECTION_SAME_PAIR_DIFF_SCREEN_OR_CONTEXT,P1297,cp_01M3NX22XWFPJBJVYHQ3K2PZ02,receiver-gopay-user/envelope-opened/main/text-gong-xi-fa-cai,2,MONEY:2490,Gong Xi Fa Cai
SAME_SECTION_SAME_PAIR_DIFF_SCREEN_OR_CONTEXT,P1297,cp_01M3NX22XYFYRSQP1ZDE19F1PS,receiver-gopay-user/push-notif/main/text-gong-xi-fa-cai,2,MONEY:2501,Gong Xi Fa Cai
SAME_SECTION_SAME_PAIR_DIFF_SCREEN_OR_CONTEXT,P1298,cp_01M3NX22XWE7MA31BC4MK39S3F,receiver-gopay-user/push-notif/main/text-ve-collected-angpao,2,MONEY:2492,You've collected the angpao 🧧
SAME_SECTION_SAME_PAIR_DIFF_SCREEN_OR_CONTEXT,P1298,cp_01M3NX231CFKBB4WK2B9VZTMKC,receiver-gopay-user/push-notif-opened/main/text-ve-collected-angpao,2,MONEY:3000,You've collected the angpao 🧧
SAME_SECTION_SAME_PAIR_DIFF_SCREEN_OR_CONTEXT,P1299,cp_01M3NX22Y6E4SAGCT4FPX12E1S,post-transaction/shared/order-details-on-time-guarantee/description,2,MONEY:2545,On-time guarantee fee
SAME_SECTION_SAME_PAIR_DIFF_SCREEN_OR_CONTEXT,P1299,cp_01M3NX22Y8EG5RB3E8QMZQZ82C,post-transaction/shared/fee-order-details/text,2,MONEY:2556,On-time guarantee fee
SAME_SECTION_SAME_PAIR_DIFF_SCREEN_OR_CONTEXT,P1300,cp_01M3NX22Y8F3F8ZPXHPWVHDJQB,post-transaction/shared/compensation-trx-history/text,2,MONEY:2552,On-time guarantee compensation
SAME_SECTION_SAME_PAIR_DIFF_SCREEN_OR_CONTEXT,P1300,cp_01M3NX22Y8ET082NV2EDMF6N62,post-transaction/shared/compensation-order-details/text,2,MONEY:2555,On-time guarantee compensation
SAME_SECTION_SAME_PAIR_DIFF_SCREEN_OR_CONTEXT,P1301,cp_01M3NX22YPFB69Y9W4E3J9TSVQ,whatsapp-notif/moved-to-waba-marketing/main/push-title,2,MONEY:2623,"Hey, {name} just transferred Rp50.000 to your BCA **1234 account."
SAME_SECTION_SAME_PAIR_DIFF_SCREEN_OR_CONTEXT,P1301,cp_01M3NX22YPFTAAAW52G35QCNWZ,whatsapp-notif/whatsapp-pn-not-registered-on/be/push-title,2,MONEY:2625,"Hey, {name} just transferred Rp50.000 to your BCA **1234 account."
SAME_SECTION_SAME_PAIR_DIFF_SCREEN_OR_CONTEXT,P1302,cp_01M3NX22YRF0XTYKXQVXKJDCB8,whatsapp-notif-experiment/shared/free-transfer/push-title,4,MONEY:2632,"Hey, {name} just transferred Rp50.000 to your BCA **1234 account using GoPay app."
SAME_SECTION_SAME_PAIR_DIFF_SCREEN_OR_CONTEXT,P1302,cp_01M3NX22YSEC8V6SKP7JWAJSB4,whatsapp-notif-experiment/shared/3-various-usps/push-title,4,MONEY:2634,"Hey, {name} just transferred Rp50.000 to your BCA **1234 account using GoPay app."
SAME_SECTION_SAME_PAIR_DIFF_SCREEN_OR_CONTEXT,P1302,cp_01M3NX22YSF6DVX6225DWRY1FV,whatsapp-notif-experiment/shared/generic/push-title,4,MONEY:2636,"Hey, {name} just transferred Rp50.000 to your BCA **1234 account using GoPay app."
SAME_SECTION_SAME_PAIR_DIFF_SCREEN_OR_CONTEXT,P1302,cp_01M3NX22YTE1TVNRNJTC8P4F2A,whatsapp-notif-experiment/shared/seasonal-promotion/push-title,4,MONEY:2638,"Hey, {name} just transferred Rp50.000 to your BCA **1234 account using GoPay app."
SAME_SECTION_SAME_PAIR_DIFF_SCREEN_OR_CONTEXT,P1303,cp_01M3NX22Z8FQVS4A7HZ0G45ADM,envelope/chooserecipient/main/title,2,MONEY:2712,Send THR
SAME_SECTION_SAME_PAIR_DIFF_SCREEN_OR_CONTEXT,P1303,cp_01M3NX22ZAFB9T7DW92RQXD70S,envelope/enteramount/main/title,2,MONEY:2720,Send THR
SAME_SECTION_SAME_PAIR_DIFF_SCREEN_OR_CONTEXT,P1304,cp_01M3NX22ZEFX4B9C4HZJ2CC7AF,gopay-transfer-ramadan-envelope/envelope-preview/main/text-date-time,2,MONEY:2736,<date & time>
SAME_SECTION_SAME_PAIR_DIFF_SCREEN_OR_CONTEXT,P1304,cp_01M3NX22ZNE6B9YACQRYS31KX4,gopay-transfer-ramadan-envelope/envelope-details/main/text-date-time,2,MONEY:2766,<date & time>
SAME_SECTION_SAME_PAIR_DIFF_SCREEN_OR_CONTEXT,P1305,cp_01M3NX22ZGF6RBHQR9DQX0A5FV,envelope/success/envelopepreview/description,2,MONEY:2741,Invite them to download the app and open the THR gift!
SAME_SECTION_SAME_PAIR_DIFF_SCREEN_OR_CONTEXT,P1305,cp_01M3NX22ZTE4F83N2EEHCNKGXE,gopay-transfer-ramadan-envelope/receiver-not-on-gopay/main/text-invite-them-download,2,MONEY:2785,Invite them to download the app and open the THR gift!
SAME_SECTION_SAME_PAIR_DIFF_SCREEN_OR_CONTEXT,P1306,cp_01M3NX22ZGE8DVCR54MQ7YA5FD,envelope/success/envelopepreview/cta,2,MONEY:2742;MONEY:2972,Invite them
SAME_SECTION_SAME_PAIR_DIFF_SCREEN_OR_CONTEXT,P1306,cp_01M3NX22ZVERWVNNYDXJNTG08W,gopay-transfer-ramadan-envelope/receiver-not-on-gopay/main/cta,2,MONEY:2786,Invite them
SAME_SECTION_SAME_PAIR_DIFF_SCREEN_OR_CONTEXT,P1307,cp_01M3NX22ZKF4MR35E9W916NNRT,envelope/home/sent-received-expirydate/label-2,2,MONEY:2760,Expired on
SAME_SECTION_SAME_PAIR_DIFF_SCREEN_OR_CONTEXT,P1307,cp_01M3NX22ZQEPFRR5PQJG2G62P3,envelope/sentreceipt/expirydate-alreadyexpired/description,2,MONEY:2773,Expired on
SAME_SECTION_SAME_PAIR_DIFF_SCREEN_OR_CONTEXT,P1308,cp_01M3NX22ZXERWBZK0HAAW2B48N,receiver-gopay-user/envelope-home/main/text-received-2,2,MONEY:2796,Received from
SAME_SECTION_SAME_PAIR_DIFF_SCREEN_OR_CONTEXT,P1308,cp_01M3NX2300FJXT6PD8XBPMY533,envelope/unopened/receivedfrom/title,2,MONEY:2807,Received from
SAME_SECTION_SAME_PAIR_DIFF_SCREEN_OR_CONTEXT,P1309,cp_01M3NX2309EMDS5Y50GGMH1VFX,error-case/receiver-is-about-to-open-but/main/text,2,MONEY:2847,Hope you’ll get more next time around! 🙏
SAME_SECTION_SAME_PAIR_DIFF_SCREEN_OR_CONTEXT,P1309,cp_01M3NX230AEE99869KM9ZA6F22,error-case/the-might-not-valid-anymore/main/text,2,MONEY:2850,Hope you’ll get more next time around! 🙏
SAME_SECTION_SAME_PAIR_DIFF_SCREEN_OR_CONTEXT,P1310,cp_01M3NX230QETTA5EZKEH6N52HM,envelope/receiver/openenvelope-error-dialog/cta,2,MONEY:2908,Upgrade limit
SAME_SECTION_SAME_PAIR_DIFF_SCREEN_OR_CONTEXT,P1310,cp_01M3NX230SE8BTF5GTZ67VW0J1,error-cases/dialogue-card/main/cta,2,MONEY:2913,Upgrade limit
SAME_SECTION_SAME_PAIR_DIFF_SCREEN_OR_CONTEXT,P1311,cp_01M3NX230VFRGTSWCBBEZ3HFJS,envelope/generic/chooserecipient/title,2,MONEY:2926,Send gift
SAME_SECTION_SAME_PAIR_DIFF_SCREEN_OR_CONTEXT,P1311,cp_01M3NX230YFX598JE6YHTFVH6N,envelope/generic/enteramount/title,2,MONEY:2939,Send gift
SAME_SECTION_SAME_PAIR_DIFF_SCREEN_OR_CONTEXT,P1312,cp_01M3NX2315FKMT2T92QR49FGC8,envelope/generic/success-envelopepreview/description,2,MONEY:2971,Invite them to download the app and open the gift!
SAME_SECTION_SAME_PAIR_DIFF_SCREEN_OR_CONTEXT,P1312,cp_01M3NX2318FKR90M70ETY6CCJQ,happy-flow/sent-envelope-details/main/text,2,MONEY:2982,Invite them to download the app and open the gift!
SAME_SECTION_SAME_PAIR_DIFF_SCREEN_OR_CONTEXT,P1313,cp_01M3NX231YFAJ9KMQPRY0N9B0Z,envelope/nonassigned/createenvelope-amountallocation/subtitle,2,MONEY:3083,Set amount allocation
SAME_SECTION_SAME_PAIR_DIFF_SCREEN_OR_CONTEXT,P1313,cp_01M3NX2321FYBSEXR9TYGEXW0W,share-via/amount-allocation-details/main/text,2,MONEY:3097,Set amount allocation
SAME_SECTION_SAME_PAIR_DIFF_SCREEN_OR_CONTEXT,P1314,cp_01M3NX231YFB0SRA2R3QQFN5AK,share-via/shared/main/text-equal,2,MONEY:3085,Equal
SAME_SECTION_SAME_PAIR_DIFF_SCREEN_OR_CONTEXT,P1314,cp_01M3NX2322FV6VCG20MSW5190M,share-via/amount-allocation-details/main/text-equal,2,MONEY:3099,Equal
SAME_SECTION_SAME_PAIR_DIFF_SCREEN_OR_CONTEXT,P1315,cp_01M3NX231ZFZZTSRQ5CWMQ92X3,share-via/shared/main/text-random,2,MONEY:3086,Random
SAME_SECTION_SAME_PAIR_DIFF_SCREEN_OR_CONTEXT,P1315,cp_01M3NX2322F33S6DAE7J3KV9WE,share-via/amount-allocation-details/main/text-random,2,MONEY:3101,Random
SAME_SECTION_SAME_PAIR_DIFF_SCREEN_OR_CONTEXT,P1316,cp_01M3NX2328E6TA50QC8619ZPBJ,envelope/nonassigned/success-details-status/text,2,MONEY:3124,0/1 has claimed
SAME_SECTION_SAME_PAIR_DIFF_SCREEN_OR_CONTEXT,P1316,cp_01M3NX232HFMZR8E2KQ36020DR,envelope/home/sent-sentto-numberofclaimed/text,2,MONEY:3161,0/1 has claimed
SAME_SECTION_SAME_PAIR_DIFF_SCREEN_OR_CONTEXT,P1317,cp_01M3NX232HFSY8CZYMB52VTF27,share-via/transaction-history-order-list/envelope-unclaimed/title,2,MONEY:3165,Gift for anyone
SAME_SECTION_SAME_PAIR_DIFF_SCREEN_OR_CONTEXT,P1317,cp_01M3NX232MES79W708FNPENCB7,share-via/transaction-history-order/envelope-unclaimed/title,2,MONEY:3173,Gift for anyone
SAME_SECTION_SAME_PAIR_DIFF_SCREEN_OR_CONTEXT,P1318,cp_01M3NX232HF8XRWPPQ3VP1FCSV,share-via/transaction-history-order-list/envelope-claimed/title,2,MONEY:3166,Gift for <receiver-name>
SAME_SECTION_SAME_PAIR_DIFF_SCREEN_OR_CONTEXT,P1318,cp_01M3NX232MEX2RMD4GBBQ7R5DP,share-via/transaction-history-order/envelope-claimed/title,2,MONEY:3174,Gift for <receiver-name>
SAME_SECTION_SAME_PAIR_DIFF_SCREEN_OR_CONTEXT,P1319,cp_01M3NX232NEQ1BT2G8GHE253C2,share-via/transaction-history-order/main/cta,2,MONEY:3175,You sent a gift
SAME_SECTION_SAME_PAIR_DIFF_SCREEN_OR_CONTEXT,P1319,cp_01M3NX232PFX88K2H58S2M21EZ,share-via/transaction-history-order/main/text-sent-gift,2,MONEY:3183,You sent a gift
SAME_SECTION_SAME_PAIR_DIFF_SCREEN_OR_CONTEXT,P1320,cp_01M3NX232NE3E907XAZZ6YJZP6,share-via/transaction-history-order-list/main/text,2,MONEY:3179,Gift for X people
SAME_SECTION_SAME_PAIR_DIFF_SCREEN_OR_CONTEXT,P1320,cp_01M3NX232PFW28RQ6QPE5B06C0,share-via/transaction-history-order/main/text-gift-x-people,2,MONEY:3182,Gift for X people
SAME_SECTION_SAME_PAIR_DIFF_SCREEN_OR_CONTEXT,P1321,cp_01M3NX232SE8MRN4FN3GWKT0Q9,share-to-assigned-receiver/transaction-history-order-list/main/title,2,MONEY:3196,Transfer to {name}
SAME_SECTION_SAME_PAIR_DIFF_SCREEN_OR_CONTEXT,P1321,cp_01M3NX232SE3NTARC6YND5GZ31,share-to-assigned-receiver/transaction-history-order/main/text,2,MONEY:3199,Transfer to {name}
SAME_SECTION_SAME_PAIR_DIFF_SCREEN_OR_CONTEXT,P1322,cp_01M3NX232TE3ZSNA15AN41JGA2,share-to-assigned-receiver/transaction-history-order/main/text-sent-gift,2,MONEY:3200,You sent a gift
SAME_SECTION_SAME_PAIR_DIFF_SCREEN_OR_CONTEXT,P1322,cp_01M3NX232WEPW9N77PCFCHXN2N,share-to-assigned-receiver/transaction-history-order/main/text-sent-gift-2,2,MONEY:3208,You sent a gift
SAME_SECTION_SAME_PAIR_DIFF_SCREEN_OR_CONTEXT,P1323,cp_01M3NX232VE4FAM1KW717KF2RN,share-to-assigned-receiver/transaction-history-order-list/main/text,2,MONEY:3204,Transfer to X people
SAME_SECTION_SAME_PAIR_DIFF_SCREEN_OR_CONTEXT,P1323,cp_01M3NX232VEESAQFDN80RH9AZZ,share-to-assigned-receiver/transaction-history-order/main/text-transfer-x-people,2,MONEY:3207,Transfer to X people
SAME_SECTION_SAME_PAIR_DIFF_SCREEN_OR_CONTEXT,P1324,cp_01M3NX233QEXT84J8MABQRXXCM,envelope/assigned/success-details-status-receiver/text-person-yet-gopay,2,MONEY:3312,This person is not yet on GoPay
SAME_SECTION_SAME_PAIR_DIFF_SCREEN_OR_CONTEXT,P1324,cp_01M3NX233RFHFAAFYSK17NFD81,assigned-recipient/order-details/main/text-person-yet-gopay,2,MONEY:3316,This person is not yet on GoPay
SAME_SECTION_SAME_PAIR_DIFF_SCREEN_OR_CONTEXT,P1325,cp_01M3NX233VETKA7MMV31J5BTRA,error-states/shared/main/text-got-2,3,MONEY:3333,Got it
SAME_SECTION_SAME_PAIR_DIFF_SCREEN_OR_CONTEXT,P1325,cp_01M3NX233WF9DTKCXN4CWY9XS8,error-states/daily-limit/main/cta,3,MONEY:3337,Got it
SAME_SECTION_SAME_PAIR_DIFF_SCREEN_OR_CONTEXT,P1325,cp_01M3NX233YFXPT3HEBR6JWDVB5,error-states/risk-fraud/main/cta-2,3,MONEY:3342,Got it
SAME_SECTION_SAME_PAIR_DIFF_SCREEN_OR_CONTEXT,P1326,cp_01M3NX234KFW3AJQ35SAZKB0BV,envelope-ramadan-with-voice-note/shared/push-notif/text,2,MONEY:3444,Claim your THR before it expires!☪️
SAME_SECTION_SAME_PAIR_DIFF_SCREEN_OR_CONTEXT,P1326,cp_01M3NX234METT9J1VMAW9GP43Z,envelope-ramadan-with-voice-note/shared/push-notif-with-vn/text,2,MONEY:3447,Claim your THR before it expires!☪️
SAME_SECTION_SAME_PAIR_DIFF_SCREEN_OR_CONTEXT,P1327,cp_01M3NX234ZFM0TXBMVZNHEKCXF,gopay-and-tabungan/shared/top-up-tabungan/cta,2,MONEY:3502,Top up Deposit
SAME_SECTION_SAME_PAIR_DIFF_SCREEN_OR_CONTEXT,P1327,cp_01M3NX23EVE9GV0KWKZFFNWH8M,gopay-and-tabungan/gopay-saldo/top-up-tabungan/cta,2,MONEY:5072,Top up Deposit
SAME_SECTION_SAME_PAIR_DIFF_SCREEN_OR_CONTEXT,P1328,cp_01M3NX2350EABARG12Y1XJC3V6,gopay-and-tabungan/shared/expense-report/text,2,MONEY:3506,Rp500.000 spent in March
SAME_SECTION_SAME_PAIR_DIFF_SCREEN_OR_CONTEXT,P1328,cp_01M3NX23EWFP2BJE1GEHWPYR2C,gopay-and-tabungan/gopay-saldo/expense-report/text,2,MONEY:5077,Rp500.000 spent in March
SAME_SECTION_SAME_PAIR_DIFF_SCREEN_OR_CONTEXT,P1329,cp_01M3NX2351E9AS68RH4S06GHHQ,gopay-and-tabungan/shared/expense-report-empty-state-and/text,2,MONEY:3507,Track your expense report here
SAME_SECTION_SAME_PAIR_DIFF_SCREEN_OR_CONTEXT,P1329,cp_01M3NX23EXFRSB3ZRMVQC3H0AW,gopay-and-tabungan/gopay-saldo/expense-report-empty-state-and/text,2,MONEY:5078,Track your expense report here
SAME_SECTION_SAME_PAIR_DIFF_SCREEN_OR_CONTEXT,P1330,cp_01M3NX2351EG3VAF2NWAFWT2CH,gopay-and-tabungan/shared/cant-show-balance-whole-sdui-is/error,2,MONEY:3509,Can't show balance
SAME_SECTION_SAME_PAIR_DIFF_SCREEN_OR_CONTEXT,P1330,cp_01M3NX23EYE4D9WWD6VH3YJC68,gopay-and-tabungan/gopay-saldo/cant-show-balance-whole-sdui-is/error,2,MONEY:5081,Can't show balance
SAME_SECTION_SAME_PAIR_DIFF_SCREEN_OR_CONTEXT,P1331,cp_01M3NX2352FME8Q21G2NAAJTFE,gopay-and-tabungan/shared/wallet-organism-data-failed/error,2,MONEY:3510,Refresh to load
SAME_SECTION_SAME_PAIR_DIFF_SCREEN_OR_CONTEXT,P1331,cp_01M3NX23EYE4E8Z46NT7JXZVX7,gopay-and-tabungan/gopay-saldo/wallet-organism-data-failed/error,2,MONEY:5082,Refresh to load
SAME_SECTION_SAME_PAIR_DIFF_SCREEN_OR_CONTEXT,P1332,cp_01M3NX235BF04VTXB565XFF3HN,gopay-and-tabungan/childs-wallet/blocker-pop-up-shown-when-users/cta,2,MONEY:3550,Withdraw temporarily unavailable
SAME_SECTION_SAME_PAIR_DIFF_SCREEN_OR_CONTEXT,P1332,cp_01M3NX23F4EABBP0DASXAMMDZZ,gopay-and-tabungan/insurance/blocker-pop-up-shown-when-users/cta,2,MONEY:5106,Withdraw temporarily unavailable
SAME_SECTION_SAME_PAIR_DIFF_SCREEN_OR_CONTEXT,P1333,cp_01M3NX235CEVW8MGD4JDP0P6MJ,gopay-and-tabungan/childs-wallet/main/text,2,MONEY:3551,You still have an outstanding bill. Please settle this bill before proceeding with your withdrawal.
SAME_SECTION_SAME_PAIR_DIFF_SCREEN_OR_CONTEXT,P1333,cp_01M3NX23F4FZGSQ6YNEDA43N59,gopay-and-tabungan/insurance/main/text,2,MONEY:5107,You still have an outstanding bill. Please settle this bill before proceeding with your withdrawal.
SAME_SECTION_SAME_PAIR_DIFF_SCREEN_OR_CONTEXT,P1334,cp_01M3NX236AERGR9V9RSFNGX57V,topspender/home/maintitle/title,2,MONEY:3701,Panjat Cuan
SAME_SECTION_SAME_PAIR_DIFF_SCREEN_OR_CONTEXT,P1334,cp_01M3NX236BEMFSW53A28TZPP8X,top-spender/top-spender-home/main/text,2,MONEY:3704,Panjat Cuan
SAME_SECTION_SAME_PAIR_DIFF_SCREEN_OR_CONTEXT,P1335,cp_01M3NX236NE8J9130G8CV7REPS,top-spender/bottom-card-joining/main/text,2,MONEY:3747,Your rank #X
SAME_SECTION_SAME_PAIR_DIFF_SCREEN_OR_CONTEXT,P1335,cp_01M3NX236SFS8BYVZ10YBKVZE3,topspender/home/leaderboard-bottomcard/title,2,MONEY:3761,Your rank #X
SAME_SECTION_SAME_PAIR_DIFF_SCREEN_OR_CONTEXT,P1336,cp_01M3NX236QFXSRQ32KY4BF9N51,top-spender/bottom-card-ended-and-unranked/non-gps-users/text,2,MONEY:3755,Panjat Cuan has ended
SAME_SECTION_SAME_PAIR_DIFF_SCREEN_OR_CONTEXT,P1336,cp_01M3NX236RF8WTJK741PS3Y6RD,top-spender/bottom-card-ended-and-unranked/gps-users/text,2,MONEY:3758,Panjat Cuan has ended
SAME_SECTION_SAME_PAIR_DIFF_SCREEN_OR_CONTEXT,P1337,cp_01M3NX237WEWVAYE2P4QGSCCSX,user-journey/money/main/text,2,MONEY:3918,Tabungan Usaha
SAME_SECTION_SAME_PAIR_DIFF_SCREEN_OR_CONTEXT,P1337,cp_01M3NX2383FNVB1CM0XC5SMTHA,tabunganusaha/home/pocketname/title,2,MONEY:3954,Tabungan Usaha
SAME_SECTION_SAME_PAIR_DIFF_SCREEN_OR_CONTEXT,P1338,cp_01M3NX2385EF4BP9VK3NZMGYE0,user-journey/homepage/main/text-invoice,2,MONEY:3962,Invoice
SAME_SECTION_SAME_PAIR_DIFF_SCREEN_OR_CONTEXT,P1338,cp_01M3NX238MFKRT42QATZS6VSWM,user-journey/invoice-management/main/text,2,MONEY:4012,Invoice
SAME_SECTION_SAME_PAIR_DIFF_SCREEN_OR_CONTEXT,P1339,cp_01M3NX2386EB184V1AZHW2Y3GA,user-journey/homepage/main/text-create-new-invoice,2,MONEY:3965,Create new invoice
SAME_SECTION_SAME_PAIR_DIFF_SCREEN_OR_CONTEXT,P1339,cp_01M3NX238RETQR3EW32BBQNC3G,user-journey/invoice-management/main/cta-2,2,MONEY:4025,Create new invoice
SAME_SECTION_SAME_PAIR_DIFF_SCREEN_OR_CONTEXT,P1340,cp_01M3NX2387EBNTWK8VWVVE1TNT,user-journey/homepage/main/text-last-30-days,2,MONEY:3968,Last 30 days
SAME_SECTION_SAME_PAIR_DIFF_SCREEN_OR_CONTEXT,P1340,cp_01M3NX2390ECHBWYVSQCAP4SXR,user-journey/financial-report-section-date/main/text-last-30-days,2,MONEY:4055,Last 30 days
SAME_SECTION_SAME_PAIR_DIFF_SCREEN_OR_CONTEXT,P1341,cp_01M3NX239YFXEBQC58CPHK0JXV,specific-occasions/push-notif-opened/gratitude-thank-you/text,2,MONEY:4208,You've opened the gift 🎁
SAME_SECTION_SAME_PAIR_DIFF_SCREEN_OR_CONTEXT,P1341,cp_01M3NX239YECWS809XHXH378GM,specific-occasions/push-notif-opened/transport/text,2,MONEY:4214,You've opened the gift 🎁
SAME_SECTION_SAME_PAIR_DIFF_SCREEN_OR_CONTEXT,P1342,cp_01M3NX23A1E0X9MS8VSNJPT5SY,top-up-details/shared/receipt-transaksi-checkout/label,2,MONEY:4238,{app_name} e.g. MyTelkomsel
SAME_SECTION_SAME_PAIR_DIFF_SCREEN_OR_CONTEXT,P1342,cp_01M3NX23A2F2Q9QDRRND6502AH,top-up-details/shared/receipt-topup-refund/label,2,MONEY:4246,{app_name} e.g. MyTelkomsel
SAME_SECTION_SAME_PAIR_DIFF_SCREEN_OR_CONTEXT,P1343,cp_01M3NX23AKFYFTYVD3BPQ7Q5S5,term-deposit/shared/main/text-open-deposito,3,MONEY:4390,Open Deposito
SAME_SECTION_SAME_PAIR_DIFF_SCREEN_OR_CONTEXT,P1343,cp_01M3NX23B2E83R0H7E6V6CNH5T,term-deposit/shared/main/text-open-deposito-2,3,MONEY:4462,Open Deposito
SAME_SECTION_SAME_PAIR_DIFF_SCREEN_OR_CONTEXT,P1343,cp_01M3NX23C4ECYSWKTTQH40XCB9,term-deposit/cross-sell/main/cta,3,MONEY:4617,Open Deposito
SAME_SECTION_SAME_PAIR_DIFF_SCREEN_OR_CONTEXT,P1344,cp_01M3NX23ANF679Q9M0K6B4M2TS,term-deposit/shared/creation/text,3,MONEY:4397,Estimated final balance (net)
SAME_SECTION_SAME_PAIR_DIFF_SCREEN_OR_CONTEXT,P1344,cp_01M3NX23AZE77ARK8ZPPK10WNJ,term-deposit/shared/main/text-estimated-final,3,MONEY:4445;MONEY:4471,Estimated final balance (net)
SAME_SECTION_SAME_PAIR_DIFF_SCREEN_OR_CONTEXT,P1344,cp_01M3NX23B7EEH8JRCK7781BBBQ,term-deposit/shared/deposit-home/text,3,MONEY:4487,Estimated final balance (net)
SAME_SECTION_SAME_PAIR_DIFF_SCREEN_OR_CONTEXT,P1345,cp_01M3NX23B3E3DB2ERV1KBSDYYS,term-deposit/shared/close-deposit/text,3,MONEY:4466,Close Deposito
SAME_SECTION_SAME_PAIR_DIFF_SCREEN_OR_CONTEXT,P1345,cp_01M3NX23B7FQHVBPVWSJ7VAC48,term-deposit/shared/main/cta,3,MONEY:4485,Close Deposito
SAME_SECTION_SAME_PAIR_DIFF_SCREEN_OR_CONTEXT,P1345,cp_01M3NX23BDFR1VAW8BT8RSBXKT,term-deposit/shared/main/text-close-deposito,3,MONEY:4513,Close Deposito
SAME_SECTION_SAME_PAIR_DIFF_SCREEN_OR_CONTEXT,P1346,cp_01M3NX23BTEAJBQJ16Y0Z8HK66,term-deposit/shared/push-notif-td-matured-renew/text,2,MONEY:4576,Deposito {unresolved} has been renewed
SAME_SECTION_SAME_PAIR_DIFF_SCREEN_OR_CONTEXT,P1346,cp_01M3NX23BTFAMBR45HY5NHYM9S,term-deposit/shared/push-notif-td-matured-renew/text-deposito-unresolved,2,MONEY:4579,Deposito {unresolved} has been renewed
SAME_SECTION_SAME_PAIR_DIFF_SCREEN_OR_CONTEXT,P1347,cp_01M3NX23CFEWXBAZNRQ2HAJ31A,panen-simpanan/on-panen-simpanan-detail/main/text-panen-simpanan,2,MONEY:4677,Panen Simpanan
SAME_SECTION_SAME_PAIR_DIFF_SCREEN_OR_CONTEXT,P1347,cp_01M3NX23CMEW1V9F3S9DQBH50G,panen-simpanan/leader-board/main/text,2,MONEY:4713,Panen Simpanan
SAME_SECTION_SAME_PAIR_DIFF_SCREEN_OR_CONTEXT,P1348,cp_01M3NX23CWEP88P4JHCNP1PZXT,goal-based-saving/shared/target-not-set/text,2,MONEY:4752,Set auto save
SAME_SECTION_SAME_PAIR_DIFF_SCREEN_OR_CONTEXT,P1348,cp_01M3NX23CWFX8SAK7B18CSKEW9,goal-based-saving/shared/target-already-set-but-auto-save/text,2,MONEY:4755,Set auto save
SAME_SECTION_SAME_PAIR_DIFF_SCREEN_OR_CONTEXT,P1349,cp_01M3NX23DBFBGV34TFB14NSZK9,general-error/dialog-card/main/text-got,3,MONEY:4854,Got it
SAME_SECTION_SAME_PAIR_DIFF_SCREEN_OR_CONTEXT,P1349,cp_01M3NX23DCFSCB45Y3WNS94JXS,general-error/dialog-card/main/text-got-2,3,MONEY:4858,Got it
SAME_SECTION_SAME_PAIR_DIFF_SCREEN_OR_CONTEXT,P1349,cp_01M3NX23DDF4DAREHQJPZC3DM2,general-error/hit-max-daily-trx-frequency/main/cta,3,MONEY:4863,Got it
SAME_SECTION_SAME_PAIR_DIFF_SCREEN_OR_CONTEXT,P1350,cp_01M3NX23DEEJ58611V9C4GAJJ4,receipt-with-tax-details/top-up/main/text,2,MONEY:4871,"Hi {username},"
SAME_SECTION_SAME_PAIR_DIFF_SCREEN_OR_CONTEXT,P1350,cp_01M3NX23DJER0A76KXHZKY7SMQ,receipt-with-tax-details/cash-out/main/text,2,MONEY:4897,"Hi {username},"
SAME_SECTION_SAME_PAIR_DIFF_SCREEN_OR_CONTEXT,P1351,cp_01M3NX23DEFS2AMJJGV8CZG5BB,receipt-with-tax-details/top-up/main/text-thanks-using-gopay,2,MONEY:4872,Thanks for using GoPay
SAME_SECTION_SAME_PAIR_DIFF_SCREEN_OR_CONTEXT,P1351,cp_01M3NX23DKE6D8Z3BC45D9T0KB,receipt-with-tax-details/cash-out/main/text-thanks-using-gopay,2,MONEY:4898,Thanks for using GoPay
SAME_SECTION_SAME_PAIR_DIFF_SCREEN_OR_CONTEXT,P1352,cp_01M3NX23DEFC7B58A6JPTY1YBB,receipt-with-tax-details/top-up/main/text-total-paid,2,MONEY:4873,Total paid
SAME_SECTION_SAME_PAIR_DIFF_SCREEN_OR_CONTEXT,P1352,cp_01M3NX23DKFB6B9KKDJN0HSD2C,receipt-with-tax-details/cash-out/main/text-total-paid,2,MONEY:4899,Total paid
SAME_SECTION_SAME_PAIR_DIFF_SCREEN_OR_CONTEXT,P1353,cp_01M3NX23DGF458FQE86XFPEV18,receipt-with-tax-details/top-up/main/text-admin-fee-include,2,MONEY:4876,Admin fee (include VAT)
SAME_SECTION_SAME_PAIR_DIFF_SCREEN_OR_CONTEXT,P1353,cp_01M3NX23DMESFBXPXJ4NKSB37W,receipt-with-tax-details/cash-out/main/text-admin-fee-include,2,MONEY:4902,Admin fee (include VAT)
SAME_SECTION_SAME_PAIR_DIFF_SCREEN_OR_CONTEXT,P1354,cp_01M3NX23DGFT0BH98VAP1EN365,receipt-with-tax-details/top-up/main/text-total-include-tax,2,MONEY:4877,Total (include tax)
SAME_SECTION_SAME_PAIR_DIFF_SCREEN_OR_CONTEXT,P1354,cp_01M3NX23DMFGCRT93YWN7GZ5Q6,receipt-with-tax-details/cash-out/main/text-total-include-tax,2,MONEY:4903,Total (include tax)
SAME_SECTION_SAME_PAIR_DIFF_SCREEN_OR_CONTEXT,P1355,cp_01M3NX23DGFDXTN0088NDWE6BJ,receipt-with-tax-details/top-up/main/text-paid-payment-method,2,MONEY:4878,Paid with {payment_method}
SAME_SECTION_SAME_PAIR_DIFF_SCREEN_OR_CONTEXT,P1355,cp_01M3NX23DME1QBHMZCNAKVNWX4,receipt-with-tax-details/cash-out/main/text-paid-payment-method,2,MONEY:4904,Paid with {payment_method}
SAME_SECTION_SAME_PAIR_DIFF_SCREEN_OR_CONTEXT,P1356,cp_01M3NX23DHEKESY0Y2W91ZH4P3,receipt-with-tax-details/top-up/main/text-receipt,2,MONEY:4885,Receipt
SAME_SECTION_SAME_PAIR_DIFF_SCREEN_OR_CONTEXT,P1356,cp_01M3NX23DNFMWRYF3GEFVPVHBF,receipt-with-tax-details/cash-out/main/text-receipt,2,MONEY:4910,Receipt
SAME_SECTION_SAME_PAIR_DIFF_SCREEN_OR_CONTEXT,P1357,cp_01M3NX23DHF2KB1J9TK3TJN5BH,receipt-with-tax-details/top-up/main/text-all-amounts,2,MONEY:4886,All amounts are inclusive of applicable tax
SAME_SECTION_SAME_PAIR_DIFF_SCREEN_OR_CONTEXT,P1357,cp_01M3NX23DNER1AN03YV9ZFEAR2,receipt-with-tax-details/cash-out/main/text-all-amounts,2,MONEY:4911,All amounts are inclusive of applicable tax
SAME_SECTION_SAME_PAIR_DIFF_SCREEN_OR_CONTEXT,P1358,cp_01M3NX23DHEF9ABAAD0W4A6SZD,receipt-with-tax-details/top-up/main/text-platform-fee-include,2,MONEY:4888,Platform fee (include VAT)
SAME_SECTION_SAME_PAIR_DIFF_SCREEN_OR_CONTEXT,P1358,cp_01M3NX23DNEWGBXFTJEQT5BWCF,receipt-with-tax-details/cash-out/main/text-platform-fee-include,2,MONEY:4913,Platform fee (include VAT)
SAME_SECTION_SAME_PAIR_DIFF_SCREEN_OR_CONTEXT,P1359,cp_01M3NX23DJF39RM6557JPX0X92,receipt-with-tax-details/top-up/main/text-discount-platform,2,MONEY:4889,Discount on platform fee
SAME_SECTION_SAME_PAIR_DIFF_SCREEN_OR_CONTEXT,P1359,cp_01M3NX23DPEPQSAVWTVJENQA10,receipt-with-tax-details/cash-out/main/text-discount-platform,2,MONEY:4914,Discount on platform fee
SAME_SECTION_SAME_PAIR_DIFF_SCREEN_OR_CONTEXT,P1360,cp_01M3NX23DJFH9T3BZ9YJ41F5VD,receipt-with-tax-details/top-up/main/text-total-platform-fee,2,MONEY:4890,Total platform fee (include tax)
SAME_SECTION_SAME_PAIR_DIFF_SCREEN_OR_CONTEXT,P1360,cp_01M3NX23DPEGBB7V2GCFNNGDXA,receipt-with-tax-details/cash-out/main/text-total-platform-fee,2,MONEY:4915,Total platform fee (include tax)
SAME_SECTION_SAME_PAIR_DIFF_SCREEN_OR_CONTEXT,P1361,cp_01M3NX23DVFYTSH98VKWCJ87C8,panen-simpanan-v1/simpanan-home/main/text-great-effort-keep,2,MONEY:4949,Great effort! Keep saving and stay tuned for the next Panen Simpanan.
SAME_SECTION_SAME_PAIR_DIFF_SCREEN_OR_CONTEXT,P1361,cp_01M3NX23EDFE0S4H0DZT3J03CA,panen-simpanan-v1/bottom-card-finished-not-top-3/main/text-great-effort-keep,2,MONEY:5024,Great effort! Keep saving and stay tuned for the next Panen Simpanan.
SAME_SECTION_SAME_PAIR_DIFF_SCREEN_OR_CONTEXT,P1362,cp_01M3NX23DWFXZA45ZQQX70TJ1H,panen-simpanan-v1/simpanan-home/main/title,2,MONEY:4954,Panen Simpanan
SAME_SECTION_SAME_PAIR_DIFF_SCREEN_OR_CONTEXT,P1362,cp_01M3NX23DXFPVSRZZZ73YT2PV1,panen-simpanan-v1/top-spender-home/main/text,2,MONEY:4959,Panen Simpanan
SAME_SECTION_SAME_PAIR_DIFF_SCREEN_OR_CONTEXT,P1363,cp_01M3NX23E7E5K8VJTQHWK6T3BN,panen-simpanan-v1/bottom-card-just-started/main/text,2,MONEY:5002,Collect points & earn rewards!
SAME_SECTION_SAME_PAIR_DIFF_SCREEN_OR_CONTEXT,P1363,cp_01M3NX23EGFBCRRF5XTH2GQSSA,panen-simpanan-v1/sdui-for-simpanan-user/main/text-collect-points-earn,2,MONEY:5036,Collect points & earn rewards!
SAME_SECTION_SAME_PAIR_DIFF_SCREEN_OR_CONTEXT,P1364,cp_01M3NX23E7FQ59E0A4JX6FET65,panen-simpanan-v1/bottom-card-just-started/main/text-more-balance-save,2,MONEY:5003,"The more balance you save without withdrawal, the higher the points."
SAME_SECTION_SAME_PAIR_DIFF_SCREEN_OR_CONTEXT,P1364,cp_01M3NX23EHE3XADTE2ABP1HHFE,panen-simpanan-v1/sdui-for-simpanan-user/main/text-more-balance-save,2,MONEY:5037,"The more balance you save without withdrawal, the higher the points."
SAME_SECTION_SAME_PAIR_DIFF_SCREEN_OR_CONTEXT,P1365,cp_01M3NX23E8FCABRDJBE96H1W7E,panen-simpanan-v1/bottom-card-joining/main/text,2,MONEY:5006,Your rank #X
SAME_SECTION_SAME_PAIR_DIFF_SCREEN_OR_CONTEXT,P1365,cp_01M3NX23ECEN5A34D6YARRN6SQ,panen-simpanan-v1/bottom-card-ended-and-verifying/main/text,2,MONEY:5020,Your rank #X
SAME_SECTION_SAME_PAIR_DIFF_SCREEN_OR_CONTEXT,P1366,cp_01M3NX23F7EPJVAGJME1C404VM,transfer-cross-border-remittance/transfer-home/name/label,2,MONEY:5123,International transfer
SAME_SECTION_SAME_PAIR_DIFF_SCREEN_OR_CONTEXT,P1366,cp_01M3NX23F8FQDSB7W8WJ6DZ5MK,transfer-cross-border-remittance/country-search/main/title,2,MONEY:5126,International transfer
SAME_SECTION_SAME_PAIR_DIFF_SCREEN_OR_CONTEXT,P1367,cp_01M3NX23FAE0WVJ5C62RK9AJD3,transfer-cross-border-remittance/failed-to-load-countries/main/title,2,MONEY:5138,Failed to load result
SAME_SECTION_SAME_PAIR_DIFF_SCREEN_OR_CONTEXT,P1367,cp_01M3NX23FSFJKBWEMD8SPDRMZZ,transfer-cross-border-remittance/select-bank/main/title-3,2,MONEY:5191,Failed to load result
SAME_SECTION_SAME_PAIR_DIFF_SCREEN_OR_CONTEXT,P1368,cp_01M3NX23FBETXABHY2D6JY85VZ,transfer-cross-border-remittance/failed-to-load-countries/main/cta,2,MONEY:5140,Try again
SAME_SECTION_SAME_PAIR_DIFF_SCREEN_OR_CONTEXT,P1368,cp_01M3NX23FSEVSBPDGK76TRPKWJ,transfer-cross-border-remittance/select-bank/main/cta,2,MONEY:5193,Try again
SAME_SECTION_SAME_PAIR_DIFF_SCREEN_OR_CONTEXT,P1369,cp_01M3NX23FTFP99FY6TQ96QF5PJ,transfer-cross-border-remittance/recipient-account-details/account-number/value,4,MONEY:5196,Account number
SAME_SECTION_SAME_PAIR_DIFF_SCREEN_OR_CONTEXT,P1369,cp_01M3NX23FYEYDRKT93XZG9JQKD,transfer-cross-border-remittance/japan/account-number/value,4,MONEY:5209,Account number
SAME_SECTION_SAME_PAIR_DIFF_SCREEN_OR_CONTEXT,P1369,cp_01M3NX23G6F3YTEV1QXP4ASZ7J,transfer-cross-border-remittance/usa/account-number/value,4,MONEY:5243,Account number
SAME_SECTION_SAME_PAIR_DIFF_SCREEN_OR_CONTEXT,P1369,cp_01M3NX23GBE69T82DMTSMQAF5R,transfer-cross-border-remittance/india/account-number/value,4,MONEY:5261,Account number
SAME_SECTION_SAME_PAIR_DIFF_SCREEN_OR_CONTEXT,P1370,cp_01M3NX23G1FTTASBN8M8TRKF2Z,transfer-cross-border-remittance/japan/account-type/text,2,MONEY:5221,Account type
SAME_SECTION_SAME_PAIR_DIFF_SCREEN_OR_CONTEXT,P1370,cp_01M3NX23G9EM58MSNF91GSCPK5,transfer-cross-border-remittance/usa/account-type/text,2,MONEY:5254,Account type
SAME_SECTION_SAME_PAIR_DIFF_SCREEN_OR_CONTEXT,P1371,cp_01M3NX23G2EAQAMHBN92ZFW8P8,transfer-cross-border-remittance/japan/main/placeholder-4,3,MONEY:5222,Choose account type
SAME_SECTION_SAME_PAIR_DIFF_SCREEN_OR_CONTEXT,P1371,cp_01M3NX23G2FKZV61KXA8W8KMMP,transfer-cross-border-remittance/japan/account-type/text-choose-account-type,3,MONEY:5225,Choose account type
SAME_SECTION_SAME_PAIR_DIFF_SCREEN_OR_CONTEXT,P1371,cp_01M3NX23GAESXB75AT6NSK52T0,transfer-cross-border-remittance/usa/main/placeholder-3,3,MONEY:5255,Choose account type
SAME_SECTION_SAME_PAIR_DIFF_SCREEN_OR_CONTEXT,P1372,cp_01M3NX23G2FDVRJ0FCV816M8CK,transfer-cross-border-remittance/japan/empty/error-3,2,MONEY:5223,Account type must be chosen
SAME_SECTION_SAME_PAIR_DIFF_SCREEN_OR_CONTEXT,P1372,cp_01M3NX23GAFD7T1XVT4K25QHJ6,transfer-cross-border-remittance/usa/empty/error-2,2,MONEY:5256,Account type must be chosen
SAME_SECTION_SAME_PAIR_DIFF_SCREEN_OR_CONTEXT,P1373,cp_01M3NX23G3E2SSSKCZ8MK8J6M8,transfer-cross-border-remittance/japan/checking-cheque-and-giro/text,2,MONEY:5226,Checking
SAME_SECTION_SAME_PAIR_DIFF_SCREEN_OR_CONTEXT,P1373,cp_01M3NX23GBFJ6BVFQ04ZNW06HW,transfer-cross-border-remittance/usa/checking/text,2,MONEY:5258,Checking
SAME_SECTION_SAME_PAIR_DIFF_SCREEN_OR_CONTEXT,P1374,cp_01M3NX23G8EQ8AP6R5J11ZS2SX,transfer-cross-border-remittance/usa/empty/error,2,MONEY:5247,Fill recipient's account number
SAME_SECTION_SAME_PAIR_DIFF_SCREEN_OR_CONTEXT,P1374,cp_01M3NX23GDEH1A21GPX1MD605C,transfer-cross-border-remittance/india/empty/error,2,MONEY:5265,Fill recipient's account number
SAME_SECTION_SAME_PAIR_DIFF_SCREEN_OR_CONTEXT,P1375,cp_01M3NX23GGEBPVDVTA6VR143N2,china-notice/weixin-wechat/main/text,2,MONEY:5278,Beneficiary requirements
SAME_SECTION_SAME_PAIR_DIFF_SCREEN_OR_CONTEXT,P1375,cp_01M3NX23GHFYSV7NZBM45E55MD,china-notice/alipay/main/text,2,MONEY:5282,Beneficiary requirements
SAME_SECTION_SAME_PAIR_DIFF_SCREEN_OR_CONTEXT,P1376,cp_01M3NX23GHFRCVHY566HM3YEC5,china-notice/weixin-wechat/main/text-mainland-china-id-hk,2,MONEY:5279,Has Mainland China ID or HK-Macao Resident Pass.
SAME_SECTION_SAME_PAIR_DIFF_SCREEN_OR_CONTEXT,P1376,cp_01M3NX23GJE4RSF6V4NZA810YA,china-notice/alipay/main/text-mainland-china-id-hk,2,MONEY:5283,Has Mainland China ID or HK-Macao Resident Pass.
SAME_SECTION_SAME_PAIR_DIFF_SCREEN_OR_CONTEXT,P1377,cp_01M3NX23M4EHRS347PYCMR40ZZ,instruction-bukopin/cash-agent/main/title,2,MONEY:5696,KB Bank - Mini ATM
SAME_SECTION_SAME_PAIR_DIFF_SCREEN_OR_CONTEXT,P1377,cp_01M3NX23M7EG3SGJQWA3C45YF1,instruction-bukopin/bank/main/title,2,MONEY:5705,KB Bank - Mini ATM
SAME_SECTION_SAME_PAIR_DIFF_SCREEN_OR_CONTEXT,P1378,cp_01M3NX23M4E9ZTTQQT18GF81KS,instruction-bukopin/cash-agent/content/description,2,MONEY:5697,How to top up GoPay: Admin fee Rp2.000 • Min. top up Rp10.000 1. Ask the agent for a GoPay top up wi
SAME_SECTION_SAME_PAIR_DIFF_SCREEN_OR_CONTEXT,P1378,cp_01M3NX23M7EQ2VS6DBX1A3MGPW,instruction-bukopin/bank/content/description,2,MONEY:5706,How to top up GoPay: Admin fee Rp2.000 • Min. top up Rp10.000 1. Ask the agent for a GoPay top up wi
SAME_SECTION_SAME_PAIR_DIFF_SCREEN_OR_CONTEXT,P1379,cp_01M3NX23PAEX4VVRCMBB7R9GHB,withdrawal-improvement/autosweep-off-nudge/cta1/text,2,MONEY:5972,Go back
SAME_SECTION_SAME_PAIR_DIFF_SCREEN_OR_CONTEXT,P1379,cp_01M3NX23PCEBZ9BQZNHVT33GAV,withdrawal-improvement/move-balance-to-saldo-consent/cta1/text,2,MONEY:5977,Go back
SAME_SECTION_SAME_PAIR_DIFF_SCREEN_OR_CONTEXT,P1380,cp_01M3NX23Q0E7FRQVZVH1JX5EM7,scratch-card-p2p-campaign/oh-shortcut-after-user/genie-for-sender/text,2,MONEY:6040,Scratch your card!
SAME_SECTION_SAME_PAIR_DIFF_SCREEN_OR_CONTEXT,P1380,cp_01M3NX23Q2F8KBJ9VVCVHXVJ40,scratch-card-p2p-campaign/oh-shortcut-after-user/genie-for-receiver/text,2,MONEY:6045,Scratch your card!
SAME_SECTION_SAME_PAIR_DIFF_SCREEN_OR_CONTEXT,P1381,cp_01M3NX23Q4FSQR1RBKRYDR61E4,scratch-card-p2p-campaign/oh-shortcut-after-user/push-notif-for-receiver/text-scratch-card-get-up,2,MONEY:6050,Scratch your card & get up to 50k
SAME_SECTION_SAME_PAIR_DIFF_SCREEN_OR_CONTEXT,P1381,cp_01M3NX23Q5F4XSFNW8N16S06EN,scratch-card-p2p-campaign/oh-shortcut-after-user/push-notif-for-sender/text,2,MONEY:6053,Scratch your card & get up to 50k
SAME_SECTION_SAME_PAIR_DIFF_SCREEN_OR_CONTEXT,P1382,cp_01M3NX23R0EZERTGT4980BN51B,stecu-simpan-terus-cuan/bottom-card-just-started/main/cta,2,MONEY:6135,Join now
SAME_SECTION_SAME_PAIR_DIFF_SCREEN_OR_CONTEXT,P1382,cp_01M3NX23R2EWNTNXJ5YT9FCDDK,stecu-simpan-terus-cuan/buttom-card-non-tabungan-users/main/cta,2,MONEY:6139,Join now
SAME_SECTION_SAME_PAIR_DIFF_SCREEN_OR_CONTEXT,P1383,cp_01M3NX23R2FR8BG379QPQ7JNKT,stecu-simpan-terus-cuan/bottom-card-joining/main/text,6,MONEY:6141,Your rank #X
SAME_SECTION_SAME_PAIR_DIFF_SCREEN_OR_CONTEXT,P1383,cp_01M3NX23R9FF6THB5X3SNR9PDK,stecu-simpan-terus-cuan/bottom-card-ended-and-verifying/main/text,6,MONEY:6166,Your rank #X
SAME_SECTION_SAME_PAIR_DIFF_SCREEN_OR_CONTEXT,P1383,cp_01M3NX23RAEJ7AKB2BDKTX949G,stecu-simpan-terus-cuan/bottom-card-finished-not-win/main/text,6,MONEY:6169,Your rank #X
SAME_SECTION_SAME_PAIR_DIFF_SCREEN_OR_CONTEXT,P1383,cp_01M3NX23RBE5CABHBYDY0VF7CC,stecu-simpan-terus-cuan/bottom-card-finished-and-win/if-we-can-separate-the-1st-and/text,6,MONEY:6172,Your rank #X
SAME_SECTION_SAME_PAIR_DIFF_SCREEN_OR_CONTEXT,P1383,cp_01M3NX23RCFYK97ZPHN1Y30V24,stecu-simpan-terus-cuan/bottom-card-finished-and-win/if-we-can-separate-the-3rd-1/text,6,MONEY:6174,Your rank #X
SAME_SECTION_SAME_PAIR_DIFF_SCREEN_OR_CONTEXT,P1383,cp_01M3NX23RDFVWS9TT0YMVPMT1Y,stecu-simpan-terus-cuan/bottom-card-finished-and-win/if-we-cannot-separate-the/text,6,MONEY:6176,Your rank #X
SAME_SECTION_SAME_PAIR_DIFF_SCREEN_OR_CONTEXT,P1384,cp_01M3NX23T2FEWB2EP877C2ZDDB,iris-on-transfer-reliability/delay-accepted-without-metadata/main/title,2,MONEY:6349,Bank is still confirming your transfer
SAME_SECTION_SAME_PAIR_DIFF_SCREEN_OR_CONTEXT,P1384,cp_01M3NX23T3EE4SY5Y103QFB2BC,iris-on-transfer-reliability/delay-accepted-with-metadata/main/title,2,MONEY:6352,Bank is still confirming your transfer
SAME_SECTION_SAME_PAIR_DIFF_SCREEN_OR_CONTEXT,P1385,cp_01M3NX23V6FVPV8VFF3MYTMA73,stecu-simpan-terus-cuan/bottom-card-just-started/main/cta-2,2,MONEY:6469,Join now
SAME_SECTION_SAME_PAIR_DIFF_SCREEN_OR_CONTEXT,P1385,cp_01M3NX23V7FNJ8DY04DQFXYPKS,stecu-simpan-terus-cuan/buttom-card-non-tabungan-users/main/cta-2,2,MONEY:6473,Join now
SAME_SECTION_SAME_PAIR_DIFF_SCREEN_OR_CONTEXT,P1386,cp_01M3NX23V8EXFT25R0V5RQQSAQ,stecu-simpan-terus-cuan/bottom-card-joining/main/text-rank-x,4,MONEY:6475,Your rank #X
SAME_SECTION_SAME_PAIR_DIFF_SCREEN_OR_CONTEXT,P1386,cp_01M3NX23VFF81R3JJ6Y750J8CQ,stecu-simpan-terus-cuan/bottom-card-finished/for-1st-4th-rank/text,4,MONEY:6500,Your rank #X
SAME_SECTION_SAME_PAIR_DIFF_SCREEN_OR_CONTEXT,P1386,cp_01M3NX23VGEVEVS543C3TBB1E3,stecu-simpan-terus-cuan/bottom-card-finished/for-5th-250th-rank/text,4,MONEY:6502,Your rank #X
SAME_SECTION_SAME_PAIR_DIFF_SCREEN_OR_CONTEXT,P1386,cp_01M3NX23VHET8V486RTRZXAAMT,stecu-simpan-terus-cuan/bottom-card-finished/non-winners/text,4,MONEY:6504,Your rank #X
SAME_SECTION_SAME_PAIR_DIFF_SCREEN_OR_CONTEXT,P1387,cp_01M3NX23W3F3V92018QTHFCW1Y,request-qris-tuntas/main-request/set-amount/value,2,MONEY:6573,Set amount
SAME_SECTION_SAME_PAIR_DIFF_SCREEN_OR_CONTEXT,P1387,cp_01M3NX23WJEF2AJ0130AS0YDVX,request-qris-tuntas/qr/main/cta-primary,2,MONEY:6613,Set amount
SAME_SECTION_SAME_PAIR_DIFF_SCREEN_OR_CONTEXT,P1388,cp_01M3NX23W4FEYA5N23T97QW8JA,request-qris-tuntas/main-request/share-qr-code/text,2,MONEY:6575,Share code
SAME_SECTION_SAME_PAIR_DIFF_SCREEN_OR_CONTEXT,P1388,cp_01M3NX23WJEQ2BD4SMWDPX1TXH,request-qris-tuntas/qr/main/cta-secondary,2,MONEY:6614,Share code
SAME_SECTION_SAME_PAIR_DIFF_SCREEN_OR_CONTEXT,P1389,cp_01M3NX23W4FE5B398H523J63GX,request-qris-tuntas/main-request/refresh/cta,2,MONEY:6576,Renew QRIS code
SAME_SECTION_SAME_PAIR_DIFF_SCREEN_OR_CONTEXT,P1389,cp_01M3NX23WSF5FRNHKN25VP0EJ2,request-qris-tuntas/gojek/main/cta,2,MONEY:6632,Renew QRIS code
SAME_SECTION_SAME_PAIR_DIFF_SCREEN_OR_CONTEXT,P1390,cp_01M3NX23WGE0A9XGEJFHMA45MW,request-qris-tuntas/input-amount/qris-fee/text,2,MONEY:6608,QRIS fee
SAME_SECTION_SAME_PAIR_DIFF_SCREEN_OR_CONTEXT,P1390,cp_01M3NX23WXFS7APBCAFSHF647E,request-qris-tuntas/trx-history/qris-admin-fee/text,2,MONEY:6641,QRIS fee
SAME_SECTION_SAME_PAIR_DIFF_SCREEN_OR_CONTEXT,P1391,cp_01M3NX23WRFG8AQ7RAVX0KCTKF,request-qris-tuntas/off-us-code-expired/main/cta,2,MONEY:6628,Got it
SAME_SECTION_SAME_PAIR_DIFF_SCREEN_OR_CONTEXT,P1391,cp_01M3NX23WZFFDTS1R2KMA4FZXC,request-qris-tuntas/off-us-error/main/cta,2,MONEY:6645,Got it
SAME_SECTION_SAME_PAIR_DIFF_SCREEN_OR_CONTEXT,P1392,cp_01M3NX23YAE3HRREK1M6ABXYTV,error-improvement/error-1423-bank-not-found/main/cta,6,MONEY:6787,Got it
SAME_SECTION_SAME_PAIR_DIFF_SCREEN_OR_CONTEXT,P1392,cp_01M3NX23YCFDCTXTJAM27BHP3W,error-improvement/error-11028-account-details/main/cta,6,MONEY:6791,Got it
SAME_SECTION_SAME_PAIR_DIFF_SCREEN_OR_CONTEXT,P1392,cp_01M3NX23YDE6M9EHCM8GZWWB8B,error-improvement/error-13008-cant-set-this-as-the/main/cta,6,MONEY:6795,Got it
SAME_SECTION_SAME_PAIR_DIFF_SCREEN_OR_CONTEXT,P1392,cp_01M3NX23YFEKSSM7C97PFPY9G1,error-improvement/error-13009-cant-make-this/main/cta,6,MONEY:6799,Got it
SAME_SECTION_SAME_PAIR_DIFF_SCREEN_OR_CONTEXT,P1392,cp_01M3NX23YGE4HT4P0XYKJ24N3E,error-improvement/bank-under-maintenance-1413/main/cta,6,MONEY:6803,Got it
SAME_SECTION_SAME_PAIR_DIFF_SCREEN_OR_CONTEXT,P1392,cp_01M3NX23YJE0693KVRMMBJHP04,error-improvement/intermittent-error-1418/main/cta,6,MONEY:6807,Got it
SAME_SECTION_SAME_PAIR_DIFF_SCREEN_OR_CONTEXT,P1393,cp_01M3NX23YKF4QRXBXQJQTJP8XH,stecu-simpan-terus-cuan-v3/tabungan-homepage/main/title,2,MONEY:6814,"Keep saving, keep getting lucky ✨"
SAME_SECTION_SAME_PAIR_DIFF_SCREEN_OR_CONTEXT,P1393,cp_01M3NX23YMESXRJV8NTCMYW8NR,stecu-simpan-terus-cuan-v3/simpanan-homepage/main/title,2,MONEY:6817,"Keep saving, keep getting lucky ✨"
SAME_SECTION_SAME_PAIR_DIFF_SCREEN_OR_CONTEXT,P1394,cp_01M3NX23YKFRP8WZD2BK7XSZNC,stecu-simpan-terus-cuan-v3/tabungan-homepage/main/description,2,MONEY:6815,Join SteCu: Simpan terus Cuan! Collect points & win iPhone 17!
SAME_SECTION_SAME_PAIR_DIFF_SCREEN_OR_CONTEXT,P1394,cp_01M3NX23YMEH5SJBDSBX6J9ZDM,stecu-simpan-terus-cuan-v3/simpanan-homepage/main/description,2,MONEY:6818,Join SteCu: Simpan terus Cuan! Collect points & win iPhone 17!
SAME_SECTION_SAME_PAIR_DIFF_SCREEN_OR_CONTEXT,P1395,cp_01M3NX23ZAF07AZ32YDP9K3V11,stecu-simpan-terus-cuan-v3/bottom-card-just-started/main/cta,2,MONEY:6872,Join now
SAME_SECTION_SAME_PAIR_DIFF_SCREEN_OR_CONTEXT,P1395,cp_01M3NX23ZCFETTHT0H6RRXS2T0,stecu-simpan-terus-cuan-v3/buttom-card-non-tabungan-users/main/cta,2,MONEY:6876,Join now
SAME_SECTION_SAME_PAIR_DIFF_SCREEN_OR_CONTEXT,P1396,cp_01M3NX23ZCFJMT4J3KPX401Z2G,stecu-simpan-terus-cuan-v3/bottom-card-joining/main/text,4,MONEY:6878,Your rank #X
SAME_SECTION_SAME_PAIR_DIFF_SCREEN_OR_CONTEXT,P1396,cp_01M3NX23ZKEMKA8RVFGBSQBJ43,stecu-simpan-terus-cuan-v3/bottom-card-finished/for-1st-2nd-rank/text,4,MONEY:6901,Your rank #X
SAME_SECTION_SAME_PAIR_DIFF_SCREEN_OR_CONTEXT,P1396,cp_01M3NX23ZMEPM9JV50HJFN9YSY,stecu-simpan-terus-cuan-v3/bottom-card-finished/for-3rd-345th-rank/text,4,MONEY:6903,Your rank #X
SAME_SECTION_SAME_PAIR_DIFF_SCREEN_OR_CONTEXT,P1396,cp_01M3NX23ZNE9YAPXJCBNSPRPPD,stecu-simpan-terus-cuan-v3/bottom-card-finished/non-winners/text,4,MONEY:6905,Your rank #X
SAME_SECTION_SAME_PAIR_DIFF_SCREEN_OR_CONTEXT,P1397,cp_01M3NX2409F69VYR3H1N7N9YQM,wrong-transfer-improvement/normal-dialogue/main/description,3,MONEY:6977,Make sure the recipient is correct before you continue with the transfer.
SAME_SECTION_SAME_PAIR_DIFF_SCREEN_OR_CONTEXT,P1397,cp_01M3NX240BF9ST9W5EE57W23XW,wrong-transfer-improvement/unverified-dialogue/main/description,3,MONEY:6982,Make sure the recipient is correct before you continue with the transfer.
SAME_SECTION_SAME_PAIR_DIFF_SCREEN_OR_CONTEXT,P1397,cp_01M3NX240DFXB8XSHTA1BVQKBM,wrong-transfer-improvement/dormant-dialogue/main/description,3,MONEY:6988,Make sure the recipient is correct before you continue with the transfer.
SAME_SECTION_SAME_PAIR_DIFF_SCREEN_OR_CONTEXT,P1398,cp_01M3NX2409F428SS0PSCJKE43F,wrong-transfer-improvement/normal-dialogue/main/cta-primary,3,MONEY:6978,Go back
SAME_SECTION_SAME_PAIR_DIFF_SCREEN_OR_CONTEXT,P1398,cp_01M3NX240BEDYVDTV4MYDFZFFD,wrong-transfer-improvement/unverified-dialogue/main/cta-primary,3,MONEY:6983,Go back
SAME_SECTION_SAME_PAIR_DIFF_SCREEN_OR_CONTEXT,P1398,cp_01M3NX240EFZVRA41SKQT83K2Y,wrong-transfer-improvement/dormant-dialogue/main/cta-primary,3,MONEY:6990,Go back
SAME_SECTION_SAME_PAIR_DIFF_SCREEN_OR_CONTEXT,P1399,cp_01M3NX240AEK6T4T4ZTV0F4K7X,wrong-transfer-improvement/normal-dialogue/main/cta-secondary,3,MONEY:6979,Continue transfer
SAME_SECTION_SAME_PAIR_DIFF_SCREEN_OR_CONTEXT,P1399,cp_01M3NX240CF8888E6J7AC9G69Y,wrong-transfer-improvement/unverified-dialogue/main/cta-secondary,3,MONEY:6984,Continue transfer
SAME_SECTION_SAME_PAIR_DIFF_SCREEN_OR_CONTEXT,P1399,cp_01M3NX240FE05AS7QEWSNHQ83B,wrong-transfer-improvement/dormant-dialogue/main/cta-secondary,3,MONEY:6991,Continue transfer
IDENTICAL_PAIR_DIFFERENT_KEYS,P1400,cp_01M3NX202AE2RSJQCPZWX0S5ZV,mutualfund/sellingpage/amountsection-annotation/text,2,INVESTMENT:680,Amount in
IDENTICAL_PAIR_DIFFERENT_KEYS,P1400,cp_01M3NX202AE1BAH05KRXR4JY3R,mutualfund/sellingpage/amountsection-annotation/text-amount,2,INVESTMENT:681,Amount in
IDENTICAL_PAIR_DIFFERENT_KEYS,P1401,cp_01M3NX202GFBTBGRXEPB16GE0Q,gold/spot/buypage/cta-primary,2,INVESTMENT:1366;INVESTMENT:1387,Confirm
IDENTICAL_PAIR_DIFFERENT_KEYS,P1401,cp_01M3NX202HE3PRP8TK1XV280CN,gold/spot/sellpage/cta-primary,2,INVESTMENT:1412;INVESTMENT:1433,Confirm
IDENTICAL_PAIR_DIFFERENT_KEYS,P1402,cp_01M3NX202HE5BSPDVJA0YKRSKE,gold/spot/buypage-review-bottomcard/text,2,INVESTMENT:1457,The latest gold price is now applied to your transaction. Please review it before continuing.
IDENTICAL_PAIR_DIFFERENT_KEYS,P1402,cp_01M3NX202HEK1RWANW9VTSD2EC,gold/spot/sellpage-review-bottomcard/text,2,INVESTMENT:1483,The latest gold price is now applied to your transaction. Please review it before continuing.
IDENTICAL_PAIR_DIFFERENT_KEYS,P1403,cp_01M3NX2042FFRS9AS1827J5XRY,thirdparty/loanactivatedstate/due-section-error-api-failed/title,2,LENDING:287,Your dues
IDENTICAL_PAIR_DIFFERENT_KEYS,P1403,cp_01M3NX2042EG4VKAQEY537HA5F,thirdparty/loanactivatedstate/transactionhistory-page-title/text,2,LENDING:296,Your dues
IDENTICAL_PAIR_DIFFERENT_KEYS,P1404,cp_01M3NX2042FYR9BACWHA674JY0,thirdparty/loanactivatedstate/due-section-error-api-failed/subtitle,2,LENDING:288,Failed to fetch the data
IDENTICAL_PAIR_DIFFERENT_KEYS,P1404,cp_01M3NX2042F1G9YTHK5Z1WEWP7,thirdparty/loanactivatedstate/transactionhistory-section-error/subtitle,2,LENDING:292,Failed to fetch the data
IDENTICAL_PAIR_DIFFERENT_KEYS,P1405,cp_01M3NX2042EKVSHWFB4VW8N179,thirdparty/loanactivatedstate/due-section-error-api-failed/description,2,LENDING:289,You can try to reload the data or come back again later
IDENTICAL_PAIR_DIFFERENT_KEYS,P1405,cp_01M3NX2042EASRW6SRWQNHSYXN,thirdparty/loanactivatedstate/transactionhistory-section-error/description,2,LENDING:293,You can try to reload the data or come back again later
IDENTICAL_PAIR_DIFFERENT_KEYS,P1406,cp_01M3NX2067FRMS8CBGMA6RG99C,familyplan/registrationpage/policyholderselector-bottom/cta-secondary,2,INSURANCE:1655,"No, cancel"
IDENTICAL_PAIR_DIFFERENT_KEYS,P1406,cp_01M3NX2067ESWV46C00D4REB1J,familyplan/registrationpage/policyholderselector-bottom/cta-secondary-2,2,INSURANCE:1663,"No, cancel"
IDENTICAL_PAIR_DIFFERENT_KEYS,P1407,cp_01M3NX2070F09TZKN99GH8VGA6,screencrack/registration/form-field-phonebrand/placeholder,2,INSURANCE:2350,Select brand
IDENTICAL_PAIR_DIFFERENT_KEYS,P1407,cp_01M3NX2070FJSB56625AQ3FD4D,screencrack/registration/tray-selectbrand/title,2,INSURANCE:2364,Select brand
IDENTICAL_PAIR_DIFFERENT_KEYS,P1408,cp_01M3NX2070FHJSTEG4EZ8KFD6Y,screencrack/registration/form-entrypoint-howtocheckimei/text,2,INSURANCE:2362,How to check your IMEI number
IDENTICAL_PAIR_DIFFERENT_KEYS,P1408,cp_01M3NX2070FE9VNA3RFB1AT80R,screencrack/registration/tray-howtocheckimei/title,2,INSURANCE:2366,How to check your IMEI number
IDENTICAL_PAIR_DIFFERENT_KEYS,P1409,cp_01M3NX2071E9B8ZXBN7P9ATGGM,screencrack/registration/tray-howtocheckimei-cta/cta,2,INSURANCE:2374,Got it
IDENTICAL_PAIR_DIFFERENT_KEYS,P1409,cp_01M3NX20F7ERHTG6HFSWMMWKZG,merchantapp/common/main/cta-gotit,2,INSURANCE:6742,Got it
IDENTICAL_PAIR_DIFFERENT_KEYS,P1410,cp_01M3NX207REJ78HWDHBNFXKAWR,child/health/registration-form-child-field/description-2,2,INSURANCE:3014,Must contain 2-60 characters
IDENTICAL_PAIR_DIFFERENT_KEYS,P1410,cp_01M3NX2080ESKRX7DMKSW90T2V,how-long-is-the-coverage-period/shared/main/text-must-contain-2-60,2,INSURANCE:3198;INSURANCE:3237,Must contain 2-60 characters
IDENTICAL_PAIR_DIFFERENT_KEYS,P1411,cp_01M3NX209WEKCSV5T1XRCBZ51Q,fireflood/registrationform/personaldetails-province/title,2,INSURANCE:4280,Province
IDENTICAL_PAIR_DIFFERENT_KEYS,P1411,cp_01M3NX20FAF0GSZ3T3XCKD127F,hospitallistpage/resultsection/regionlabel-province/text,2,INSURANCE:6788,Province
IDENTICAL_PAIR_DIFFERENT_KEYS,P1412,cp_01M3NX20AHEW0VPPAGRFDHRZRB,motorcycle/registrationform/vehicledetails-field-brand-error/text,4,INSURANCE:4648;INSURANCE:4666;INSURANCE:4669;INSURANCE:4673,Please fill out this field first
IDENTICAL_PAIR_DIFFERENT_KEYS,P1412,cp_01M3NX20AHE2ABWHAJ1XSRWT9Q,motorcycle/registrationform/vehicledetails-field-model-error/text,4,INSURANCE:4651,Please fill out this field first
IDENTICAL_PAIR_DIFFERENT_KEYS,P1412,cp_01M3NX20AJFY2B99PE8P3EWJZY,motorcycle/registrationform/vehicledetails-field/text,4,INSURANCE:4654,Please fill out this field first
IDENTICAL_PAIR_DIFFERENT_KEYS,P1412,cp_01M3NX20AJFGT8R5CRF21XK655,motorcycle/registrationform/vehicledetails-field-chassis/text,4,INSURANCE:4657,Please fill out this field first
IDENTICAL_PAIR_DIFFERENT_KEYS,P1413,cp_01M3NX20AJFXFBR9VA89F374KR,motorcycle/registrationform/vehicledetails-fieldbox/text,2,INSURANCE:4653,Select year
IDENTICAL_PAIR_DIFFERENT_KEYS,P1413,cp_01M3NX20F5FTZABFRAWJNPS5A2,merchantapp/common/dropdown-title-selectyear/text,2,INSURANCE:6719,Select year
IDENTICAL_PAIR_DIFFERENT_KEYS,P1414,cp_01M3NX20FSEA2RARCYFJX8QRYE,cantopencode/cant-read-the-code/main/cta-gotit,19,PAYMENT:125,Got it
IDENTICAL_PAIR_DIFFERENT_KEYS,P1414,cp_01M3NX20J0E3EBSF9E1SWWTE9S,addcard/blockedcarddialogue/main/cta,19,PAYMENT:880,Got it
IDENTICAL_PAIR_DIFFERENT_KEYS,P1414,cp_01M3NX20JNEJJT0TBXNKRZJTM0,google/loginerror/main/cta,19,PAYMENT:1129,Got it
IDENTICAL_PAIR_DIFFERENT_KEYS,P1414,cp_01M3NX20K2F8F9XDDJ3FMBVMTV,card-linking-flow/amex-cvv-info/cta/cta-gotit,19,PAYMENT:1259;PAYMENT:1263;PAYMENT:1267,Got it
IDENTICAL_PAIR_DIFFERENT_KEYS,P1414,cp_01M3NX20M0E0ZAT0C66W3XX82V,dialog/insufficientbalance/main/cta,19,PAYMENT:1567,Got it
IDENTICAL_PAIR_DIFFERENT_KEYS,P1414,cp_01M3NX20M0FFFTFPMBCCF8R4W5,dialog/paylaterlimitreached/main/cta,19,PAYMENT:1572,Got it
IDENTICAL_PAIR_DIFFERENT_KEYS,P1414,cp_01M3NX20M1FG2863QA11TK3KZZ,dialog/repaymentoverdue/main/cta,19,PAYMENT:1577,Got it
IDENTICAL_PAIR_DIFFERENT_KEYS,P1414,cp_01M3NX20M5FGGAG8Z649AJPPG0,dialog/cardexpired/main/cta,19,PAYMENT:1614,Got it
IDENTICAL_PAIR_DIFFERENT_KEYS,P1414,cp_01M3NX20M6F9F9DFJ12DGGJNPP,dialog/restrictedmethod/main/cta,19,PAYMENT:1618,Got it
IDENTICAL_PAIR_DIFFERENT_KEYS,P1414,cp_01M3NX20MPE5TBWFH5D2PRGGN1,tuntas/pendingeducation/main/cta,19,PAYMENT:1797,Got it
IDENTICAL_PAIR_DIFFERENT_KEYS,P1414,cp_01M3NX20MQF7R9BCREBPKXF9KD,tuntas/faileddialogue/main/cta,19,PAYMENT:1801,Got it
IDENTICAL_PAIR_DIFFERENT_KEYS,P1414,cp_01M3NX20N9EF282J3XQ3DCM555,exchangerateupdated/updated-exchange-rate/main/cta,19,PAYMENT:2015,Got it
IDENTICAL_PAIR_DIFFERENT_KEYS,P1414,cp_01M3NX20N9EDG8SGMMP6TJNKY7,cantprocessqr/generic-qr-transactionerror/main/cta,19,PAYMENT:2019,Got it
IDENTICAL_PAIR_DIFFERENT_KEYS,P1414,cp_01M3NX20NNEQ0873TMTN86AW3S,cantdetectnfc/final/main/cta,19,PAYMENT:2145,Got it
IDENTICAL_PAIR_DIFFERENT_KEYS,P1414,cp_01M3NX20NPE9R9WCP4QSPYX1D5,phonenotsupported/phone-doesnt-have-nfc/main/cta,19,PAYMENT:2162,Got it
IDENTICAL_PAIR_DIFFERENT_KEYS,P1414,cp_01M3NX20NWEA8SR8ZCNJCE1X7V,comingsoondialogue/coming-soon-dialogue/main/cta,19,PAYMENT:2212,Got it
IDENTICAL_PAIR_DIFFERENT_KEYS,P1414,cp_01M3NX20T1EM7TFWDQPYKPQMR1,error/limithigherthanused/main/cta,19,PAYMENT:3573,Got it
IDENTICAL_PAIR_DIFFERENT_KEYS,P1414,cp_01M3NX20T1E698ZG33K52A51D9,error/alreadyshared/main/cta,19,PAYMENT:3577,Got it
IDENTICAL_PAIR_DIFFERENT_KEYS,P1414,cp_01M3NX20T2FV2S4F3D0HPR31MM,sharetoomany/error/dialog/cta,19,PAYMENT:3587,Got it
IDENTICAL_PAIR_DIFFERENT_KEYS,P1415,cp_01M3NX20G2ESEV9VB77VS98183,renewcode/shared/main/cta,2,PAYMENT:233;USER-SPEND:1927,Renew
IDENTICAL_PAIR_DIFFERENT_KEYS,P1415,cp_01M3NX2126F2Z97VJPD3GCM7KV,qrisunlimitednudge/renew/main/cta,2,USER-SPEND:2226;USER-SPEND:2230,Renew
IDENTICAL_PAIR_DIFFERENT_KEYS,P1416,cp_01M3NX20GHFN9R1MH6FCYN52X1,2fa/pinchallenge/main/cta,2,PAYMENT:388,Enter PIN
IDENTICAL_PAIR_DIFFERENT_KEYS,P1416,cp_01M3NX20NVFYAR6C3M1MX6A5WR,pinchallenge/pin-cancellation/main/cta,2,PAYMENT:2208,Enter PIN
IDENTICAL_PAIR_DIFFERENT_KEYS,P1417,cp_01M3NX20GHF7KV7Y1HDR2JAGQT,2fa/methodauth/main/cta,2,PAYMENT:392,Verify
IDENTICAL_PAIR_DIFFERENT_KEYS,P1417,cp_01M3NX20GHF3CBBWRP27QY5FT5,2fa/genericdefault/main/cta,2,PAYMENT:396,Verify
IDENTICAL_PAIR_DIFFERENT_KEYS,P1418,cp_01M3NX20H1EZ3RZMBT0FB9JYEM,consentscreen/shared/main/title,2,PAYMENT:552;PAYMENT:614,Link GoPay
IDENTICAL_PAIR_DIFFERENT_KEYS,P1418,cp_01M3NX20JMF73VYNT4VP8P7QBS,google/login-error/main/title,2,PAYMENT:1118,Link GoPay
IDENTICAL_PAIR_DIFFERENT_KEYS,P1419,cp_01M3NX20H3FMD849VNDZ0VBRMP,consentscreen/shared/main/cta,2,PAYMENT:564,Confirm
IDENTICAL_PAIR_DIFFERENT_KEYS,P1419,cp_01M3NX20HXFZDTJ41B87KMYXDY,addcard/enterotp/confirm/cta,2,PAYMENT:858,Confirm
IDENTICAL_PAIR_DIFFERENT_KEYS,P1420,cp_01M3NX20HWE7XR9AS71Q56BNZX,addcard/card-detail/add-card/title,2,PAYMENT:844;PAYMENT:852;PAYMENT:1239,Add card
IDENTICAL_PAIR_DIFFERENT_KEYS,P1420,cp_01M3NX20HWFQCSH8JTJYA7JHWJ,addcard/savecard/main/cta,2,PAYMENT:850;PAYMENT:1250,Add card
IDENTICAL_PAIR_DIFFERENT_KEYS,P1421,cp_01M3NX20J9FMA97F0RC1S8PNFC,error/noconnection/dialog/title,2,PAYMENT:981;PAYMENT:2155;USER-SPEND:276;USER-SPEND:1776,You seem to be offline
IDENTICAL_PAIR_DIFFERENT_KEYS,P1421,cp_01M3NX20V3F89TYNVBN3PFJ54J,error/connectionerror/pagination/title,2,USER-SPEND:289;USER-SPEND:2500;USER-SPEND:2615;USER-SPEND:4476,You seem to be offline
IDENTICAL_PAIR_DIFFERENT_KEYS,P1422,cp_01M3NX20J9FBGTD0NW1XTWA9VV,error/gotosettings/dialog-noconnection/cta,2,PAYMENT:983;PAYMENT:2157;USER-SPEND:278;USER-SPEND:1778,Go to Settings
IDENTICAL_PAIR_DIFFERENT_KEYS,P1422,cp_01M3NX20NVEAHBDYXSNMV70XPT,enablenfc/enable-nfc/main/cta,2,PAYMENT:2204,Go to Settings
IDENTICAL_PAIR_DIFFERENT_KEYS,P1423,cp_01M3NX20J9FBGTD0NW1XTWA9VV,error/gotosettings/dialog-noconnection/cta,5,PAYMENT:983;PAYMENT:2157;USER-SPEND:278;USER-SPEND:1778,Go to Settings
IDENTICAL_PAIR_DIFFERENT_KEYS,P1423,cp_01M3NX20V3E77AE1EGZVT326JY,error/settings/pagination-connectionerror/cta,5,USER-SPEND:291;USER-SPEND:2502;USER-SPEND:2617;USER-SPEND:4478,Go to Settings
IDENTICAL_PAIR_DIFFERENT_KEYS,P1423,cp_01M3NX2150EHT9S6J6NW3XBV8Q,cameraaccess/camera-access/main/cta,5,USER-SPEND:2911,Go to Settings
IDENTICAL_PAIR_DIFFERENT_KEYS,P1423,cp_01M3NX21A9FEZV50J5EAK65DP3,permissionadjustment/permission-adjustment/main/cta,5,USER-SPEND:4095,Go to Settings
IDENTICAL_PAIR_DIFFERENT_KEYS,P1423,cp_01M3NX21C8FHG9KXQXZ83F23W0,locationpermission/no-location-kci/main/cta,5,USER-SPEND:4539,Go to Settings
IDENTICAL_PAIR_DIFFERENT_KEYS,P1424,cp_01M3NX20J9E3J8WDE483XYH2ZR,error/refresh/dialog-noconnection/cta,4,PAYMENT:984;PAYMENT:2158;USER-SPEND:279;USER-SPEND:1779,Refresh
IDENTICAL_PAIR_DIFFERENT_KEYS,P1424,cp_01M3NX20KXFHZA7FHT7P80SGPV,error/refresh/main/cta,4,PAYMENT:1541,Refresh
IDENTICAL_PAIR_DIFFERENT_KEYS,P1424,cp_01M3NX20KYE2GSB7KW449F05WN,failedtoload/widget-error/main/cta,4,PAYMENT:1551,Refresh
IDENTICAL_PAIR_DIFFERENT_KEYS,P1424,cp_01M3NX20NKEMQ947D1473D1Z6R,refresh/nfc-payment/refresh-nfc/cta,4,PAYMENT:2118,Refresh
IDENTICAL_PAIR_DIFFERENT_KEYS,P1425,cp_01M3NX20J9E3J8WDE483XYH2ZR,error/refresh/dialog-noconnection/cta,6,PAYMENT:984;PAYMENT:2158;USER-SPEND:279;USER-SPEND:1779,Refresh
IDENTICAL_PAIR_DIFFERENT_KEYS,P1425,cp_01M3NX20V3FYAS7JCSQZWW04ZD,error/server-error/pagination/cta,6,USER-SPEND:287;USER-SPEND:2498;USER-SPEND:2610;USER-SPEND:4474,Refresh
IDENTICAL_PAIR_DIFFERENT_KEYS,P1425,cp_01M3NX20V4EQTTE3WCMCA4ZEZW,error/refresh/pagination-connectionerror/cta,6,USER-SPEND:292;USER-SPEND:2503;USER-SPEND:2618;USER-SPEND:4479,Refresh
IDENTICAL_PAIR_DIFFERENT_KEYS,P1425,cp_01M3NX20WWFMFRWNRPA4DJXMCF,widget/paymentscreen/refresh/cta,6,USER-SPEND:759,Refresh
IDENTICAL_PAIR_DIFFERENT_KEYS,P1425,cp_01M3NX210MEYR8PN9JEG34Y7XQ,dialog/feeupdated/refresh/cta,6,USER-SPEND:1723,Refresh
IDENTICAL_PAIR_DIFFERENT_KEYS,P1425,cp_01M3NX215FE9S8QWB3GGXS36AW,refresh/qr/main/cta,6,USER-SPEND:3042,Refresh
IDENTICAL_PAIR_DIFFERENT_KEYS,P1426,cp_01M3NX20JAFM58HF0NX0V56NSY,error/dialog/server-error/cta,2,PAYMENT:988;PAYMENT:2153;USER-SPEND:283;USER-SPEND:1783,Got it
IDENTICAL_PAIR_DIFFERENT_KEYS,P1426,cp_01M3NX20KZFSH9SE0HJWA8C8AC,paymentlisting/dialog/unavailablemerchant/cta,2,PAYMENT:1559;USER-SPEND:1245,Got it
IDENTICAL_PAIR_DIFFERENT_KEYS,P1427,cp_01M3NX20JAFM58HF0NX0V56NSY,error/dialog/server-error/cta,8,PAYMENT:988;PAYMENT:2153;USER-SPEND:283;USER-SPEND:1783,Got it
IDENTICAL_PAIR_DIFFERENT_KEYS,P1427,cp_01M3NX20KZFSH9SE0HJWA8C8AC,paymentlisting/dialog/unavailablemerchant/cta,8,PAYMENT:1559;USER-SPEND:1245,Got it
IDENTICAL_PAIR_DIFFERENT_KEYS,P1427,cp_01M3NX217VEAAVK73T8JCPT0HH,minushare/member-have-minus-share/main/cta,8,USER-SPEND:3553,Got it
IDENTICAL_PAIR_DIFFERENT_KEYS,P1427,cp_01M3NX21AREF5A6GC437WEAX76,fraudsuspicion/fraud-suspicion/main/cta,8,USER-SPEND:4192,Got it
IDENTICAL_PAIR_DIFFERENT_KEYS,P1427,cp_01M3NX21BKEP98YJY5MN1JEBMZ,invalidnfc/nfc-invalid/main/cta,8,USER-SPEND:4393,Got it
IDENTICAL_PAIR_DIFFERENT_KEYS,P1427,cp_01M3NX21BMEKMT8S06382P896A,comingsoon/double-binding/main/cta,8,USER-SPEND:4401,Got it
IDENTICAL_PAIR_DIFFERENT_KEYS,P1427,cp_01M3NX21CRFJBT65Z3YBY6W643,notavailableyet/not-available-in-area-dialogue/main/cta,8,USER-SPEND:4648,Got it
IDENTICAL_PAIR_DIFFERENT_KEYS,P1427,cp_01M3NX21CTFVRB2M8DBRRMWT4M,outofagerange/not-eligible-by-age-dialogue/main/cta,8,USER-SPEND:4657,Got it
IDENTICAL_PAIR_DIFFERENT_KEYS,P1428,cp_01M3NX20KPEYVBVWWH8VS2C5XN,pay/pw-pl-not-activated/pay/cta,3,PAYMENT:1459,Pay
IDENTICAL_PAIR_DIFFERENT_KEYS,P1428,cp_01M3NX20N8EHK9B3AS7WVR07KZ,pay/checkout/pay/cta,3,PAYMENT:2002,Pay
IDENTICAL_PAIR_DIFFERENT_KEYS,P1428,cp_01M3NX20NHEEAS2BMW05XCZHFM,pay/homepage/flipping/cta,3,PAYMENT:2105,Pay
IDENTICAL_PAIR_DIFFERENT_KEYS,P1429,cp_01M3NX20KPFC5RZMV1GSSKT3NF,selectinstallment/installment-option/main/title,2,PAYMENT:1461,Select installment
IDENTICAL_PAIR_DIFFERENT_KEYS,P1429,cp_01M3NX20M5FTB8A7PJJP54GT9M,dialog/selectinstallment/main/cta,2,PAYMENT:1610,Select installment
IDENTICAL_PAIR_DIFFERENT_KEYS,P1430,cp_01M3NX20KQE0WV95ZAFK3DAQ35,paymentdetails/principalamount/principal-amount/value,2,PAYMENT:1472,Principal amount
IDENTICAL_PAIR_DIFFERENT_KEYS,P1430,cp_01M3NX20MVEPTVRB9SCWCG2WKK,principalamount/payment-review/principal-amount/value,2,PAYMENT:1846;PAYMENT:2008,Principal amount
IDENTICAL_PAIR_DIFFERENT_KEYS,P1431,cp_01M3NX20M1EVNACGXTXKADSTDK,dialog/gopaylatererror/main/title,2,PAYMENT:1579,Can’t continue with GoPay Later
IDENTICAL_PAIR_DIFFERENT_KEYS,P1431,cp_01M3NX20M6FP9AAN65NQAXYA2T,dialog/suspectedplaccount/main/title,2,PAYMENT:1625,Can’t continue with GoPay Later
IDENTICAL_PAIR_DIFFERENT_KEYS,P1432,cp_01M3NX20SFFK595V4YX3VJNHRH,1-1/shared/main/title,6,PAYMENT:3421,Shared payment method
IDENTICAL_PAIR_DIFFERENT_KEYS,P1432,cp_01M3NX20SHF0996RY2M445E625,financepage/sectiontitle/main/text,6,PAYMENT:3437,Shared payment method
IDENTICAL_PAIR_DIFFERENT_KEYS,P1432,cp_01M3NX20SHF53889FKS4JHKVEZ,settingspage/entry-points-on-account-settings/main/title,6,PAYMENT:3442,Shared payment method
IDENTICAL_PAIR_DIFFERENT_KEYS,P1432,cp_01M3NX20SJE7Y92D6WP9HJYPZE,userpov/paymentwidget/main/title,6,PAYMENT:3449,Shared payment method
IDENTICAL_PAIR_DIFFERENT_KEYS,P1432,cp_01M3NX20SJFYMB0VF6X1J3WP1D,landingpage/payment-widget-for-user-to-use/main/title,6,PAYMENT:3456,Shared payment method
IDENTICAL_PAIR_DIFFERENT_KEYS,P1432,cp_01M3NX20T0EM1VA686MAXDMVAH,profilepage/sectiontitle/main/text,6,PAYMENT:3567,Shared payment method
IDENTICAL_PAIR_DIFFERENT_KEYS,P1433,cp_01M3NX20SJFSM9NKTEMN4F02YN,userpov/paymentwidget/owner/value,2,PAYMENT:3450,Owner: {unresolved}
IDENTICAL_PAIR_DIFFERENT_KEYS,P1433,cp_01M3NX20SWEMP977VVNKA8418G,landingpage/card/userpov-ownername/text,2,PAYMENT:3539,Owner: {unresolved}
IDENTICAL_PAIR_DIFFERENT_KEYS,P1434,cp_01M3NX20SPEY1RB93FP4FY8D3D,detailpage/monthlylimit/main/text,2,PAYMENT:3490,Monthly limit
IDENTICAL_PAIR_DIFFERENT_KEYS,P1434,cp_01M3NX20SZF3WS3VT6NDPZTHEZ,detailpage/userpov/monthlylimit/text,2,PAYMENT:3558,Monthly limit
IDENTICAL_PAIR_DIFFERENT_KEYS,P1435,cp_01M3NX20SQFBZTX8ZA5S332R5T,status/expired/main/text,3,PAYMENT:3500,Access expired
IDENTICAL_PAIR_DIFFERENT_KEYS,P1435,cp_01M3NX20SSFTXBET5J3DXETQQ4,landingpage/card/ownerpov-status-expired/text,3,PAYMENT:3514,Access expired
IDENTICAL_PAIR_DIFFERENT_KEYS,P1435,cp_01M3NX20SXERR8T0316BDJGPZY,landingpage/card/userpov-status-expired/text,3,PAYMENT:3542,Access expired
IDENTICAL_PAIR_DIFFERENT_KEYS,P1436,cp_01M3NX20SRFV4T6QAMAZQ4QYQN,status/revoked/main/text,3,PAYMENT:3501,Access disabled
IDENTICAL_PAIR_DIFFERENT_KEYS,P1436,cp_01M3NX20SSE8NBGZMZBXP1AKAA,landingpage/card/ownerpov-status-revoked/text,3,PAYMENT:3515,Access disabled
IDENTICAL_PAIR_DIFFERENT_KEYS,P1436,cp_01M3NX20SXFSQB4P5XA9GK1KAZ,landingpage/card/userpov-status-revoked/text,3,PAYMENT:3543,Access disabled
IDENTICAL_PAIR_DIFFERENT_KEYS,P1437,cp_01M3NX20SREBNBAXM41EREVH0C,status/deleted/main/text,3,PAYMENT:3502,Payment method removed
IDENTICAL_PAIR_DIFFERENT_KEYS,P1437,cp_01M3NX20STF5684JBW4385EWP0,landingpage/card/ownerpov-status-deleted/text,3,PAYMENT:3517,Payment method removed
IDENTICAL_PAIR_DIFFERENT_KEYS,P1437,cp_01M3NX20SXEJ89CVFT7QJBN2BB,landingpage/card/userpov-status-deleted/text,3,PAYMENT:3545,Payment method removed
IDENTICAL_PAIR_DIFFERENT_KEYS,P1438,cp_01M3NX20STF2ZSMHC96EBSNA00,landingpage/card/ownerpov-status/text,2,PAYMENT:3516,Share access cancelled
IDENTICAL_PAIR_DIFFERENT_KEYS,P1438,cp_01M3NX20SXENDTT4EN7T49NNMJ,landingpage/card/userpov-status/text,2,PAYMENT:3544,Share access cancelled
IDENTICAL_PAIR_DIFFERENT_KEYS,P1439,cp_01M3NX20TFFS9REX32PDKR70NZ,sharepromo/expireddialogue/main/cta,2,USER-SPEND:92,"Sure, explore"
IDENTICAL_PAIR_DIFFERENT_KEYS,P1439,cp_01M3NX20TGFAX94WCKF7J29RPR,sharepromo/limiteddialogue/main/cta,2,USER-SPEND:96,"Sure, explore"
IDENTICAL_PAIR_DIFFERENT_KEYS,P1440,cp_01M3NX20THFK18QV3S9B225H8H,error/dialog/server-error/cta,44,USER-SPEND:104,Got it
IDENTICAL_PAIR_DIFFERENT_KEYS,P1440,cp_01M3NX20WDEE2VTM41HH3XJ46T,voucherpacks/onboarding/main/cta,44,USER-SPEND:625,Got it
IDENTICAL_PAIR_DIFFERENT_KEYS,P1440,cp_01M3NX20WTFACAF01YCR3ZRDZE,voucher/reminderdialogue/main/cta,44,USER-SPEND:733,Got it
IDENTICAL_PAIR_DIFFERENT_KEYS,P1440,cp_01M3NX20XCEADRH3CZ1YMKRQPG,widget/paymentscreen/errordialogue-cantusefullcoins/cta,44,USER-SPEND:920,Got it
IDENTICAL_PAIR_DIFFERENT_KEYS,P1440,cp_01M3NX20XFF5EV11QTX5VHATZY,widget/errordialogue/mismatchedmethod/cta,44,USER-SPEND:949,Got it
IDENTICAL_PAIR_DIFFERENT_KEYS,P1440,cp_01M3NX20XJE3988NZ86DM3NN1P,cpm/dialog/disclaimer/cta,44,USER-SPEND:985,Got it
IDENTICAL_PAIR_DIFFERENT_KEYS,P1440,cp_01M3NX2106FD38K16BX4FX19PD,adminfeedialogue/admin-fee-dialogue/main/cta,44,USER-SPEND:1619,Got it
IDENTICAL_PAIR_DIFFERENT_KEYS,P1440,cp_01M3NX210DFJKVFZ1R9RFCPXAW,dialog/vendorerror/main/cta,44,USER-SPEND:1664;USER-SPEND:1787,Got it
IDENTICAL_PAIR_DIFFERENT_KEYS,P1440,cp_01M3NX210DERBTVBFABGPMX961,dialog/doubleathorization/error/cta,44,USER-SPEND:1668,Got it
IDENTICAL_PAIR_DIFFERENT_KEYS,P1440,cp_01M3NX210KFSWTEX04DVAW5VK8,dialog/stillfree/main/cta,44,USER-SPEND:1714;USER-SPEND:1718,Got it
IDENTICAL_PAIR_DIFFERENT_KEYS,P1440,cp_01M3NX210TEQ4BHPB98BVVC0XQ,educationtray/cta/main/cta,44,USER-SPEND:1769,Got it
IDENTICAL_PAIR_DIFFERENT_KEYS,P1440,cp_01M3NX2124F7XRK25P7K75NQEY,setpin/set-up-pin-gopay/main/cta,44,USER-SPEND:2202,Got it
IDENTICAL_PAIR_DIFFERENT_KEYS,P1440,cp_01M3NX212FEHFVQYHRJR2JNGBB,dialog/shared/main/cta,44,USER-SPEND:2288,Got it
IDENTICAL_PAIR_DIFFERENT_KEYS,P1440,cp_01M3NX2138FPKRX90JRMNR2JMA,gotit/max-ticket-booking/main/cta,44,USER-SPEND:2529,Got it
IDENTICAL_PAIR_DIFFERENT_KEYS,P1440,cp_01M3NX215PF3XBWD6SXTNPYPTF,waitingjoin/gotit/main/cta,44,USER-SPEND:3082,Got it
IDENTICAL_PAIR_DIFFERENT_KEYS,P1440,cp_01M3NX215QE6XTYVFTMABMNYX4,cantjoinsplitbill/invitation-closed-removed-due-to/main/cta,44,USER-SPEND:3088,Got it
IDENTICAL_PAIR_DIFFERENT_KEYS,P1440,cp_01M3NX215RFX2TXHQN19EPKQ1D,exceedmemberlimit/cant-join-due-to-25-members/main/cta,44,USER-SPEND:3097,Got it
IDENTICAL_PAIR_DIFFERENT_KEYS,P1440,cp_01M3NX215WECC9BDP3XQKACRH7,cantaccessdraftfromlink/cant-access-draft-from-shared/main/cta,44,USER-SPEND:3128,Got it
IDENTICAL_PAIR_DIFFERENT_KEYS,P1440,cp_01M3NX215ZEAQTBYYRYZWQDAEF,fulldraftmaintenance/full-draft-maintenance/main/cta,44,USER-SPEND:3151,Got it
IDENTICAL_PAIR_DIFFERENT_KEYS,P1440,cp_01M3NX2160FCD8MTT9ZJP9N3JW,partialdraftmaintenance/partial-draft-maintenance/main/cta,44,USER-SPEND:3155,Got it
IDENTICAL_PAIR_DIFFERENT_KEYS,P1440,cp_01M3NX2164FTR9MBY5NEZ07C66,createforother/updateddetails/main/cta,44,USER-SPEND:3186,Got it
IDENTICAL_PAIR_DIFFERENT_KEYS,P1440,cp_01M3NX2165ERFT8X3CCQD7QV5B,cantchangelender/nudge-on-l1/main/cta,44,USER-SPEND:3190,Got it
IDENTICAL_PAIR_DIFFERENT_KEYS,P1440,cp_01M3NX216ZE4AVRA51K64YNQH9,notifiednonuserviawa/non-gopay-user-dialogue-wa-blast/main/cta,44,USER-SPEND:3376;USER-SPEND:3380,Got it
IDENTICAL_PAIR_DIFFERENT_KEYS,P1440,cp_01M3NX2170FZKSMBN95NZ7R261,sharebilldialogue/share-split-bill/main/cta,44,USER-SPEND:3384,Got it
IDENTICAL_PAIR_DIFFERENT_KEYS,P1440,cp_01M3NX2173EVT8WX382XBH0D1E,cantremovememberdialogue/cant-remove-settled-member/main/cta,44,USER-SPEND:3404,Got it
IDENTICAL_PAIR_DIFFERENT_KEYS,P1440,cp_01M3NX2175FFNSZ90HMA5768M6,maintenancedialogue/split-bill-maintenance/main/cta,44,USER-SPEND:3419,Got it
IDENTICAL_PAIR_DIFFERENT_KEYS,P1440,cp_01M3NX2175FCPV73T8YBEJH58Q,billnolongerexist/deleted-split-bill-borrower-side/main/cta,44,USER-SPEND:3423,Got it
IDENTICAL_PAIR_DIFFERENT_KEYS,P1440,cp_01M3NX2177FFTVPVW0CMZ3NQZP,deletedsplitbillalltype/deleted-split-bill-all-type/main/cta,44,USER-SPEND:3431,Got it
IDENTICAL_PAIR_DIFFERENT_KEYS,P1440,cp_01M3NX2177FJ6VFNTXEDG36YKA,publicapiblock/for-hacking-attempt/main/cta,44,USER-SPEND:3435,Got it
IDENTICAL_PAIR_DIFFERENT_KEYS,P1440,cp_01M3NX2179FTWBT5T7T963MVTN,errordialogue/zeroportion/main/cta,44,USER-SPEND:3448,Got it
IDENTICAL_PAIR_DIFFERENT_KEYS,P1440,cp_01M3NX217AE4G99C1KPHQBVJNW,duplicatednumber/duplicated-phone-number/main/cta,44,USER-SPEND:3452,Got it
IDENTICAL_PAIR_DIFFERENT_KEYS,P1440,cp_01M3NX217AEM5V3JQZKRNTNQZM,weeklylimitdialogue/weekly-limit/main/cta,44,USER-SPEND:3456,Got it
IDENTICAL_PAIR_DIFFERENT_KEYS,P1440,cp_01M3NX217BFY7RSTR6ZHYJ6P0A,reachmemberlimit/too-many-members/main/cta,44,USER-SPEND:3460,Got it
IDENTICAL_PAIR_DIFFERENT_KEYS,P1440,cp_01M3NX217KECWVZ4AYDB2S9NBN,cantsplitzerobill/rp0-total-amount/main/cta,44,USER-SPEND:3503,Got it
IDENTICAL_PAIR_DIFFERENT_KEYS,P1440,cp_01M3NX217MEA4RFB8NWG7VHT1M,historylimitationerror/history-order-date-limitation/main/cta,44,USER-SPEND:3512,Got it
IDENTICAL_PAIR_DIFFERENT_KEYS,P1440,cp_01M3NX217PE3HV0YDB3Z29QGQD,versionnotsupportocradjustment/cant-adjust-ocr-bill-from-older/main/cta,44,USER-SPEND:3520,Got it
IDENTICAL_PAIR_DIFFERENT_KEYS,P1440,cp_01M3NX217QF5BS6DDQCR5T1CR8,cantremoveallitemfrompaidmember/cant-remove-all-assigned-item-of/main/cta,44,USER-SPEND:3528,Got it
IDENTICAL_PAIR_DIFFERENT_KEYS,P1440,cp_01M3NX217VEJWVABQ8W7MF7EZH,internal/invalidbillid/main/cta,44,USER-SPEND:3557,Got it
IDENTICAL_PAIR_DIFFERENT_KEYS,P1440,cp_01M3NX218YENW9GZAA2CJWYWDE,transactionexpired/expiry-nudge/main/cta,44,USER-SPEND:3824,Got it
IDENTICAL_PAIR_DIFFERENT_KEYS,P1440,cp_01M3NX2190E9EV3EBS72A576FW,havebeenpaid/cancellation-attempt-payments/main/cta,44,USER-SPEND:3832,Got it
IDENTICAL_PAIR_DIFFERENT_KEYS,P1440,cp_01M3NX2190E54SQJC53Y94V99K,midtransrejection/rejected/main/cta,44,USER-SPEND:3836,Got it
IDENTICAL_PAIR_DIFFERENT_KEYS,P1440,cp_01M3NX2191FJ1ASQ4KA0PJBVGN,gennieremovaldelay/cancelled-trx-still-appear-on/main/cta,44,USER-SPEND:3840,Got it
IDENTICAL_PAIR_DIFFERENT_KEYS,P1440,cp_01M3NX21AFEA1RNW2FV2SWCZPF,permissionsetting/mandatory/main/cta,44,USER-SPEND:4137,Got it
IDENTICAL_PAIR_DIFFERENT_KEYS,P1440,cp_01M3NX21C7F08BRC30E8W3K5Y4,reachmaxticketbooking/max-ticket-booking/main/cta,44,USER-SPEND:4531,Got it
IDENTICAL_PAIR_DIFFERENT_KEYS,P1441,cp_01M3NX20V2FPDAZSBT05RAK3WG,error/dialog/noconnection/description,2,USER-SPEND:277;USER-SPEND:1777;USER-SPEND:2509,Check your internet connection on Settings or try to refresh the page.
IDENTICAL_PAIR_DIFFERENT_KEYS,P1441,cp_01M3NX20V3ECX9TZ9NB1CT7PYF,error/connectionerror/pagination/description,2,USER-SPEND:290;USER-SPEND:2501;USER-SPEND:2616;USER-SPEND:4477,Check your internet connection on Settings or try to refresh the page.
IDENTICAL_PAIR_DIFFERENT_KEYS,P1442,cp_01M3NX20V3FWJV1MWRS7SB8M0C,error/server-error/pagination/title,2,USER-SPEND:285;USER-SPEND:2496;USER-SPEND:2608;USER-SPEND:4472,There's a technical error
IDENTICAL_PAIR_DIFFERENT_KEYS,P1442,cp_01M3NX210CETA8CH6TP02HC2AA,dialog/vendorerror/main/title,2,USER-SPEND:1662,There's a technical error
IDENTICAL_PAIR_DIFFERENT_KEYS,P1443,cp_01M3NX20VHFMSBN1WSNAW6KHV5,promo/detail/proceed/cta,2,USER-SPEND:394,Proceed
IDENTICAL_PAIR_DIFFERENT_KEYS,P1443,cp_01M3NX219TFY6A8BF5ZXKS6H7T,consent/proceed/main/cta,2,USER-SPEND:4012,Proceed
IDENTICAL_PAIR_DIFFERENT_KEYS,P1444,cp_01M3NX20VYFEGA4TD86YC3SBNS,search/minrequiredcharacters/main/title,2,USER-SPEND:516;USER-SPEND:2008,Please type at least 3 characters
IDENTICAL_PAIR_DIFFERENT_KEYS,P1444,cp_01M3NX21AYFEPAH0G8B8MH509M,mincharacter/no-matching-result/type-more-char/title,2,USER-SPEND:4238,Please type at least 3 characters
IDENTICAL_PAIR_DIFFERENT_KEYS,P1445,cp_01M3NX20W8E37RGGSHAX02Y4V4,voucherpacks/onboarding/bar1/title,2,USER-SPEND:593,Save more with Voucher Packs!
IDENTICAL_PAIR_DIFFERENT_KEYS,P1445,cp_01M3NX20WCE76SVMSK1XJPJHYE,voucherpacks/onboarding/main/title,2,USER-SPEND:619,Save more with Voucher Packs!
IDENTICAL_PAIR_DIFFERENT_KEYS,P1446,cp_01M3NX20WYEN09JJ9C1SGRD7K8,widget/cantusefullcoins/main/helper,2,USER-SPEND:786;USER-SPEND:789;USER-SPEND:792;USER-SPEND:911,Can't use the selected promo
IDENTICAL_PAIR_DIFFERENT_KEYS,P1446,cp_01M3NX20XEFR19CP4AHJR6C4EA,widget/mismatchedmethod/main/title,2,USER-SPEND:944,Can't use the selected promo
IDENTICAL_PAIR_DIFFERENT_KEYS,P1447,cp_01M3NX20X4EAMTT2K1YC2NQ3GM,widget/promolisting/inapplicablepromo/text-available-again,2,USER-SPEND:846,Will be available again on {restart_date}.
IDENTICAL_PAIR_DIFFERENT_KEYS,P1447,cp_01M3NX20X5FXPV6GBNK96BDJ81,widget/promolisting/inapplicablepromo/text-available-again-2,2,USER-SPEND:852,Will be available again on {restart_date}.
IDENTICAL_PAIR_DIFFERENT_KEYS,P1448,cp_01M3NX20YMFTG9DDY2GH74THC2,intronudge/intro-dialogue/main/cta,4,USER-SPEND:1262,Close
IDENTICAL_PAIR_DIFFERENT_KEYS,P1448,cp_01M3NX212WE5YB0YJ5Z3RZ0MQD,ticketqr/close/main/cta,4,USER-SPEND:2409,Close
IDENTICAL_PAIR_DIFFERENT_KEYS,P1448,cp_01M3NX215DF1EAW3ZM3VV87JD6,closepreview/split-bill-details/close-preview/cta,4,USER-SPEND:3019,Close
IDENTICAL_PAIR_DIFFERENT_KEYS,P1448,cp_01M3NX215FFG1SRZCG9Q0CPJEX,close/qr/close/cta,4,USER-SPEND:3039,Close
IDENTICAL_PAIR_DIFFERENT_KEYS,P1449,cp_01M3NX20ZZENCVQEZKHME1EZ8V,landing/scanticket/cta/cta,2,USER-SPEND:1560,Scan ticket
IDENTICAL_PAIR_DIFFERENT_KEYS,P1449,cp_01M3NX210XEWTSQZEXJ4W7SAG5,temporary/instruction1/step-1/text,2,USER-SPEND:1808,Scan ticket
IDENTICAL_PAIR_DIFFERENT_KEYS,P1450,cp_01M3NX2100E72A160123QN4FR1,landing/promosection/main/cta,5,USER-SPEND:1569,View all
IDENTICAL_PAIR_DIFFERENT_KEYS,P1450,cp_01M3NX2117FSY8PWWXSFKKER6Z,viewall/home-payments-entry-point/see-all/cta,5,USER-SPEND:1932;USER-SPEND:1952;USER-SPEND:1955;USER-SPEND:1958,View all
IDENTICAL_PAIR_DIFFERENT_KEYS,P1450,cp_01M3NX212YF5PAMRP7FDS205FW,viewall/booked-ticket-section/view-all/cta,5,USER-SPEND:2425,View all
IDENTICAL_PAIR_DIFFERENT_KEYS,P1450,cp_01M3NX213GE3AVBN29EJREV5CM,transfer/request-and-split-bill-card-on/main/cta,5,USER-SPEND:2584,View all
IDENTICAL_PAIR_DIFFERENT_KEYS,P1450,cp_01M3NX21D8FXBA56J46ZKX8B4Z,home/merchantpromo/viewall/text,5,USER-SPEND:4741,View all
IDENTICAL_PAIR_DIFFERENT_KEYS,P1451,cp_01M3NX2101E7Y9722BQ1DJVG62,landing/needlocationpermission/main/title,2,USER-SPEND:1579,Allow location permission
IDENTICAL_PAIR_DIFFERENT_KEYS,P1451,cp_01M3NX212SF89ASCEQXH8QWMWN,locationpermission/homepage/location-permission/title,2,USER-SPEND:2374,Allow location permission
IDENTICAL_PAIR_DIFFERENT_KEYS,P1452,cp_01M3NX2101EHCRFGGEDZDXYW8G,landing/needlocationpermission/allow/cta,2,USER-SPEND:1581,Allow permission
IDENTICAL_PAIR_DIFFERENT_KEYS,P1452,cp_01M3NX212SFBDS5S78Q98VNRST,locationpermission/homepage/main/cta,2,USER-SPEND:2376,Allow permission
IDENTICAL_PAIR_DIFFERENT_KEYS,P1453,cp_01M3NX2109EDXA4W99Z03YP9HM,stepstat/completed/stat/description,2,USER-SPEND:1641;USER-SPEND:1739,Have a safe trip!
IDENTICAL_PAIR_DIFFERENT_KEYS,P1453,cp_01M3NX210RE53V8E51E1ZWEZ4S,pushnotif/success/main/title,2,USER-SPEND:1753,Have a safe trip!
IDENTICAL_PAIR_DIFFERENT_KEYS,P1454,cp_01M3NX210JE7FSH8H2P1R9HMPR,inputcode/input-code/ticket-number/title,3,USER-SPEND:1705,Ticket number
IDENTICAL_PAIR_DIFFERENT_KEYS,P1454,cp_01M3NX210QFCBAMPRF290PRK95,paydetails/ticketnumber/ticket-number/value,3,USER-SPEND:1746,Ticket number
IDENTICAL_PAIR_DIFFERENT_KEYS,P1454,cp_01M3NX2134FCC982W7TDWP1ZCF,detail/ticketnumber/ticket-number/value,3,USER-SPEND:2476,Ticket number
IDENTICAL_PAIR_DIFFERENT_KEYS,P1455,cp_01M3NX210QEHT9WXJF8HENG404,discount/completed-step/discount/title,2,USER-SPEND:1749,Discount
IDENTICAL_PAIR_DIFFERENT_KEYS,P1455,cp_01M3NX2153EDBSWMTP0NZTW05B,discount/scanned-receipt/discount/label,2,USER-SPEND:2933,Discount
IDENTICAL_PAIR_DIFFERENT_KEYS,P1456,cp_01M3NX210REXNV1TP44F6JZBFM,paidamount/completed-step/paid-amount-total/value,2,USER-SPEND:1751,Rp{amount}
IDENTICAL_PAIR_DIFFERENT_KEYS,P1456,cp_01M3NX210WEBS8RDANHGJ0S8TS,fee/shared/fee-amount/value,2,USER-SPEND:1796,Rp{amount}
IDENTICAL_PAIR_DIFFERENT_KEYS,P1457,cp_01M3NX2115EZKB5TECH3976A0J,vanumber/copy/main/cta,2,USER-SPEND:1893,Copy
IDENTICAL_PAIR_DIFFERENT_KEYS,P1457,cp_01M3NX218TFEDVFT2PNKS16DQ6,copy/copy-toast/main/cta,2,USER-SPEND:3792,Copy
IDENTICAL_PAIR_DIFFERENT_KEYS,P1458,cp_01M3NX212NE18BZBB5P020NN79,departureplaceholder/homepage/departure/placeholder,2,USER-SPEND:2349,Search departure station
IDENTICAL_PAIR_DIFFERENT_KEYS,P1458,cp_01M3NX21BVFV4SE40MRZXJM05N,search/departurestation/search-departure/placeholder,2,USER-SPEND:4446,Search departure station
IDENTICAL_PAIR_DIFFERENT_KEYS,P1459,cp_01M3NX212PF53V6MY20NCP6KRA,buyticket/homepage/buy-ticket/cta,2,USER-SPEND:2354;USER-SPEND:2461;USER-SPEND:2465;USER-SPEND:2520,Buy ticket
IDENTICAL_PAIR_DIFFERENT_KEYS,P1459,cp_01M3NX21BZFHS8RWEFJ1EEEFHZ,buyticket/buy-ticket/main/title,2,USER-SPEND:4484;USER-SPEND:4495,Buy ticket
IDENTICAL_PAIR_DIFFERENT_KEYS,P1460,cp_01M3NX212TFM0V1GNAABBMA8W9,pay/checkout/pay/cta,2,USER-SPEND:2388,Pay
IDENTICAL_PAIR_DIFFERENT_KEYS,P1460,cp_01M3NX214KER8B58A50AN3GBMG,gennie/gopay-home/main/cta,2,USER-SPEND:2822,Pay
IDENTICAL_PAIR_DIFFERENT_KEYS,P1461,cp_01M3NX212WFX6S9B1J3J1WRVB2,editticket/ticket-qr/edit/cta,2,USER-SPEND:2410;USER-SPEND:2446,Edit ticket
IDENTICAL_PAIR_DIFFERENT_KEYS,P1461,cp_01M3NX21C4FH3AKS5SFW948AEZ,editticket/ticket/edit/cta,2,USER-SPEND:4513,Edit ticket
IDENTICAL_PAIR_DIFFERENT_KEYS,P1462,cp_01M3NX2135EFY8DSDG0BRMWR0P,goback/cancellation-dialogue/main/cta,4,USER-SPEND:2486;USER-SPEND:2519,Go back
IDENTICAL_PAIR_DIFFERENT_KEYS,P1462,cp_01M3NX2174F18RSAQG5JY69FWM,rejectdialogue/back/main/cta,4,USER-SPEND:3414,Go back
IDENTICAL_PAIR_DIFFERENT_KEYS,P1462,cp_01M3NX21C6E8NR4DGK5MB4F1YH,cancelticket/goback/main/cta,4,USER-SPEND:4525,Go back
IDENTICAL_PAIR_DIFFERENT_KEYS,P1462,cp_01M3NX21C9FEQTZCGJEAJVDA2B,outofservicearea/outside-service-area/main/cta,4,USER-SPEND:4543,Go back
IDENTICAL_PAIR_DIFFERENT_KEYS,P1463,cp_01M3NX2135F1WTCY3H7P4AYYNY,ticketcancelled/cancellation-dialogue/main/toast,2,USER-SPEND:2489,"Okay, your ticket has been cancelled"
IDENTICAL_PAIR_DIFFERENT_KEYS,P1463,cp_01M3NX21C6FGVTDHW09HNH463Q,cancelticket/cancel-ticket/main/toast,2,USER-SPEND:4527,"Okay, your ticket has been cancelled"
IDENTICAL_PAIR_DIFFERENT_KEYS,P1464,cp_01M3NX2137FEBBDN0FQ46XYNQP,paymentfaileddialogue/payment-failed/main/title,3,USER-SPEND:2522,Payment failed
IDENTICAL_PAIR_DIFFERENT_KEYS,P1464,cp_01M3NX218YFSQTGYEAK4ECJ6KT,failedpayment/failed-payment/main/title,3,USER-SPEND:3818,Payment failed
IDENTICAL_PAIR_DIFFERENT_KEYS,P1464,cp_01M3NX2190FQQTKEDGYKJ6BRF9,midtransrejection/rejected/main/title,3,USER-SPEND:3834,Payment failed
IDENTICAL_PAIR_DIFFERENT_KEYS,P1465,cp_01M3NX2137EHESGRBFFZE8HY5C,tryagain/payment-failed/main/cta,2,USER-SPEND:2525,Try again
IDENTICAL_PAIR_DIFFERENT_KEYS,P1465,cp_01M3NX21C1FZGVH4PRZFW8MXK3,failedtocreateticket/failed-to-create-ticket/main/cta,2,USER-SPEND:4499,Try again
IDENTICAL_PAIR_DIFFERENT_KEYS,P1466,cp_01M3NX2137EHXVGB3RJYS9BGSD,maxbookreacheddialogue/max-ticket-booking/main/title,2,USER-SPEND:2527,You’ve reached max ticket booking
IDENTICAL_PAIR_DIFFERENT_KEYS,P1466,cp_01M3NX21C6EEE8WC835BH2DMPX,reachmaxticketbooking/max-ticket-booking/main/title,2,USER-SPEND:4529,You’ve reached max ticket booking
IDENTICAL_PAIR_DIFFERENT_KEYS,P1467,cp_01M3NX2139EGS85TTM0TGZV1G8,activetickets/open/main/cta,2,USER-SPEND:2540;USER-SPEND:3751,Open
IDENTICAL_PAIR_DIFFERENT_KEYS,P1467,cp_01M3NX21CVEGFSG4Y5PJTRZNT3,reminder/reminder/main/cta,2,USER-SPEND:4661,Open
IDENTICAL_PAIR_DIFFERENT_KEYS,P1468,cp_01M3NX213JEAC9D2VSSPZMSW1C,participant/tail/and-you-2-people/text,2,USER-SPEND:2598,", and you"
IDENTICAL_PAIR_DIFFERENT_KEYS,P1468,cp_01M3NX214VFP58WJCYH0Z7T987,andyou/split-bill-landing/and-you/text,2,USER-SPEND:2874,", and you"
IDENTICAL_PAIR_DIFFERENT_KEYS,P1469,cp_01M3NX213KEE79VRT6R3J8ZWKB,requestandsplitbillhistory/paymentprogress/x-of-y-paid/text,2,USER-SPEND:2600,{n} of {y} paid
IDENTICAL_PAIR_DIFFERENT_KEYS,P1469,cp_01M3NX214VEC8VF3D9H156RV2G,paidprogress/split-bill-landing/x-of-y-paid/text,2,USER-SPEND:2876,{n} of {y} paid
IDENTICAL_PAIR_DIFFERENT_KEYS,P1470,cp_01M3NX213REQ59SSAS3FKCT1WP,selectmembers/input-bill-amount/add-participant/cta,2,USER-SPEND:2643,Select members
IDENTICAL_PAIR_DIFFERENT_KEYS,P1470,cp_01M3NX213TF66SQNM8WK0E58N6,selectmember/select-member/main/title,2,USER-SPEND:2657,Select members
IDENTICAL_PAIR_DIFFERENT_KEYS,P1471,cp_01M3NX213SESWSSF6YWP57Y1KC,addimage/choosefromgallery/gallery/text,3,USER-SPEND:2655,Choose from gallery
IDENTICAL_PAIR_DIFFERENT_KEYS,P1471,cp_01M3NX214ZF4BSZDR3N0ANT86K,choosefromgalery/upload-bill-prompt/opt-2/text,3,USER-SPEND:2907,Choose from gallery
IDENTICAL_PAIR_DIFFERENT_KEYS,P1471,cp_01M3NX2156EZHA2YCDFY7VP4K3,rescanreceipt/choosefromgallery/opt-2/cta,3,USER-SPEND:2959,Choose from gallery
IDENTICAL_PAIR_DIFFERENT_KEYS,P1472,cp_01M3NX2146F50990E4E99SH53W,members/split-bill-details/member/title,2,USER-SPEND:2734,{n} members
IDENTICAL_PAIR_DIFFERENT_KEYS,P1472,cp_01M3NX214RF7CVK5HKHC5NM8RV,gojek/member/n-of-participant/text,2,USER-SPEND:2853,{n} members
IDENTICAL_PAIR_DIFFERENT_KEYS,P1473,cp_01M3NX214BEP49VYEYJ6JA9XJH,addbankaccount/addnewaccount/add/cta,2,USER-SPEND:2774,Add
IDENTICAL_PAIR_DIFFERENT_KEYS,P1473,cp_01M3NX214DFFQ8D1J1JMF91824,addnew/bank-list/add-bank-account/title,2,USER-SPEND:2783,Add
IDENTICAL_PAIR_DIFFERENT_KEYS,P1474,cp_01M3NX214SFC1TPNKPHV1CQEQX,createnew/ocr/main/description,2,USER-SPEND:2865,Upload your receipt so we can help you to calculate the shares.
IDENTICAL_PAIR_DIFFERENT_KEYS,P1474,cp_01M3NX21AZFPYA2XDD5GBXWH7K,splitbill/ocr/main/description,2,USER-SPEND:4245,Upload your receipt so we can help you to calculate the shares.
IDENTICAL_PAIR_DIFFERENT_KEYS,P1475,cp_01M3NX214ZE9G9M5Z1BXKD8127,takenewpic/upload-bill-prompt/opt-1/text,2,USER-SPEND:2906,Take a new picture
IDENTICAL_PAIR_DIFFERENT_KEYS,P1475,cp_01M3NX2156F79RVW2RMEPQ08ND,rescanreceipt/takenewpict/opt-1/cta,2,USER-SPEND:2958,Take a new picture
IDENTICAL_PAIR_DIFFERENT_KEYS,P1476,cp_01M3NX2150FZGT1PQG3A90P7W2,retakeconfirmation/retake-confirmation/retake/cta,3,USER-SPEND:2916,Retake
IDENTICAL_PAIR_DIFFERENT_KEYS,P1476,cp_01M3NX2157FW0B2X3Z0TVNV0PW,retakebillphoto/delete-confirmation/retake/cta,3,USER-SPEND:2962,Retake
IDENTICAL_PAIR_DIFFERENT_KEYS,P1476,cp_01M3NX2172EYP9WHSEHTQDTF4F,cameraretake/retace/main/cta,3,USER-SPEND:3399,Retake
IDENTICAL_PAIR_DIFFERENT_KEYS,P1477,cp_01M3NX2151ED7SMGF0HVY5P8HS,choosethisphoto/retake-confirmation/use-this-photo/cta,2,USER-SPEND:2917,Use this photo
IDENTICAL_PAIR_DIFFERENT_KEYS,P1477,cp_01M3NX2172FS4ABCRSCR5769SY,cameraretake/usephoto/main/cta,2,USER-SPEND:3400,Use this photo
IDENTICAL_PAIR_DIFFERENT_KEYS,P1478,cp_01M3NX2154F8PRHTPE5G862EAV,editbill/scanned-receipt/edit-bill/cta,3,USER-SPEND:2937,Edit bill
IDENTICAL_PAIR_DIFFERENT_KEYS,P1478,cp_01M3NX2157ESZRV9H0717GDGSP,editbill/edit-bill/main/title,3,USER-SPEND:2964,Edit bill
IDENTICAL_PAIR_DIFFERENT_KEYS,P1478,cp_01M3NX217EFQPVGDA2Z8VK87D4,errordialogue/emptybill/editbillcta/cta-primary,3,USER-SPEND:3474,Edit bill
IDENTICAL_PAIR_DIFFERENT_KEYS,P1479,cp_01M3NX2154FDTBTVVXV12S4X1Q,confirm/scanned-receipt/confirm/cta,7,USER-SPEND:2938,Confirm
IDENTICAL_PAIR_DIFFERENT_KEYS,P1479,cp_01M3NX215CECRRDD22N6B719DZ,gopay/splitbill/confirm/cta,7,USER-SPEND:3013,Confirm
IDENTICAL_PAIR_DIFFERENT_KEYS,P1479,cp_01M3NX2163FQH8A2F6NQ7M4944,selectlender/nudge-on-l1/main/cta,7,USER-SPEND:3176,Confirm
IDENTICAL_PAIR_DIFFERENT_KEYS,P1479,cp_01M3NX2173FHKBCSESDAAF1TPR,settlementdialogue/confirm/main/cta,7,USER-SPEND:3409,Confirm
IDENTICAL_PAIR_DIFFERENT_KEYS,P1479,cp_01M3NX217HF7GTZ28HP2BMVY74,billeditconfirmation/confirmcta/main/cta-secondary,7,USER-SPEND:3490,Confirm
IDENTICAL_PAIR_DIFFERENT_KEYS,P1479,cp_01M3NX217REGQ9FAAF7AR1JG0Z,changeimageasattachment/confirm/main/cta,7,USER-SPEND:3538,Confirm
IDENTICAL_PAIR_DIFFERENT_KEYS,P1479,cp_01M3NX217SFTM9PHDHHDYSCA3G,confirmautocalculation/confirm/main/cta,7,USER-SPEND:3543,Confirm
IDENTICAL_PAIR_DIFFERENT_KEYS,P1480,cp_01M3NX215RE2VRR027HPK7P87F,exceedmemberlimit/cant-join-due-to-25-members/main/title,2,USER-SPEND:3095,Too many members
IDENTICAL_PAIR_DIFFERENT_KEYS,P1480,cp_01M3NX217BF8PSPVA32A1PF6AG,reachmemberlimit/too-many-members/main/title,2,USER-SPEND:3458,Too many members
IDENTICAL_PAIR_DIFFERENT_KEYS,P1481,cp_01M3NX215WE5DREVMHTBQAD182,deletesplitbill/delete-draft-confirmation/main/title,2,USER-SPEND:3130,Delete this split bill?
IDENTICAL_PAIR_DIFFERENT_KEYS,P1481,cp_01M3NX2170EJYRJ1CKW0DCJ0RH,discardbilldialogue/discard-split-bill/main/title,2,USER-SPEND:3386,Delete this split bill?
IDENTICAL_PAIR_DIFFERENT_KEYS,P1482,cp_01M3NX2171E14RWKF04SCD541G,accesscameradialogue/camera-access-permission/main/cta,2,USER-SPEND:3393,"Yes, continue"
IDENTICAL_PAIR_DIFFERENT_KEYS,P1482,cp_01M3NX2172E9K8T5X8ZKZ5XF9R,accessgallerydialogue/gallery-access-permission/main/cta,2,USER-SPEND:3397,"Yes, continue"
IDENTICAL_PAIR_DIFFERENT_KEYS,P1483,cp_01M3NX217GFYF9N83YF7VJTHRN,membernotassigned/readjustcta/main/cta-primary,2,USER-SPEND:3484,Readjust
IDENTICAL_PAIR_DIFFERENT_KEYS,P1483,cp_01M3NX217PEEG947WFP1JTGSQJ,cantsplitwithonememberonly/cant-split-bill-with-1-member/main/cta,2,USER-SPEND:3524,Readjust
IDENTICAL_PAIR_DIFFERENT_KEYS,P1484,cp_01M3NX21CVE8EV6DRNWNA3XA2Y,invitationpage/greeting/greeting/text,2,USER-SPEND:4663,"Hi, {first_name}! 👋🏻"
IDENTICAL_PAIR_DIFFERENT_KEYS,P1484,cp_01M3NX21CWFX6VZ4HNRGTTKTNH,welcomepage/greeting/main/title,2,USER-SPEND:4670,"Hi, {first_name}! 👋🏻"
IDENTICAL_PAIR_DIFFERENT_KEYS,P1485,cp_01M3NX21J5FH6T612K5AH6HMW2,deactivation/reasonslist/cancel/cta,2,TABUNGAN:920,Keep Tabungan open
IDENTICAL_PAIR_DIFFERENT_KEYS,P1485,cp_01M3NX21J8EHA8FS4810Z0V4A6,deactivation/prerequisites/cancel/cta,2,TABUNGAN:934,Keep Tabungan open
IDENTICAL_PAIR_DIFFERENT_KEYS,P1486,cp_01M3NX21J7F39T349NQPWAT3MF,deactivation/prerequisites/loseinterest/description,2,TABUNGAN:932,You'll lose this month's interest earning if you close your Tabungan before the end of this month.
IDENTICAL_PAIR_DIFFERENT_KEYS,P1486,cp_01M3NX21J8E35BSQCKJ5XENYEG,deactivation/prerequisites/remaininginterest/description,2,TABUNGAN:937,You'll lose this month's interest earning if you close your Tabungan before the end of this month.
IDENTICAL_PAIR_DIFFERENT_KEYS,P1487,cp_01M3NX21KXF5ARX6XF0DMJY2HS,prelogin/variantb/location-permission-benefits-1/title,2,CONSUMER:96,Be the first to try GoPay app in your city!
IDENTICAL_PAIR_DIFFERENT_KEYS,P1487,cp_01M3NX21KYEH6AN8010WHV216A,prelogin/varianta/greeting/title,2,CONSUMER:99,Be the first to try GoPay app in your city!
IDENTICAL_PAIR_DIFFERENT_KEYS,P1488,cp_01M3NX21KZEMAS4E6QSJCZ94RS,prelogin/varianta/locationaccess-drawer-card/title,2,CONSUMER:102,Allow GoPay to access your location
IDENTICAL_PAIR_DIFFERENT_KEYS,P1488,cp_01M3NX21M5F85S1Y0K1AQ0AXRN,waitlist/locationaccess/drawer-card/title-2,2,CONSUMER:133,Allow GoPay to access your location
IDENTICAL_PAIR_DIFFERENT_KEYS,P1489,cp_01M3NX21KZFENR893E94662NQG,prelogin/varianta/locationaccess-drawer-card/description,2,CONSUMER:103,"If you're in the selected city, we'll give you a chance to get early access to the app."
IDENTICAL_PAIR_DIFFERENT_KEYS,P1489,cp_01M3NX21M5FYJR38NXGZDEYXYJ,waitlist/locationaccess/drawer-card-descripton/text-re-selected-city-ll,2,CONSUMER:134,"If you're in the selected city, we'll give you a chance to get early access to the app."
IDENTICAL_PAIR_DIFFERENT_KEYS,P1490,cp_01M3NX21M0FVYR3MYZGXRSGT1M,waitlist/drawer/main/title,2,CONSUMER:106,"Good news, GoPay is live in {city}!"
IDENTICAL_PAIR_DIFFERENT_KEYS,P1490,cp_01M3NX21M2E9PVHP8NND7DHKJ4,waitlist/drawer/invitefriends-qrcode/text,2,CONSUMER:115,"Good news, GoPay is live in {city}!"
IDENTICAL_PAIR_DIFFERENT_KEYS,P1491,cp_01M3NX21QQFHAT0M68BGRRR2WS,othersetting/managebiometric/on-other-security-settings/title,2,CONSUMER:939,Manage {unresolved}
IDENTICAL_PAIR_DIFFERENT_KEYS,P1491,cp_01M3NX21QRE4YRS46YS5QXTG9Z,managebiometricpage/shared/for-manage-biometric/title,2,CONSUMER:944,Manage {unresolved}
IDENTICAL_PAIR_DIFFERENT_KEYS,P1492,cp_01M3NX21QVEPVRFEJX274Y30Q9,securitymeter/api-failed/main/cta,3,CONSUMER:960,Refresh
IDENTICAL_PAIR_DIFFERENT_KEYS,P1492,cp_01M3NX2207FG18H4858DVJVEXS,homepage/revamp/mytickets-internetoffline/cta-2,3,CONSUMER:2944,Refresh
IDENTICAL_PAIR_DIFFERENT_KEYS,P1492,cp_01M3NX2285F2G9HBQ9EFT2RRHJ,chatroom/group/options-refresh/cta,3,CONSUMER:4570,Refresh
IDENTICAL_PAIR_DIFFERENT_KEYS,P1493,cp_01M3NX21Y9F16AGPSE2NA9CEVT,locationpermission/shared/main/cta-continue,2,CONSUMER:2466,"Yes, continue"
IDENTICAL_PAIR_DIFFERENT_KEYS,P1493,cp_01M3NX229DEG4R2RYP6163HMNB,confirmation/owner/assignadmin-yes/cta,2,CONSUMER:4792,"Yes, continue"
IDENTICAL_PAIR_DIFFERENT_KEYS,P1494,cp_01M3NX2225FJVAQKR3RKM2EPCW,appsettings/accessibility/accessibility/title,2,CONSUMER:3316,Accessibility
IDENTICAL_PAIR_DIFFERENT_KEYS,P1494,cp_01M3NX22DKEVQTNM6WVPGJ3XA4,settings/landingpage/apppreferences-accessibility/title,2,CONSUMER:5546,Accessibility
IDENTICAL_PAIR_DIFFERENT_KEYS,P1495,cp_01M3NX2280EJ7ANHA3ZPRQAEXB,creategroup/entry-point/main/cta,4,CONSUMER:4540,Create group
IDENTICAL_PAIR_DIFFERENT_KEYS,P1495,cp_01M3NX2281FNQTRS69KH09VXB6,chatroom/person/options-creategroup/cta,4,CONSUMER:4547,Create group
IDENTICAL_PAIR_DIFFERENT_KEYS,P1495,cp_01M3NX2281E0EBFFNTDT6K2FET,genie/social/group/cta,4,CONSUMER:4549,Create group
IDENTICAL_PAIR_DIFFERENT_KEYS,P1495,cp_01M3NX228FEK2RFB322B3N8BG8,creationflow/addgroupdetails/main/title,4,CONSUMER:4629,Create group
IDENTICAL_PAIR_DIFFERENT_KEYS,P1496,cp_01M3NX2282F78BA7M6C69FXNDS,groupinvitation/entry-point/main/title,3,CONSUMER:4553,Group invitation
IDENTICAL_PAIR_DIFFERENT_KEYS,P1496,cp_01M3NX2282F4QVASDD3XJ7BFPN,geniereminder/group/main/title,3,CONSUMER:4556,Group invitation
IDENTICAL_PAIR_DIFFERENT_KEYS,P1496,cp_01M3NX2284F6GV57QKGRW518ZS,groupinvitation/landingpage/empty/title,3,CONSUMER:4563,Group invitation
IDENTICAL_PAIR_DIFFERENT_KEYS,P1497,cp_01M3NX2282FJAACQZK1B4XN2P0,groupinvitation/view/genie-and-social/cta,2,CONSUMER:4554,View all
IDENTICAL_PAIR_DIFFERENT_KEYS,P1497,cp_01M3NX2288F56AHG47V73XNAW7,viewallmembers/entry-point/main/title,2,CONSUMER:4591,View all
IDENTICAL_PAIR_DIFFERENT_KEYS,P1498,cp_01M3NX2286EEBBAZAZB9KHAE6E,settings/entry-point/main/title,3,CONSUMER:4579,Settings
IDENTICAL_PAIR_DIFFERENT_KEYS,P1498,cp_01M3NX22DEE15RH6DG9RV566QJ,settings/entrypoint/entry-point-on-account/title,3,CONSUMER:5511,Settings
IDENTICAL_PAIR_DIFFERENT_KEYS,P1498,cp_01M3NX22DEFX9VN5SYHS2R788Z,settings/landingpage/settings/title,3,CONSUMER:5514,Settings
IDENTICAL_PAIR_DIFFERENT_KEYS,P1499,cp_01M3NX2289EJQVTVXPVC42V6MT,members/status/owner/text,2,CONSUMER:4594,Owner
IDENTICAL_PAIR_DIFFERENT_KEYS,P1499,cp_01M3NX229BEH8ACE1RJ0DX6TNG,assignenewowner/status/main/text,2,CONSUMER:4779,Owner
IDENTICAL_PAIR_DIFFERENT_KEYS,P1500,cp_01M3NX228EE0FBSK1DVZFNNWH7,creationflow/selectmembers/result-recommendation/text,2,CONSUMER:4621,Recommendations
IDENTICAL_PAIR_DIFFERENT_KEYS,P1500,cp_01M3NX22D4F5QRYRRQ1M7B21N9,detailpage/manageable/nonfinance-recommendations/title,2,CONSUMER:5400,Recommendations
IDENTICAL_PAIR_DIFFERENT_KEYS,P1501,cp_01M3NX228GFV4R44Q3JZMWMKD1,creationflow/addgroupdetails/placeholder-typename/text,2,CONSUMER:4633,Enter group name
IDENTICAL_PAIR_DIFFERENT_KEYS,P1501,cp_01M3NX228QEG0ADFFG4FHCQBJB,existinggroup/selection/searchplaceholder/text,2,CONSUMER:4673,Enter group name
IDENTICAL_PAIR_DIFFERENT_KEYS,P1502,cp_01M3NX228HE84BEA3B7ZHGFEWG,creationflow/addgroupdetails/error-nameviolation/text,2,CONSUMER:4635,Choose a different group name
IDENTICAL_PAIR_DIFFERENT_KEYS,P1502,cp_01M3NX22A1FNRBESB9N31A9GJE,nameviolation/users-already-left-kicked-out/main/title,2,CONSUMER:4887,Choose a different group name
IDENTICAL_PAIR_DIFFERENT_KEYS,P1503,cp_01M3NX228NFPYS2KNVBA9BV6SH,chatroom/group/howmanymember/text,2,CONSUMER:4662,{unresolved} members
IDENTICAL_PAIR_DIFFERENT_KEYS,P1503,cp_01M3NX229SEQXBKADDJ5N2AHPT,chatroom/bubblechat/splitbill-totalmember/text,2,CONSUMER:4849,{unresolved} members
IDENTICAL_PAIR_DIFFERENT_KEYS,P1504,cp_01M3NX2291F25S3H8T7E3QT1BT,chatroom/features/sharetransaction/text,2,CONSUMER:4719,Share transactions
IDENTICAL_PAIR_DIFFERENT_KEYS,P1504,cp_01M3NX22B1EXQBEQ4XSQXD86PY,toolbar/sharetransaction/main/text,2,CONSUMER:5013,Share transactions
IDENTICAL_PAIR_DIFFERENT_KEYS,P1505,cp_01M3NX2292F9EVDE9FNDVCQ0FC,owner/addmember/postgroupcreation-gotit/cta,14,CONSUMER:4725,Got it
IDENTICAL_PAIR_DIFFERENT_KEYS,P1505,cp_01M3NX229KFE9AJK6XE8Y2X0QC,deletedgroup/memberclickpn/main/cta,14,CONSUMER:4817,Got it
IDENTICAL_PAIR_DIFFERENT_KEYS,P1505,cp_01M3NX229MEA1BKFCDCXKGSQEV,memberleft/clickoldpn/main/cta,14,CONSUMER:4821,Got it
IDENTICAL_PAIR_DIFFERENT_KEYS,P1505,cp_01M3NX229MF5ZBWR1RZFMZ4REG,memberdetail/notinthegroup/main/cta,14,CONSUMER:4825,Got it
IDENTICAL_PAIR_DIFFERENT_KEYS,P1505,cp_01M3NX229QFGZ8G3XH6S9NQAW4,invite/memberalreadyinvited/main/cta,14,CONSUMER:4838,Got it
IDENTICAL_PAIR_DIFFERENT_KEYS,P1505,cp_01M3NX22A2FQ483CMREQZ0JSAC,nameviolation/users-already-left-kicked-out/main/cta,14,CONSUMER:4889,Got it
IDENTICAL_PAIR_DIFFERENT_KEYS,P1505,cp_01M3NX22ACFW1VQMKB5PR61CFB,splitbill/receiverchange/main/cta,14,CONSUMER:4924,Got it
IDENTICAL_PAIR_DIFFERENT_KEYS,P1505,cp_01M3NX22AEE4PTBH54VF6ZHT2R,addmember/invitationfull/main/cta,14,CONSUMER:4935,Got it
IDENTICAL_PAIR_DIFFERENT_KEYS,P1505,cp_01M3NX22AGFRZSBWVGHRXCVHHP,creationflow/selectmembers/toomanyselected/cta,14,CONSUMER:4941,Got it
IDENTICAL_PAIR_DIFFERENT_KEYS,P1505,cp_01M3NX22AHEM8TQ11Y2MD848RS,memberjoined/clickpn/main/cta,14,CONSUMER:4945,Got it
IDENTICAL_PAIR_DIFFERENT_KEYS,P1505,cp_01M3NX22AHFVPTXA3J8FZ24WTF,addmember/memberfull/main/cta,14,CONSUMER:4949,Got it
IDENTICAL_PAIR_DIFFERENT_KEYS,P1505,cp_01M3NX22AJE1NTDV3KRRSTQ43K,memberjoin/groupfull/main/cta,14,CONSUMER:4953,Got it
IDENTICAL_PAIR_DIFFERENT_KEYS,P1505,cp_01M3NX22AMEAKV3SC44Y62MMWC,failedtoadd/members-in-the-group-already/main/cta,14,CONSUMER:4957,Got it
IDENTICAL_PAIR_DIFFERENT_KEYS,P1505,cp_01M3NX22ANEXWTF57T6FNV1PYV,failedtoadd/somemembers/main/cta,14,CONSUMER:4961,Got it
IDENTICAL_PAIR_DIFFERENT_KEYS,P1506,cp_01M3NX2293EX6VXZ9BNDK1XKNT,confirmation/leave/main/description,2,CONSUMER:4732,Here's what changes if you leave:
IDENTICAL_PAIR_DIFFERENT_KEYS,P1506,cp_01M3NX2298EQRT168HRXNTNPPZ,confirmation/leavedelete/main/description,2,CONSUMER:4757,Here's what changes if you leave:
IDENTICAL_PAIR_DIFFERENT_KEYS,P1507,cp_01M3NX229JEZ194J975PN3HJKC,linkexpired/group-creation-flow/main/cta,2,CONSUMER:4813,"Okay, got it"
IDENTICAL_PAIR_DIFFERENT_KEYS,P1507,cp_01M3NX229RFP48ZR38KZ9379G1,groupfull/users-already-left-kicked-out/main/cta,2,CONSUMER:4842,"Okay, got it"
IDENTICAL_PAIR_DIFFERENT_KEYS,P1508,cp_01M3NX229QFZNA19ZJ9J64D5G4,groupfull/users-already-left-kicked-out/main/title,3,CONSUMER:4840,The group is full
IDENTICAL_PAIR_DIFFERENT_KEYS,P1508,cp_01M3NX22AHEE3B2X09NKMMN0PP,addmember/memberfull/main/title,3,CONSUMER:4947,The group is full
IDENTICAL_PAIR_DIFFERENT_KEYS,P1508,cp_01M3NX22AJF0CSX4670TZV5DK7,memberjoin/groupfull/main/title,3,CONSUMER:4951,The group is full
IDENTICAL_PAIR_DIFFERENT_KEYS,P1509,cp_01M3NX22AYE979FSVK79J8373Z,resultsearch/beneficiary/main/text,2,CONSUMER:5002,Account
IDENTICAL_PAIR_DIFFERENT_KEYS,P1509,cp_01M3NX22DFE4HARHRWW6P4QV9Z,settings/landingpage/accountsection/title,2,CONSUMER:5518,Account
IDENTICAL_PAIR_DIFFERENT_KEYS,P1510,cp_01M3NX22CZECGS4GZWKBS55S0W,settingspage/entrypoint/main/title,3,CONSUMER:5371,Notification preference
IDENTICAL_PAIR_DIFFERENT_KEYS,P1510,cp_01M3NX22CZFX0B9PYAZP4S4KG6,detailpage/shared/main/title,3,CONSUMER:5374,Notification preference
IDENTICAL_PAIR_DIFFERENT_KEYS,P1510,cp_01M3NX22DKEKR88598NH73033S,settings/landingpage/apppreferences-notification/title,3,CONSUMER:5549,Notification preference
IDENTICAL_PAIR_DIFFERENT_KEYS,P1511,cp_01M3NX22DGFJK82C82982TD2YY,settings/landingpage/accountsection-loginoption/title,2,CONSUMER:5523,Ways to log in to GoPay
IDENTICAL_PAIR_DIFFERENT_KEYS,P1511,cp_01M3NX22DPEZZS023YXM8KMHA9,settings/loginoptions/landingpage/title,2,CONSUMER:5561,Ways to log in to GoPay
IDENTICAL_PAIR_DIFFERENT_KEYS,P1512,cp_01M3NX22DHFTERYV98BNF2G2H7,settings/landingpage/accountsection-privacy/title,2,CONSUMER:5529,Account privacy
IDENTICAL_PAIR_DIFFERENT_KEYS,P1512,cp_01M3NX22DQED7RRYTW5Q18KHZ4,settings/privacy/privacy/title,2,CONSUMER:5569,Account privacy
IDENTICAL_PAIR_DIFFERENT_KEYS,P1513,cp_01M3NX22FQFKCT5QVXAR24P784,expensereport/budgetcreation/createnew-success/title,2,MONEY:286,Budget created
IDENTICAL_PAIR_DIFFERENT_KEYS,P1513,cp_01M3NX22FSFW4A83VYMGXP3X0R,expensereport/budgetcreation/createnew-success/toast,2,MONEY:297,Budget created
IDENTICAL_PAIR_DIFFERENT_KEYS,P1514,cp_01M3NX22FQFN8AMTYD636BT8P1,expensereport/budgetedit/editamount-success/title,2,MONEY:287,Budget adjusted
IDENTICAL_PAIR_DIFFERENT_KEYS,P1514,cp_01M3NX22FSFZ9SG01BGCJ2S7AG,expensereport/budgetedit/success/toast,2,MONEY:298,Budget adjusted
IDENTICAL_PAIR_DIFFERENT_KEYS,P1515,cp_01M3NX22K2EPSBTD8TG04CPXE7,ewallet/contactbookstates/newtransfer-header/description,2,MONEY:845,Enter phone number that's not in your contact
IDENTICAL_PAIR_DIFFERENT_KEYS,P1515,cp_01M3NX231RE2388WZY449TEHXG,envelope/oldversion/selectrecipient-outsidecontact/description,2,MONEY:3059,Enter phone number that's not in your contact
IDENTICAL_PAIR_DIFFERENT_KEYS,P1516,cp_01M3NX22K4E8G9F72W8AFKFN5R,ewallet/error/yourewallet-allewallet-cantshow/cta,2,MONEY:855,Retry
IDENTICAL_PAIR_DIFFERENT_KEYS,P1516,cp_01M3NX22N7E1RTPXTK9HZE7XY5,indomaret/sessionexpired/dialog-retry/cta,2,MONEY:1209,Retry
IDENTICAL_PAIR_DIFFERENT_KEYS,P1517,cp_01M3NX22KFEK5AJGE4KDXRZ48K,allaccount/shared/main/title,2,MONEY:913,All contacts
IDENTICAL_PAIR_DIFFERENT_KEYS,P1517,cp_01M3NX22YKECG80BAKQX42T955,accountlinking/selectcontact/allcontacts/subtitle,2,MONEY:2611,All contacts
IDENTICAL_PAIR_DIFFERENT_KEYS,P1518,cp_01M3NX22KFFWX92ZNRDC0A6287,search/newrecipient/main/title,2,MONEY:914,Transfer to new account
IDENTICAL_PAIR_DIFFERENT_KEYS,P1518,cp_01M3NX22YEEFXBM9ZHJSCH1XH0,enteraccount/shared/main/title,2,MONEY:2593,Transfer to new account
IDENTICAL_PAIR_DIFFERENT_KEYS,P1519,cp_01M3NX22N0EDM8EH5VJES3WQG1,indomaret/codegenerated/help/cta,2,MONEY:1164,Help
IDENTICAL_PAIR_DIFFERENT_KEYS,P1519,cp_01M3NX22N3FSYRY6JABDJ4KG5T,indomaret/helppage/keepreceipt-help/cta,2,MONEY:1187,Help
IDENTICAL_PAIR_DIFFERENT_KEYS,P1520,cp_01M3NX22PBE6TVGM3RER1DKC1K,norequestsplitbillhistory/history/empty/description,2,MONEY:1402,"Once you have one, you can track the status here."
IDENTICAL_PAIR_DIFFERENT_KEYS,P1520,cp_01M3NX22PNF94VRNSVXS0XZ70W,home/outgoing/empty/description,2,MONEY:1448,"Once you have one, you can track the status here."
IDENTICAL_PAIR_DIFFERENT_KEYS,P1521,cp_01M3NX22PPFSFB00M3M0ENZJWP,tocontact/selectnumber/main/title,2,MONEY:1450,Select a contact
IDENTICAL_PAIR_DIFFERENT_KEYS,P1521,cp_01M3NX23A5FC384FJHFAVAEB4K,accountlinking/autoreceipt/transfer-addbank-section/cta,2,MONEY:4285,Select a contact
IDENTICAL_PAIR_DIFFERENT_KEYS,P1522,cp_01M3NX22Q7FAF9QC44KNG6Q5XZ,home/error/failedtoload-widget/description,2,MONEY:1532,Please tap Refresh to try again.
IDENTICAL_PAIR_DIFFERENT_KEYS,P1522,cp_01M3NX22TYENVR7GY4TNH1KZHJ,home/failedtoload/history/description,2,MONEY:2056,Please tap Refresh to try again.
IDENTICAL_PAIR_DIFFERENT_KEYS,P1523,cp_01M3NX22Q7EM09CMCWQZD10D1D,home/error/failedtoload-widget/cta-referesh,2,MONEY:1533,Refresh
IDENTICAL_PAIR_DIFFERENT_KEYS,P1523,cp_01M3NX22TYEV284K8B2NT8VHSD,home/failedtoload/history-refresh/cta,2,MONEY:2057,Refresh
IDENTICAL_PAIR_DIFFERENT_KEYS,P1524,cp_01M3NX22QDE6DVFSC1NCA5G5J0,tocontact/borrower/orderdetails-reject/cta,2,MONEY:1559,Reject
IDENTICAL_PAIR_DIFFERENT_KEYS,P1524,cp_01M3NX22QFF6PTXF6594QJMBT9,tocontact/borrower/rejectionscreen-reject/cta,2,MONEY:1569,Reject
IDENTICAL_PAIR_DIFFERENT_KEYS,P1525,cp_01M3NX22TWFKRR7X1AGV77WB8G,home/failedtoload/header/description,2,MONEY:2048,Tap to refresh
IDENTICAL_PAIR_DIFFERENT_KEYS,P1525,cp_01M3NX22TXEQ8S3ZQMAC6CEN5M,home/failedtoload/pocket-refresh/cta,2,MONEY:2050,Tap to refresh
IDENTICAL_PAIR_DIFFERENT_KEYS,P1526,cp_01M3NX22YEE5NVXSEVK7HY1AYB,enteraccount/shared/main/subtitle,2,MONEY:2594,Account number
IDENTICAL_PAIR_DIFFERENT_KEYS,P1526,cp_01M3NX23ADF739S0FK9PE76Q5Y,accountlinking/autoreceipt/staticaccountpage-accountdetail/label-3,2,MONEY:4360,Account number
IDENTICAL_PAIR_DIFFERENT_KEYS,P1527,cp_01M3NX22YJFXK909C4AB058TAM,accountlinking/selectcontact/matchingcontact/subtitle,2,MONEY:2609,Matching contact
IDENTICAL_PAIR_DIFFERENT_KEYS,P1527,cp_01M3NX23A6FGH8P12KSB07K0H0,accountlinking/autoreceipt/transfer-addbank-section/title,2,MONEY:4290,Matching contact
IDENTICAL_PAIR_DIFFERENT_KEYS,P1528,cp_01M3NX22Z8FQVS4A7HZ0G45ADM,envelope/chooserecipient/main/title,2,MONEY:2712,Send THR
IDENTICAL_PAIR_DIFFERENT_KEYS,P1528,cp_01M3NX22ZAFB9T7DW92RQXD70S,envelope/enteramount/main/title,2,MONEY:2720,Send THR
IDENTICAL_PAIR_DIFFERENT_KEYS,P1529,cp_01M3NX22ZJECAS6T1VQC1GN5BS,envelope/home/sent-sentto/title,2,MONEY:2755;MONEY:3156,Sent to
IDENTICAL_PAIR_DIFFERENT_KEYS,P1529,cp_01M3NX233RFT384ZJNB5TQR8HA,envelope/assigned/home-sent-sentto/title,2,MONEY:3318,Sent to
IDENTICAL_PAIR_DIFFERENT_KEYS,P1530,cp_01M3NX22ZJE7YR3SQBF3WCC2QM,envelope/home/received-receivedfrom/title,2,MONEY:2756,Received from
IDENTICAL_PAIR_DIFFERENT_KEYS,P1530,cp_01M3NX2300FJXT6PD8XBPMY533,envelope/unopened/receivedfrom/title,2,MONEY:2807,Received from
IDENTICAL_PAIR_DIFFERENT_KEYS,P1531,cp_01M3NX22ZKF4MR35E9W916NNRT,envelope/home/sent-received-expirydate/label-2,2,MONEY:2760,Expired on
IDENTICAL_PAIR_DIFFERENT_KEYS,P1531,cp_01M3NX22ZQEPFRR5PQJG2G62P3,envelope/sentreceipt/expirydate-alreadyexpired/description,2,MONEY:2773,Expired on
IDENTICAL_PAIR_DIFFERENT_KEYS,P1532,cp_01M3NX230VFRGTSWCBBEZ3HFJS,envelope/generic/chooserecipient/title,2,MONEY:2926,Send gift
IDENTICAL_PAIR_DIFFERENT_KEYS,P1532,cp_01M3NX230YFX598JE6YHTFVH6N,envelope/generic/enteramount/title,2,MONEY:2939,Send gift
IDENTICAL_PAIR_DIFFERENT_KEYS,P1533,cp_01M3NX231PFXJVGYPNQEVD0VCJ,envelope/home/nonassigned/title,2,MONEY:3054,Send to anyone
IDENTICAL_PAIR_DIFFERENT_KEYS,P1533,cp_01M3NX231WE8SVGA34E9E09KW9,envelope/nonassigned/createenvelope/title,2,MONEY:3078,Send to anyone
IDENTICAL_PAIR_DIFFERENT_KEYS,P1534,cp_01M3NX2328E6TA50QC8619ZPBJ,envelope/nonassigned/success-details-status/text,2,MONEY:3124,0/1 has claimed
IDENTICAL_PAIR_DIFFERENT_KEYS,P1534,cp_01M3NX232HFMZR8E2KQ36020DR,envelope/home/sent-sentto-numberofclaimed/text,2,MONEY:3161,0/1 has claimed
IDENTICAL_PAIR_DIFFERENT_KEYS,P1535,cp_01M3NX232EEX28BZS8S9HQDGZ3,envelope/nonassigned/expired-details-notclaimed/description,2,MONEY:3148,That means the receiver didn't get the money.
IDENTICAL_PAIR_DIFFERENT_KEYS,P1535,cp_01M3NX232EERPTWKRK9XGE2NXE,envelope/nonassigned/canceled-details-notclaimed/description,2,MONEY:3151,That means the receiver didn't get the money.
IDENTICAL_PAIR_DIFFERENT_KEYS,P1536,cp_01M3NX232XEADRGPBF7R402RR7,envelope/assigned/search-nocontactfound-card/title,2,MONEY:3214,Couldn't find them on your contacts
IDENTICAL_PAIR_DIFFERENT_KEYS,P1536,cp_01M3NX23A9FKS8MET8DVGPTHGK,accountlinking/autoreceipt/searchpage-empty/title,2,MONEY:4331,Couldn't find them on your contacts
IDENTICAL_PAIR_DIFFERENT_KEYS,P1537,cp_01M3NX23NKERS991JNSM7Y6RZX,expensereport/tab/title-income/text,2,MONEY:5879,Income
IDENTICAL_PAIR_DIFFERENT_KEYS,P1537,cp_01M3NX23ZREGSV13BRCA4WZAJP,transactionhistory/historylistpage/monthrecap-subtitle-income/text,2,MONEY:6914,Income
IDENTICAL_PAIR_DIFFERENT_KEYS,P1538,cp_01M3NX23NMFC4TSKK50TGH1PNS,expensereport/tab/title-expense/text,2,MONEY:5880,Expense
IDENTICAL_PAIR_DIFFERENT_KEYS,P1538,cp_01M3NX23ZRF4K9HW1W55TSYBW0,transactionhistory/historylistpage/monthrecap-subtitle-expense/text,2,MONEY:6913,Expense
LEGACY_KEY_CONFLICT,gopay_accountsafety_gopayaman_home_dataprotection_description,,,1,canonical,"Your account is protected with safety features, such as PIN  / Akunmu dilindungi oleh fitur keamanan seperti PIN dan biomet"
LEGACY_KEY_CONFLICT,gopay_accountsafety_gopayaman_home_dataprotection_description,,,1,split,"Your account is protected with safety features, such as PIN, / Akunmu dilindungi oleh fitur keamanan seperti PIN, biometric"
LEGACY_KEY_CONFLICT,gopay_generic_error_dialoguecard_noconnection_description,,,2,split,Go to Settings to make sure you're connected to the internet / Cek Pengaturan buat mastiin kamu udah tersambung ke internet
LEGACY_KEY_CONFLICT,gopay_generic_error_dialoguecard_noconnection_description,,,3,canonical,"Check your internet connection on Settings or try to refresh / Cek koneksi internet kamu via Pengaturan atau coba refresh, "
LEGACY_KEY_CONFLICT,gopay_generic_error_dialoguecard_servererror_cta,,,5,canonical,Got it / Oke
LEGACY_KEY_CONFLICT,gopay_generic_error_dialoguecard_servererror_cta,,,1,split,Retry / Coba lagi
LEGACY_KEY_CONFLICT,gopay_generic_error_dialoguecard_servererror_cta,,,1,split,"Got it / Oke, ngerti"
LEGACY_KEY_CONFLICT,gopay_generic_error_dialoguecard_servererror_description,,,2,split,"Don't worry, we're working on it. Please try again after a f / Tenang, lagi kami cariin solusinya. Silakan coba lagi nanti,"
LEGACY_KEY_CONFLICT,gopay_generic_error_dialoguecard_servererror_description,,,1,split,"Don't worry, we're working on it. Please retry or wait after / Tenang, lagi kami cariin solusinya. Silakan coba lagi atau t"
LEGACY_KEY_CONFLICT,gopay_generic_error_dialoguecard_servererror_description,,,3,canonical,"Don't worry, we're fixing this. Please try again later. / Tenang, lagi kami cariin solusinya. Silakan coba lagi nanti,"
LEGACY_KEY_CONFLICT,gopay_generic_error_dialoguecard_servererror_title,,,3,canonical,There's a technical error / Ada gangguan teknis
LEGACY_KEY_CONFLICT,gopay_generic_error_dialoguecard_servererror_title,,,3,split,Something went wrong / Ada sedikit masalah
LEGACY_KEY_CONFLICT,gopay_gopaynext_copyandsharelink_cta,,,1,canonical,Copy and share invitation link / Salin dan bagiin link undangan
LEGACY_KEY_CONFLICT,gopay_gopaynext_copyandsharelink_cta,,,1,split,Copy and share intivation link / Salin dan bagiin link undangan
LEGACY_KEY_CONFLICT,gopay_mergedpayments_title,,,1,canonical,Payments --- Bills & payments / Pembayaran --- Tagihan & pembayaran
LEGACY_KEY_CONFLICT,gopay_mergedpayments_title,,,1,split,Payments / Pembayaran
LEGACY_KEY_CONFLICT,gopay_parking_dialoguecard_vendorerror_description,,,1,canonical,"Some issues occurred on the parking vendor side. Please try  / Lagi ada kendala dari sisi penyedia layanan parkir, nih. Sil"
LEGACY_KEY_CONFLICT,gopay_parking_dialoguecard_vendorerror_description,,,1,split,There’s a technical error happening on their side. Please tr / Kami gak bisa terhubung dengan mereka sekarang. Silakan coba
LEGACY_KEY_CONFLICT,gopay_parking_dialoguecard_vendorerror_title,,,1,canonical,There's a technical error / Ada gangguan teknis
LEGACY_KEY_CONFLICT,gopay_parking_dialoguecard_vendorerror_title,,,1,split,Couldn’t connect to parking vendor / Layanan parkir sedang terkendala
LEGACY_KEY_CONFLICT,gopay_parking_entrytime_title,,,1,canonical,Entry time / Waktu masuk
LEGACY_KEY_CONFLICT,gopay_parking_entrytime_title,,,1,split,Entry time / 
LEGACY_KEY_CONFLICT,gopay_parking_landing_nonearbyarea_cta,,,1,canonical,Check nearest parking area here / Cek area parkir terdekat di sini
LEGACY_KEY_CONFLICT,gopay_parking_landing_nonearbyarea_cta,,,1,split,Check supported parking areas here / Cek area parkir yang didukung di sini
LEGACY_KEY_CONFLICT,gopay_payment_successscreen_redirectiondescription,,,1,canonical,You'll be redirected to merchant's page in {n} second. --- Y / Kamu bakal diarahin ke halaman merchant dalam {n} detik.
LEGACY_KEY_CONFLICT,gopay_payment_successscreen_redirectiondescription,,,1,split,You'll be redirected to merchant's page in {n} second. --- Y / Kamu bakal diarahin ke halaman rekan usaha dalam {n} detik.
LEGACY_KEY_CONFLICT,gopay_paymentwidget_paymentdetails_paywithmethod,,,1,canonical,Pay with GoPay Coins / Bayar pake GoPay Coins
LEGACY_KEY_CONFLICT,gopay_paymentwidget_paymentdetails_paywithmethod,,,1,split,Pay with GoPay Later / Bayar pake GoPay Later
LEGACY_KEY_CONFLICT,gopay_promo_reminder_cta,,,1,canonical,Notify me when started / Ingetin kalau udah mulai
LEGACY_KEY_CONFLICT,gopay_promo_reminder_cta,,,1,split,Notify me when started / Ingetin kalo udah mulai
LEGACY_KEY_CONFLICT,gopay_promotion_merchantdistance,,,4,canonical,{distance} km away / {distance} km
LEGACY_KEY_CONFLICT,gopay_promotion_merchantdistance,,,1,split,{unresolved} km away / {unresolved} km
LEGACY_KEY_CONFLICT,gopay_promotion_promo_title,,,1,split,{voucher_name} / {voucher_name}
LEGACY_KEY_CONFLICT,gopay_promotion_promo_title,,,5,canonical,{promo_title} / {promo_title}
LEGACY_KEY_CONFLICT,gopay_promotion_promodescription_minspending_info,,,1,split,Min. spend {min_spend}k / Min. pembayaran {min_spend}rb
LEGACY_KEY_CONFLICT,gopay_promotion_promodescription_minspending_info,,,2,canonical,Min. spend {amount}k / Min. pembayaran {amount}rb
LEGACY_KEY_CONFLICT,gopay_promotion_promolisting_availability_daysleft,,,1,canonical,{remaining_day} days left / Sisa {remaining_day} hari
LEGACY_KEY_CONFLICT,gopay_promotion_promolisting_availability_daysleft,,,1,split,{count} days left / Sisa {count} hari
LEGACY_KEY_CONFLICT,gopay_promotion_voucherpacks_nopurchasedpack_cta,,,1,canonical,Let's go! / Cek promo lain
LEGACY_KEY_CONFLICT,gopay_promotion_voucherpacks_nopurchasedpack_cta,,,1,split,Let's go! / Eksplor
LEGACY_KEY_CONFLICT,gopay_promotion_widget_paymentscreen_availablepromo_title,,,1,canonical,{available_promo} promo available / {available_promo} promo tersedia
LEGACY_KEY_CONFLICT,gopay_promotion_widget_paymentscreen_availablepromo_title,,,1,split,{n} promo available --- {n} promos available / {n} promo tersedia
LEGACY_KEY_CONFLICT,gopay_promotion_widget_paymentscreen_refresh,,,1,split,Refresh / Refresh
LEGACY_KEY_CONFLICT,gopay_promotion_widget_paymentscreen_refresh,,,2,canonical,Tap refresh / Klik refresh
LEGACY_KEY_CONFLICT,gopay_promotion_widget_promolisting_inapplicablepromo_missedminspending,,,1,canonical,Add Rp{amount} to use this promo. / Tambah Rp{amount} buat pakai promo ini.
LEGACY_KEY_CONFLICT,gopay_promotion_widget_promolisting_inapplicablepromo_missedminspending,,,1,split,Add Rp{amount} excluding Coins to use this promo. / Tambah Rp{amount} di luar Coins buat pakai promo ini.
LEGACY_KEY_CONFLICT,gopay_regionallaunch_waitlist_drawer_description,,,1,canonical,{amount} people are using GoPay in your city. Join them now. / 
LEGACY_KEY_CONFLICT,gopay_regionallaunch_waitlist_drawer_description,,,1,split,"We have a full house now, but we'll let you know when you ge / Slot untuk coba app GoPay masih penuh. Nanti kami kabarin be"
LEGACY_KEY_CONFLICT,gopay_regionallaunch_waitlist_drawer_invitefriends_title,,,1,canonical,OR / 
LEGACY_KEY_CONFLICT,gopay_regionallaunch_waitlist_drawer_invitefriends_title,,,1,split,Invite your friends! / Ajak temenmu!
LEGACY_KEY_CONFLICT,gopay_regionallaunch_waitlist_drawer_title,,,1,canonical,"Good news, GoPay is live in {city}! / "
LEGACY_KEY_CONFLICT,gopay_regionallaunch_waitlist_drawer_title,,,1,split,You're added to the waitlist / Kamu udah masuk dalam antrian
LEGACY_KEY_CONFLICT,gopay_regionallaunch_waitlist_locationaccess_drawer_card_descripton,,,1,canonical,"Continue with your Gojek phone number to log in. Or, sign up / "
LEGACY_KEY_CONFLICT,gopay_regionallaunch_waitlist_locationaccess_drawer_card_descripton,,,1,split,"If you're in the selected city, we'll give you a chance to g / Kalau kamu di kota terpilih, kamu berkesempatan dapet akses "
LEGACY_KEY_CONFLICT,gopay_regionallaunch_waitlist_locationaccess_drawer_card_title,,,1,canonical,Let's get started! 🙌 / 
LEGACY_KEY_CONFLICT,gopay_regionallaunch_waitlist_locationaccess_drawer_card_title,,,1,split,Allow GoPay to access your location / GoPay butuh akses lokasimu
LEGACY_KEY_CONFLICT,gopay_regionallaunch_waitlist_notificationaccess_drawer_card_description,,,1,canonical,"By continuing, you agree to our Terms & Conditions and Priva / "
LEGACY_KEY_CONFLICT,gopay_regionallaunch_waitlist_notificationaccess_drawer_card_description,,,1,split,Enable notifications so you won’t miss it when you get the a / Biar kamu gak ketinggalan info begitu dapet akses.
LEGACY_KEY_CONFLICT,gopay_regionallaunch_waitlist_notificationaccess_drawer_card_title,,,1,canonical,{name} {phone_number} / 
LEGACY_KEY_CONFLICT,gopay_regionallaunch_waitlist_notificationaccess_drawer_card_title,,,1,split,"Let us notify you / Nyalain notifikasinya, yuk"
LEGACY_KEY_CONFLICT,gopay_skyparking_date,,,1,canonical,12 Agu 2022 / 12 Agu 2022
LEGACY_KEY_CONFLICT,gopay_skyparking_date,,,1,split,{dd_mmm_yyy} 12 Aug 2022 / {dd_mmm_yyy} e.g.:12 Agu 2022
LEGACY_KEY_CONFLICT,gopay_skyparking_fee,,,1,canonical,Rp{fee} / Rp{fee}
LEGACY_KEY_CONFLICT,gopay_skyparking_fee,,,1,split,Rp{amount} / Rp{amount}
LEGACY_KEY_CONFLICT,gopay_skyparking_graceperiod_info,,,1,canonical,"After completing the payment, please exit within {n} minutes / Setelah selesai transaksi, silakan keluar area parkir dalam "
LEGACY_KEY_CONFLICT,gopay_skyparking_graceperiod_info,,,1,split,"After completing the payment, please exit within {n} minute. / Setelah selesai transaksi, silakan keluar area parkir dalam "
LEGACY_KEY_CONFLICT,gopay_skyparking_parkingduration,,,1,canonical,{n} hour {n} min / {n} jam {n} min
LEGACY_KEY_CONFLICT,gopay_skyparking_parkingduration,,,1,split,{h}hour {m}min / {h} jam {m} min
LEGACY_KEY_CONFLICT,gopay_skyparking_parkingduration_title,,,1,canonical,Duration / Durasi
LEGACY_KEY_CONFLICT,gopay_skyparking_parkingduration_title,,,1,split,Parking duration / Durasi parkir
LEGACY_KEY_CONFLICT,gopay_splitbill_addimage_placeholder,,,1,canonical,Add split bill image / Upload foto patungan
LEGACY_KEY_CONFLICT,gopay_splitbill_addimage_placeholder,,,1,split,Add split bill image / Masukkin foto patungan
LEGACY_KEY_CONFLICT,gopay_splitbill_applychanges_cta,,,1,canonical,Apply changes / Konfirmasi
LEGACY_KEY_CONFLICT,gopay_splitbill_applychanges_cta,,,1,split,Apply changes / Konfirmasi perubahan
LEGACY_KEY_CONFLICT,gopay_splitbill_details_title,,,1,split,Split bill details / Rincian patungan
LEGACY_KEY_CONFLICT,gopay_splitbill_details_title,,,2,canonical,Split bill details / Rincian split bill
LEGACY_KEY_CONFLICT,gopay_splitbill_emptytobepaid_description,,,1,canonical,"Once you have a split bill request, you can find it here. / Kalau udah ada, nanti kamu bisa cek di sini."
LEGACY_KEY_CONFLICT,gopay_splitbill_emptytobepaid_description,,,1,split,"Once you have a split bill to be paid, you can find it here. / Kalau udah ada, nanti kamu bisa cek di sini."
LEGACY_KEY_CONFLICT,gopay_splitbill_norequestsplitbillhistory_description,,,1,canonical,"When you have one, find your latest payment & split bill req / Kalo udah ada, nanti kamu bisa cek daftarnya di sini!"
LEGACY_KEY_CONFLICT,gopay_splitbill_norequestsplitbillhistory_description,,,1,split,"Once you have one, you can track the status here. / Kalau udah ada, nanti kamu bisa pantau statusnya di sini."
LEGACY_KEY_CONFLICT,gopay_splitbill_norequestsplitbillhistory_title,,,1,canonical,No request & split bill yet / Belum ada riwayat
LEGACY_KEY_CONFLICT,gopay_splitbill_norequestsplitbillhistory_title,,,1,split,No split bill yet / Belum ada riwayat patungan
LEGACY_KEY_CONFLICT,gopay_splitbill_pushnotif_splitbillrequest_description,,,1,canonical,Tap here to pay Rp{amount} for your part of {split_bill_name / Klik di sini untuk bayar Rp{amount} buat {split_bill_name}.
LEGACY_KEY_CONFLICT,gopay_splitbill_pushnotif_splitbillrequest_description,,,1,split,Tap here to pay Rp{amount} for your part of {split_bill_name / Klik di sini buat bayar Rp{amount} ke patungan {split_bill_n
LEGACY_KEY_CONFLICT,gopay_splitbill_pushnotif_splitbillrequest_title,,,1,canonical,{lender} sent you a split bill request / {lender} ngirimin permintaan split bill
LEGACY_KEY_CONFLICT,gopay_splitbill_pushnotif_splitbillrequest_title,,,1,split,{lender} sent you a split bill request / {lender} ngirimin permintaan patungan
LEGACY_KEY_CONFLICT,gopay_splitbill_rejectdialogue_description,,,1,canonical,"Once rejected, you can't undo your decision. You can also sh / Kalo udah ditolak, nanti gak bisa dibatalin lagi. Kamu bisa "
LEGACY_KEY_CONFLICT,gopay_splitbill_rejectdialogue_description,,,1,split,"Once rejected, you can’t undo your decision and you won’t be / Kalo udah ditolak, kamu gak bisa batalin keputusanmu dan per"
LEGACY_KEY_CONFLICT,gopay_splitbill_rejectdialogue_title,,,1,canonical,Reject this recurring request? / Tolak permintaan split bill ini?
LEGACY_KEY_CONFLICT,gopay_splitbill_rejectdialogue_title,,,1,split,Reject this payment request? / Tolak permintaan pembayaran ini?
LEGACY_KEY_CONFLICT,gopay_splitbill_requestandsplitbillhistory_title,,,1,canonical,Recent request & split bill / Penagihan & patungan terakhir
LEGACY_KEY_CONFLICT,gopay_splitbill_requestandsplitbillhistory_title,,,1,split,Recent split bills / Patungan terakhir
LEGACY_KEY_CONFLICT,gopay_splitbill_weeklylimitdialogue_title,,,1,canonical,You’ve reached the weekly limit / Udah mentok batas mingguan
LEGACY_KEY_CONFLICT,gopay_splitbill_weeklylimitdialogue_title,,,1,split,You can only create max. {unresolved} split bills per week.  / Kamu cuma bisa bikin maks. {unresolved} split bill per mingg
LEGACY_KEY_CONFLICT,gopay_splitbill_you_identifier,,,2,canonical,You / Kamu
LEGACY_KEY_CONFLICT,gopay_splitbill_you_identifier,,,1,split,{name} (You) / {name} (Kamu)
LEGACY_KEY_CONFLICT,gopay_topup_revamp_home_instant_description,,,1,canonical,Link your bank account to top up from GoPay app / Hubungkan kartu debitmu dan top up dari app GoPay
LEGACY_KEY_CONFLICT,gopay_topup_revamp_home_instant_description,,,1,split,Free top up via Virtual Account once you upgrade to Tabungan / Gratis lewat Virtual Account setelah upgrade ke Tabungan
LEGACY_KEY_CONFLICT,gopay_topup_revamp_home_instant_title,,,1,canonical,Add your bank account / Tambah akun bank
LEGACY_KEY_CONFLICT,gopay_topup_revamp_home_instant_title,,,1,split,FREE on GoPay app / GRATIS di app GoPay
LEGACY_KEY_CONFLICT,gopay_topup_revamp_home_saving_banktransfer_description,,,1,canonical,Top up your Tabungan by transferring directly to Jago bank a / Top up Tabungan dengan langsung transfer ke rekening Jago.
LEGACY_KEY_CONFLICT,gopay_topup_revamp_home_saving_banktransfer_description,,,1,split,Top up your Tabungan for FREE. See the full tutorial below. / Top up Tabungan-mu GRATIS! Cek caranya di bawah ini.
LEGACY_KEY_CONFLICT,gopay_unifiedtransfer_accountlinking_error_failedtosave_dialoguecard_title,,,1,canonical,Couldn't save this contact / Gak bisa simpan akun ini
LEGACY_KEY_CONFLICT,gopay_unifiedtransfer_accountlinking_error_failedtosave_dialoguecard_title,,,1,split,"Don't worry, we're working on it. Please try again. / Tenang, lagi kami cariin solusinya. Silakan coba lagi, ya."
LEGACY_KEY_CONFLICT,gopay_unifiedtransfer_envelope_note_dialoguecard_title,,,2,canonical,Send wishes for Faiz / Kirim ucapan ke Faiz
LEGACY_KEY_CONFLICT,gopay_unifiedtransfer_envelope_note_dialoguecard_title,,,1,split,Send wishes for {name} / Kirim ke {name}
LEGACY_KEY_CONFLICT,gopay_withdrawal_reviewpayment_withdrawalamount,,,1,canonical,Withdrawal amount / Jumlah penarikan
LEGACY_KEY_CONFLICT,gopay_withdrawal_reviewpayment_withdrawalamount,,,1,split,Witdrawal amount / Jumlah penarikan
